*******************************************
***COMSOL 6.2.0.290 progress output file***
*******************************************
Sat Sep 26 11:04:31 CST 2026
COMSOL Multiphysics 6.2 (开发版本: 290) 在批处理模式下启动
正在运行: C:\Users\zq257\Documents\Codex\2026-09-25\jin\work\Q2TwistFinalize.class
           当前进度:   9 % - 自由三角形网格
Memory: 641/641 655/655
顶点单元数：666
边界单元数：7554
---------  当前进度:  95 % - 提高单元质量
Memory: 675/675 689/689
单元数：70498
---------- 当前进度: 100 % - 正在定型网格
Memory: 580/675 592/689
最小单元质量：0.4384
<---- 200 kHz: naturally distributed strand currents/解 1 (sol1) 中的“编译方程: 频域” ---
开始于 2026年9月26日 上午11:04:45。
几何形函数: 二次拉格朗日单元
在 Intel64 Family 6 Model 183 Stepping 1, GenuineIntel 上运行。
在以下位置使用 1 个插槽： MIST 上（共 4 个内核）。
可用内存：16.11 GB。
           当前进度:   1 % - 编译方程: 频域
Memory: 801/814 815/829
时间：1。
物理内存: 801 MB
虚拟内存: 815 MB
结束时间：2026年9月26日 上午11:04:47。
----- 200 kHz: naturally distributed strand currents/解 1 (sol1) 中的“编译方程: 频域” -->
<---- 200 kHz: naturally distributed strand currents/解 1 (sol1) 中的“因变量 1” ------
开始于 2026年9月26日 上午11:04:47。
           当前进度:   1 % - 因变量 1
Memory: 816/848 827/859
求解时间：0 s。
物理内存: 816 MB
虚拟内存: 827 MB
结束时间：2026年9月26日 上午11:04:47。
----- 200 kHz: naturally distributed strand currents/解 1 (sol1) 中的“因变量 1” ----->
<---- 200 kHz: naturally distributed strand currents/解 1 (sol1) 中的“稳态求解器 1” ----
开始于 2026年9月26日 上午11:04:47。
线性求解器
           当前进度:   2 % - 稳态求解器 1
Memory: 820/848 828/859
求解的自由度数：493567。
-          当前进度:  15 % - 组装稀疏模式
Memory: 971/988 978/998
--         当前进度:  29 % - 组装矩阵
Memory: 1108/1216 1115/1226
找到对称矩阵。
缩放因变量：
磁矢势 (comp1.A): 0.0001
已使用正交零空间函数。
---        当前进度:  31 % - 约束处理
Memory: 1103/1264 1114/1272
---        当前进度:  31 % - 预处理
Memory: 1282/1282 1391/1391
Iter      SolEst     Damping    Stepsize #Res #Jac #Sol LinIt   LinErr   LinRes
-------    当前进度:  71 % - 求解线性方程组
Memory: 2035/2062 2274/2299
   1        0.33   1.0000000        0.33    1    1    1     1  1.1e-10  5.4e-12
---------- 当前进度: 100 % - 求解线性方程组
Memory: 826/2071 913/2314
求解时间：7 s。
物理内存: 2.07 GB
虚拟内存: 2.31 GB
结束时间：2026年9月26日 上午11:04:53。
----- 200 kHz: naturally distributed strand currents/解 1 (sol1) 中的“稳态求解器 1” --->
<---- 200 kHz: naturally distributed strand currents/解 1 (sol1) 中的“编译方程: 频域” ---
开始于 2026年9月26日 上午11:04:53。
几何形函数: 二次拉格朗日单元
在 Intel64 Family 6 Model 183 Stepping 1, GenuineIntel 上运行。
在以下位置使用 1 个插槽： MIST 上（共 4 个内核）。
可用内存：16.11 GB。
           当前进度:   1 % - 编译方程: 频域
Memory: 829/2071 913/2314
时间：1。
物理内存: 839 MB
虚拟内存: 922 MB
结束时间：2026年9月26日 上午11:04:54。
----- 200 kHz: naturally distributed strand currents/解 1 (sol1) 中的“编译方程: 频域” -->
<---- 200 kHz: naturally distributed strand currents/解 1 (sol1) 中的“因变量 1” ------
开始于 2026年9月26日 上午11:04:54。
           当前进度:   1 % - 因变量 1
Memory: 853/2071 936/2314
求解时间：0 s。
物理内存: 853 MB
虚拟内存: 936 MB
结束时间：2026年9月26日 上午11:04:54。
----- 200 kHz: naturally distributed strand currents/解 1 (sol1) 中的“因变量 1” ----->
<---- 200 kHz: naturally distributed strand currents/解 1 (sol1) 中的“稳态求解器 1” ----
开始于 2026年9月26日 上午11:04:54。
线性求解器
求解的自由度数：493567。
-          当前进度:  12 % - 组装矩阵
Memory: 883/2071 967/2314
-          当前进度:  15 % - 组装稀疏模式
Memory: 1044/2071 1130/2314
---        当前进度:  30 % - 组装矩阵
Memory: 1180/2071 1264/2314
找到对称矩阵。
缩放因变量：
磁矢势 (comp1.A): 0.0001
---        当前进度:  31 % - 约束处理
Memory: 1144/2071 1237/2314
已使用正交零空间函数。
---        当前进度:  31 % - 预处理
Memory: 1302/2071 1521/2314
Iter      SolEst     Damping    Stepsize #Res #Jac #Sol LinIt   LinErr   LinRes
-------    当前进度:  71 % - 求解线性方程组
Memory: 2020/2071 2256/2351
   1        0.71   1.0000000        0.71    1    1    1     1  3.3e-11  1.7e-12
---------- 当前进度: 100 % - 求解线性方程组
Memory: 785/2071 868/2351
求解时间：6 s。
物理内存: 2.06 GB
虚拟内存: 2.34 GB
结束时间：2026年9月26日 上午11:05:01。
----- 200 kHz: naturally distributed strand currents/解 1 (sol1) 中的“稳态求解器 1” --->
           当前进度:   9 % - 自由三角形网格
Memory: 746/2071 835/2351
顶点单元数：666
边界单元数：7554
---------  当前进度:  95 % - 提高单元质量
Memory: 780/2071 869/2351
单元数：71172
最小单元质量：0.4384
---------- 当前进度: 100 % - 正在定型网格
Memory: 720/2071 804/2351
<---- 200 kHz: naturally distributed strand currents/解 1 (sol1) 中的“编译方程: 频域” ---
开始于 2026年9月26日 上午11:05:08。
几何形函数: 二次拉格朗日单元
在 Intel64 Family 6 Model 183 Stepping 1, GenuineIntel 上运行。
在以下位置使用 1 个插槽： MIST 上（共 4 个内核）。
可用内存：16.11 GB。
           当前进度:   1 % - 编译方程: 频域
Memory: 825/2071 909/2351
时间：1。
物理内存: 826 MB
虚拟内存: 909 MB
结束时间：2026年9月26日 上午11:05:09。
----- 200 kHz: naturally distributed strand currents/解 1 (sol1) 中的“编译方程: 频域” -->
<---- 200 kHz: naturally distributed strand currents/解 1 (sol1) 中的“因变量 1” ------
开始于 2026年9月26日 上午11:05:09。
           当前进度:   1 % - 因变量 1
Memory: 847/2071 930/2351
求解时间：0 s。
物理内存: 847 MB
虚拟内存: 930 MB
结束时间：2026年9月26日 上午11:05:09。
----- 200 kHz: naturally distributed strand currents/解 1 (sol1) 中的“因变量 1” ----->
<---- 200 kHz: naturally distributed strand currents/解 1 (sol1) 中的“稳态求解器 1” ----
开始于 2026年9月26日 上午11:05:09。
线性求解器
求解的自由度数：498285。
-          当前进度:  12 % - 组装矩阵
Memory: 910/2071 993/2351
-          当前进度:  16 % - 组装稀疏模式
Memory: 1068/2071 1152/2351
---        当前进度:  31 % - 组装矩阵
Memory: 1151/2071 1235/2351
找到对称矩阵。
缩放因变量：
磁矢势 (comp1.A): 0.0001
已使用正交零空间函数。
---        当前进度:  31 % - 约束处理
Memory: 1295/2071 1379/2351
---        当前进度:  31 % - 预处理
Memory: 1413/2071 1547/2351
Iter      SolEst     Damping    Stepsize #Res #Jac #Sol LinIt   LinErr   LinRes
-------    当前进度:  71 % - 求解线性方程组
Memory: 2094/2103 2336/2354
   1        0.35   1.0000000        0.35    1    1    1     1  1.1e-10  5.6e-12
---------- 当前进度: 100 % - 求解线性方程组
Memory: 793/2113 876/2359
求解时间：6 s。
物理内存: 2.11 GB
虚拟内存: 2.36 GB
结束时间：2026年9月26日 上午11:05:16。
----- 200 kHz: naturally distributed strand currents/解 1 (sol1) 中的“稳态求解器 1” --->
<---- 200 kHz: naturally distributed strand currents/解 1 (sol1) 中的“编译方程: 频域” ---
开始于 2026年9月26日 上午11:05:16。
几何形函数: 二次拉格朗日单元
在 Intel64 Family 6 Model 183 Stepping 1, GenuineIntel 上运行。
在以下位置使用 1 个插槽： MIST 上（共 4 个内核）。
可用内存：16.11 GB。
           当前进度:   1 % - 编译方程: 频域
Memory: 853/2113 936/2359
时间：1。
物理内存: 853 MB
虚拟内存: 936 MB
结束时间：2026年9月26日 上午11:05:17。
----- 200 kHz: naturally distributed strand currents/解 1 (sol1) 中的“编译方程: 频域” -->
<---- 200 kHz: naturally distributed strand currents/解 1 (sol1) 中的“因变量 1” ------
开始于 2026年9月26日 上午11:05:17。
           当前进度:   1 % - 因变量 1
Memory: 871/2113 955/2359
求解时间：0 s。
物理内存: 871 MB
虚拟内存: 955 MB
结束时间：2026年9月26日 上午11:05:17。
----- 200 kHz: naturally distributed strand currents/解 1 (sol1) 中的“因变量 1” ----->
<---- 200 kHz: naturally distributed strand currents/解 1 (sol1) 中的“稳态求解器 1” ----
开始于 2026年9月26日 上午11:05:17。
线性求解器
求解的自由度数：498285。
-          当前进度:  12 % - 组装矩阵
Memory: 917/2113 1009/2359
-          当前进度:  15 % - 组装稀疏模式
Memory: 1055/2113 1172/2359
--         当前进度:  29 % - 组装矩阵
Memory: 1188/2113 1272/2359
找到对称矩阵。
缩放因变量：
磁矢势 (comp1.A): 0.0001
已使用正交零空间函数。
---        当前进度:  31 % - 约束处理
Memory: 1190/2113 1276/2359
---        当前进度:  31 % - 预处理
Memory: 1350/2113 1547/2359
Iter      SolEst     Damping    Stepsize #Res #Jac #Sol LinIt   LinErr   LinRes
-------    当前进度:  71 % - 求解线性方程组
Memory: 2089/2118 2333/2359
   1        0.73   1.0000000        0.73    1    1    1     1  8.3e-11  4.1e-12
---------- 当前进度: 100 % - 求解线性方程组
Memory: 848/2126 937/2374
求解时间：6 s。
物理内存: 2.13 GB
虚拟内存: 2.37 GB
结束时间：2026年9月26日 上午11:05:23。
----- 200 kHz: naturally distributed strand currents/解 1 (sol1) 中的“稳态求解器 1” --->
           当前进度:   9 % - 自由三角形网格
Memory: 757/2126 841/2374
顶点单元数：666
边界单元数：8658
---------  当前进度:  95 % - 提高单元质量
Memory: 778/2126 868/2374
单元数：94358
最小单元质量：0.4619
---------- 当前进度: 100 % - 正在定型网格
Memory: 754/2126 844/2374
<---- 200 kHz: naturally distributed strand currents/解 1 (sol1) 中的“编译方程: 频域” ---
开始于 2026年9月26日 上午11:05:30。
几何形函数: 二次拉格朗日单元
在 Intel64 Family 6 Model 183 Stepping 1, GenuineIntel 上运行。
在以下位置使用 1 个插槽： MIST 上（共 4 个内核）。
可用内存：16.11 GB。
           当前进度:   1 % - 编译方程: 频域
Memory: 855/2126 940/2374
时间：1。
物理内存: 855 MB
虚拟内存: 940 MB
结束时间：2026年9月26日 上午11:05:31。
----- 200 kHz: naturally distributed strand currents/解 1 (sol1) 中的“编译方程: 频域” -->
<---- 200 kHz: naturally distributed strand currents/解 1 (sol1) 中的“因变量 1” ------
开始于 2026年9月26日 上午11:05:31。
           当前进度:   1 % - 因变量 1
Memory: 863/2126 946/2374
求解时间：0 s。
物理内存: 863 MB
虚拟内存: 946 MB
结束时间：2026年9月26日 上午11:05:31。
----- 200 kHz: naturally distributed strand currents/解 1 (sol1) 中的“因变量 1” ----->
<---- 200 kHz: naturally distributed strand currents/解 1 (sol1) 中的“稳态求解器 1” ----
开始于 2026年9月26日 上午11:05:31。
           当前进度:   2 % - 稳态求解器 1
Memory: 910/2126 995/2374
线性求解器
求解的自由度数：660587。
-          当前进度:  14 % - 组装稀疏模式
Memory: 1028/2126 1110/2374
-          当前进度:  16 % - 组装矩阵
Memory: 1399/2126 1492/2374
--         当前进度:  26 % - 组装矩阵
Memory: 1286/2126 1369/2374
---        当前进度:  31 % - 
Memory: 1306/2126 1389/2374
找到对称矩阵。
缩放因变量：
磁矢势 (comp1.A): 0.0001
已使用正交零空间函数。
---        当前进度:  31 % - 预处理
Memory: 1169/2126 1252/2374
Iter      SolEst     Damping    Stepsize #Res #Jac #Sol LinIt   LinErr   LinRes
-------    当前进度:  71 % - 求解线性方程组
Memory: 2476/2533 2758/2814
---------- 当前进度: 100 % - 求解线性方程组
Memory: 2475/2538 2760/2829
   1        0.25   1.0000000        0.25    1    1    1     1  5.5e-11  2.7e-12
求解时间：8 s。
物理内存: 2.54 GB
虚拟内存: 2.82 GB
结束时间：2026年9月26日 上午11:05:39。
----- 200 kHz: naturally distributed strand currents/解 1 (sol1) 中的“稳态求解器 1” --->
<---- 200 kHz: naturally distributed strand currents/解 1 (sol1) 中的“编译方程: 频域” ---
开始于 2026年9月26日 上午11:05:39。
几何形函数: 二次拉格朗日单元
在 Intel64 Family 6 Model 183 Stepping 1, GenuineIntel 上运行。
在以下位置使用 1 个插槽： MIST 上（共 4 个内核）。
可用内存：16.11 GB。
           当前进度:   1 % - 编译方程: 频域
Memory: 853/2538 936/2829
时间：1。
物理内存: 855 MB
虚拟内存: 945 MB
结束时间：2026年9月26日 上午11:05:40。
----- 200 kHz: naturally distributed strand currents/解 1 (sol1) 中的“编译方程: 频域” -->
<---- 200 kHz: naturally distributed strand currents/解 1 (sol1) 中的“因变量 1” ------
开始于 2026年9月26日 上午11:05:40。
           当前进度:   1 % - 因变量 1
Memory: 882/2538 965/2829
求解时间：0 s。
物理内存: 882 MB
虚拟内存: 965 MB
结束时间：2026年9月26日 上午11:05:40。
----- 200 kHz: naturally distributed strand currents/解 1 (sol1) 中的“因变量 1” ----->
<---- 200 kHz: naturally distributed strand currents/解 1 (sol1) 中的“稳态求解器 1” ----
开始于 2026年9月26日 上午11:05:40。
           当前进度:   2 % - 稳态求解器 1
Memory: 933/2538 1018/2829
线性求解器
求解的自由度数：660587。
-          当前进度:  16 % - 组装稀疏模式
Memory: 1031/2538 1115/2829
--         当前进度:  21 % - 组装矩阵
Memory: 1426/2538 1510/2829
---        当前进度:  31 % - 组装矩阵
Memory: 1304/2538 1387/2829
---        当前进度:  31 % - 
Memory: 1360/2538 1463/2829
找到对称矩阵。
缩放因变量：
磁矢势 (comp1.A): 0.0001
已使用正交零空间函数。
---        当前进度:  31 % - 预处理
Memory: 1183/2538 1267/2829
Iter      SolEst     Damping    Stepsize #Res #Jac #Sol LinIt   LinErr   LinRes
-------    当前进度:  71 % - 求解线性方程组
Memory: 2514/2551 2799/2831
   1        0.68   1.0000000        0.68    1    1    1     1  5.9e-11    3e-12
---------- 当前进度: 100 % - 求解线性方程组
Memory: 880/2556 969/2846
求解时间：8 s。
物理内存: 2.56 GB
虚拟内存: 2.84 GB
结束时间：2026年9月26日 上午11:05:49。
----- 200 kHz: naturally distributed strand currents/解 1 (sol1) 中的“稳态求解器 1” --->
           当前进度:   0 % - 绘制
Memory: 886/2556 973/2846
           当前进度:   7 % - 计算
-          当前进度:  10 % - 绘制
Memory: 889/2556 976/2846
--------   当前进度:  85 % - 计算
Memory: 906/2556 991/2846
           当前进度:   0 % - 绘制
Memory: 927/2556 1003/2846
           当前进度:   7 % - 计算
Memory: 941/2556 1016/2846
-          当前进度:  10 % - 绘制
Memory: 947/2556 1022/2846
--------   当前进度:  85 % - 计算
Memory: 959/2556 1028/2846
---        当前进度:  30 % - 生成图像
Memory: 1046/2556 1128/2846
           当前进度:   0 % - 圆
Memory: 1034/2556 1114/2846
           当前进度:   0 % - 参数化曲线 1
Memory: 1035/2556 1114/2846
           当前进度:   0 % - 转换为实体 1
           当前进度:   0 % - 参数化曲线 2
Memory: 1032/2556 1110/2846
           当前进度:   0 % - 转换为实体 2
           当前进度:   1 % - 参数化曲线 3
           当前进度:   1 % - 转换为实体 3
           当前进度:   1 % - 参数化曲线 4
           当前进度:   1 % - 转换为实体 4
           当前进度:   1 % - 参数化曲线 5
           当前进度:   1 % - 转换为实体 5
           当前进度:   2 % - 参数化曲线 6
           当前进度:   2 % - 转换为实体 6
           当前进度:   2 % - 参数化曲线 7
           当前进度:   2 % - 转换为实体 7
           当前进度:   2 % - 参数化曲线 8
           当前进度:   2 % - 转换为实体 8
           当前进度:   2 % - 参数化曲线 9
           当前进度:   2 % - 转换为实体 9
           当前进度:   3 % - 参数化曲线 10
           当前进度:   3 % - 转换为实体 10
           当前进度:   3 % - 参数化曲线 11
           当前进度:   3 % - 转换为实体 11
           当前进度:   3 % - 参数化曲线 12
           当前进度:   3 % - 转换为实体 12
           当前进度:   4 % - 参数化曲线 13
           当前进度:   4 % - 转换为实体 13
           当前进度:   4 % - 参数化曲线 14
           当前进度:   4 % - 转换为实体 14
           当前进度:   4 % - 参数化曲线 15
           当前进度:   4 % - 转换为实体 15
           当前进度:   5 % - 参数化曲线 16
           当前进度:   5 % - 转换为实体 16
           当前进度:   5 % - 参数化曲线 17
           当前进度:   5 % - 转换为实体 17
           当前进度:   5 % - 参数化曲线 18
           当前进度:   5 % - 转换为实体 18
           当前进度:   5 % - 参数化曲线 19
           当前进度:   5 % - 转换为实体 19
           当前进度:   6 % - 参数化曲线 20
           当前进度:   6 % - 转换为实体 20
           当前进度:   6 % - 参数化曲线 21
           当前进度:   6 % - 转换为实体 21
           当前进度:   6 % - 参数化曲线 22
           当前进度:   6 % - 转换为实体 22
           当前进度:   7 % - 参数化曲线 23
           当前进度:   7 % - 转换为实体 23
           当前进度:   7 % - 参数化曲线 24
           当前进度:   7 % - 转换为实体 24
           当前进度:   7 % - 参数化曲线 25
           当前进度:   7 % - 转换为实体 25
           当前进度:   8 % - 参数化曲线 26
           当前进度:   8 % - 转换为实体 26
           当前进度:   8 % - 参数化曲线 27
           当前进度:   8 % - 转换为实体 27
           当前进度:   8 % - 参数化曲线 28
           当前进度:   8 % - 转换为实体 28
           当前进度:   8 % - 参数化曲线 29
           当前进度:   8 % - 转换为实体 29
           当前进度:   9 % - 参数化曲线 30
           当前进度:   9 % - 转换为实体 30
           当前进度:   9 % - 参数化曲线 31
           当前进度:   9 % - 转换为实体 31
           当前进度:   9 % - 参数化曲线 32
           当前进度:   9 % - 转换为实体 32
-          当前进度:  10 % - 参数化曲线 33
-          当前进度:  10 % - 转换为实体 33
-          当前进度:  10 % - 参数化曲线 34
-          当前进度:  10 % - 转换为实体 34
-          当前进度:  10 % - 参数化曲线 35
-          当前进度:  10 % - 转换为实体 35
-          当前进度:  11 % - 参数化曲线 36
-          当前进度:  11 % - 转换为实体 36
Memory: 1035/2556 1112/2846
-          当前进度:  11 % - 参数化曲线 37
Memory: 1032/2556 1110/2846
-          当前进度:  11 % - 转换为实体 37
-          当前进度:  11 % - 参数化曲线 38
-          当前进度:  11 % - 转换为实体 38
-          当前进度:  11 % - 参数化曲线 39
-          当前进度:  12 % - 转换为实体 39
-          当前进度:  12 % - 参数化曲线 40
-          当前进度:  12 % - 转换为实体 40
-          当前进度:  12 % - 参数化曲线 41
-          当前进度:  12 % - 转换为实体 41
-          当前进度:  12 % - 参数化曲线 42
-          当前进度:  12 % - 转换为实体 42
Memory: 1034/2556 1112/2846
-          当前进度:  13 % - 参数化曲线 43
-          当前进度:  13 % - 转换为实体 43
-          当前进度:  13 % - 参数化曲线 44
Memory: 1035/2556 1112/2846
-          当前进度:  13 % - 转换为实体 44
Memory: 1033/2556 1112/2846
-          当前进度:  13 % - 参数化曲线 45
Memory: 1035/2556 1112/2846
-          当前进度:  13 % - 转换为实体 45
-          当前进度:  14 % - 参数化曲线 46
-          当前进度:  14 % - 转换为实体 46
-          当前进度:  14 % - 参数化曲线 47
-          当前进度:  14 % - 转换为实体 47
Memory: 1033/2556 1110/2846
-          当前进度:  14 % - 参数化曲线 48
-          当前进度:  14 % - 转换为实体 48
-          当前进度:  14 % - 参数化曲线 49
-          当前进度:  15 % - 转换为实体 49
-          当前进度:  15 % - 参数化曲线 50
-          当前进度:  15 % - 转换为实体 50
-          当前进度:  15 % - 参数化曲线 51
-          当前进度:  15 % - 转换为实体 51
-          当前进度:  15 % - 参数化曲线 52
-          当前进度:  15 % - 转换为实体 52
-          当前进度:  16 % - 参数化曲线 53
-          当前进度:  16 % - 转换为实体 53
-          当前进度:  16 % - 参数化曲线 54
-          当前进度:  16 % - 转换为实体 54
-          当前进度:  16 % - 参数化曲线 55
-          当前进度:  16 % - 转换为实体 55
-          当前进度:  17 % - 参数化曲线 56
-          当前进度:  17 % - 转换为实体 56
-          当前进度:  17 % - 参数化曲线 57
-          当前进度:  17 % - 转换为实体 57
-          当前进度:  17 % - 参数化曲线 58
-          当前进度:  17 % - 转换为实体 58
-          当前进度:  17 % - 参数化曲线 59
-          当前进度:  18 % - 转换为实体 59
-          当前进度:  18 % - 参数化曲线 60
-          当前进度:  18 % - 转换为实体 60
-          当前进度:  18 % - 参数化曲线 61
-          当前进度:  18 % - 转换为实体 61
-          当前进度:  18 % - 参数化曲线 62
-          当前进度:  18 % - 转换为实体 62
-          当前进度:  19 % - 参数化曲线 63
-          当前进度:  19 % - 转换为实体 63
-          当前进度:  19 % - 参数化曲线 64
-          当前进度:  19 % - 转换为实体 64
-          当前进度:  19 % - 参数化曲线 65
-          当前进度:  19 % - 转换为实体 65
--         当前进度:  20 % - 参数化曲线 66
--         当前进度:  20 % - 转换为实体 66
--         当前进度:  20 % - 参数化曲线 67
--         当前进度:  20 % - 转换为实体 67
--         当前进度:  20 % - 参数化曲线 68
--         当前进度:  20 % - 转换为实体 68
--         当前进度:  21 % - 参数化曲线 69
--         当前进度:  21 % - 转换为实体 69
--         当前进度:  21 % - 参数化曲线 70
--         当前进度:  21 % - 转换为实体 70
--         当前进度:  21 % - 参数化曲线 71
--         当前进度:  21 % - 转换为实体 71
--         当前进度:  21 % - 参数化曲线 72
--         当前进度:  21 % - 转换为实体 72
--         当前进度:  22 % - 参数化曲线 73
--         当前进度:  22 % - 转换为实体 73
--         当前进度:  22 % - 参数化曲线 74
--         当前进度:  22 % - 转换为实体 74
--         当前进度:  22 % - 参数化曲线 75
--         当前进度:  22 % - 转换为实体 75
--         当前进度:  23 % - 参数化曲线 76
--         当前进度:  23 % - 转换为实体 76
--         当前进度:  23 % - 参数化曲线 77
--         当前进度:  23 % - 转换为实体 77
--         当前进度:  23 % - 参数化曲线 78
--         当前进度:  23 % - 转换为实体 78
--         当前进度:  24 % - 参数化曲线 79
--         当前进度:  24 % - 转换为实体 79
--         当前进度:  24 % - 参数化曲线 80
--         当前进度:  24 % - 转换为实体 80
--         当前进度:  24 % - 参数化曲线 81
--         当前进度:  24 % - 转换为实体 81
--         当前进度:  24 % - 参数化曲线 82
--         当前进度:  24 % - 转换为实体 82
--         当前进度:  25 % - 参数化曲线 83
--         当前进度:  25 % - 转换为实体 83
--         当前进度:  25 % - 参数化曲线 84
--         当前进度:  25 % - 转换为实体 84
--         当前进度:  25 % - 参数化曲线 85
--         当前进度:  25 % - 转换为实体 85
--         当前进度:  26 % - 参数化曲线 86
--         当前进度:  26 % - 转换为实体 86
--         当前进度:  26 % - 参数化曲线 87
--         当前进度:  26 % - 转换为实体 87
--         当前进度:  26 % - 参数化曲线 88
--         当前进度:  26 % - 转换为实体 88
--         当前进度:  27 % - 参数化曲线 89
--         当前进度:  27 % - 转换为实体 89
--         当前进度:  27 % - 参数化曲线 90
--         当前进度:  27 % - 转换为实体 90
--         当前进度:  27 % - 参数化曲线 91
--         当前进度:  27 % - 转换为实体 91
--         当前进度:  27 % - 参数化曲线 92
--         当前进度:  27 % - 转换为实体 92
--         当前进度:  28 % - 参数化曲线 93
--         当前进度:  28 % - 转换为实体 93
--         当前进度:  28 % - 参数化曲线 94
--         当前进度:  28 % - 转换为实体 94
--         当前进度:  28 % - 参数化曲线 95
--         当前进度:  28 % - 转换为实体 95
--         当前进度:  29 % - 参数化曲线 96
--         当前进度:  29 % - 转换为实体 96
--         当前进度:  29 % - 参数化曲线 97
--         当前进度:  29 % - 转换为实体 97
--         当前进度:  29 % - 参数化曲线 98
--         当前进度:  29 % - 转换为实体 98
---        当前进度:  30 % - 参数化曲线 99
---        当前进度:  30 % - 转换为实体 99
---        当前进度:  30 % - 参数化曲线 100
---        当前进度:  30 % - 转换为实体 100
---        当前进度:  30 % - 参数化曲线 101
---        当前进度:  30 % - 转换为实体 101
---        当前进度:  30 % - 参数化曲线 102
---        当前进度:  30 % - 转换为实体 102
---        当前进度:  31 % - 参数化曲线 103
---        当前进度:  31 % - 转换为实体 103
---        当前进度:  31 % - 参数化曲线 104
---        当前进度:  31 % - 转换为实体 104
---        当前进度:  31 % - 参数化曲线 105
---        当前进度:  31 % - 转换为实体 105
---        当前进度:  32 % - 参数化曲线 106
---        当前进度:  32 % - 转换为实体 106
Memory: 1034/2556 1110/2846
---        当前进度:  32 % - 参数化曲线 107
---        当前进度:  32 % - 转换为实体 107
---        当前进度:  32 % - 参数化曲线 108
---        当前进度:  32 % - 转换为实体 108
---        当前进度:  33 % - 参数化曲线 109
---        当前进度:  33 % - 转换为实体 109
---        当前进度:  33 % - 参数化曲线 110
---        当前进度:  33 % - 转换为实体 110
---        当前进度:  33 % - 参数化曲线 111
---        当前进度:  33 % - 转换为实体 111
---        当前进度:  33 % - 参数化曲线 112
---        当前进度:  33 % - 转换为实体 112
---        当前进度:  34 % - 参数化曲线 113
---        当前进度:  34 % - 转换为实体 113
---        当前进度:  34 % - 参数化曲线 114
---        当前进度:  34 % - 转换为实体 114
---        当前进度:  34 % - 参数化曲线 115
---        当前进度:  34 % - 转换为实体 115
---        当前进度:  35 % - 参数化曲线 116
---        当前进度:  35 % - 转换为实体 116
---        当前进度:  35 % - 参数化曲线 117
---        当前进度:  35 % - 转换为实体 117
---        当前进度:  35 % - 参数化曲线 118
---        当前进度:  35 % - 转换为实体 118
---        当前进度:  36 % - 参数化曲线 119
---        当前进度:  36 % - 转换为实体 119
---        当前进度:  36 % - 参数化曲线 120
---        当前进度:  36 % - 转换为实体 120
---        当前进度:  36 % - 参数化曲线 121
---        当前进度:  36 % - 转换为实体 121
---        当前进度:  36 % - 参数化曲线 122
---        当前进度:  37 % - 转换为实体 122
---        当前进度:  37 % - 参数化曲线 123
---        当前进度:  37 % - 转换为实体 123
---        当前进度:  37 % - 参数化曲线 124
---        当前进度:  37 % - 转换为实体 124
---        当前进度:  37 % - 参数化曲线 125
---        当前进度:  37 % - 转换为实体 125
---        当前进度:  38 % - 参数化曲线 126
---        当前进度:  38 % - 转换为实体 126
---        当前进度:  38 % - 参数化曲线 127
---        当前进度:  38 % - 转换为实体 127
---        当前进度:  38 % - 参数化曲线 128
---        当前进度:  38 % - 转换为实体 128
---        当前进度:  39 % - 参数化曲线 129
Memory: 1034/2556 1111/2846
---        当前进度:  39 % - 转换为实体 129
---        当前进度:  39 % - 参数化曲线 130
---        当前进度:  39 % - 转换为实体 130
---        当前进度:  39 % - 参数化曲线 131
---        当前进度:  39 % - 转换为实体 131
---        当前进度:  39 % - 参数化曲线 132
----       当前进度:  40 % - 转换为实体 132
----       当前进度:  40 % - 参数化曲线 133
----       当前进度:  40 % - 转换为实体 133
----       当前进度:  40 % - 参数化曲线 134
----       当前进度:  40 % - 转换为实体 134
----       当前进度:  40 % - 参数化曲线 135
----       当前进度:  40 % - 转换为实体 135
----       当前进度:  41 % - 参数化曲线 136
----       当前进度:  41 % - 转换为实体 136
----       当前进度:  41 % - 参数化曲线 137
----       当前进度:  41 % - 转换为实体 137
----       当前进度:  41 % - 参数化曲线 138
----       当前进度:  41 % - 转换为实体 138
----       当前进度:  42 % - 参数化曲线 139
----       当前进度:  42 % - 转换为实体 139
----       当前进度:  42 % - 参数化曲线 140
----       当前进度:  42 % - 转换为实体 140
----       当前进度:  42 % - 参数化曲线 141
----       当前进度:  42 % - 转换为实体 141
----       当前进度:  42 % - 参数化曲线 142
----       当前进度:  43 % - 转换为实体 142
----       当前进度:  43 % - 参数化曲线 143
----       当前进度:  43 % - 转换为实体 143
----       当前进度:  43 % - 参数化曲线 144
----       当前进度:  43 % - 转换为实体 144
----       当前进度:  43 % - 参数化曲线 145
----       当前进度:  43 % - 转换为实体 145
----       当前进度:  44 % - 参数化曲线 146
----       当前进度:  44 % - 转换为实体 146
----       当前进度:  44 % - 参数化曲线 147
----       当前进度:  44 % - 转换为实体 147
----       当前进度:  44 % - 参数化曲线 148
----       当前进度:  44 % - 转换为实体 148
----       当前进度:  45 % - 参数化曲线 149
----       当前进度:  45 % - 转换为实体 149
----       当前进度:  45 % - 参数化曲线 150
----       当前进度:  45 % - 转换为实体 150
----       当前进度:  45 % - 参数化曲线 151
----       当前进度:  45 % - 转换为实体 151
----       当前进度:  46 % - 参数化曲线 152
----       当前进度:  46 % - 转换为实体 152
----       当前进度:  46 % - 参数化曲线 153
----       当前进度:  46 % - 转换为实体 153
----       当前进度:  46 % - 参数化曲线 154
----       当前进度:  46 % - 转换为实体 154
----       当前进度:  46 % - 参数化曲线 155
----       当前进度:  46 % - 转换为实体 155
----       当前进度:  47 % - 参数化曲线 156
----       当前进度:  47 % - 转换为实体 156
----       当前进度:  47 % - 参数化曲线 157
----       当前进度:  47 % - 转换为实体 157
----       当前进度:  47 % - 参数化曲线 158
----       当前进度:  47 % - 转换为实体 158
----       当前进度:  48 % - 参数化曲线 159
----       当前进度:  48 % - 转换为实体 159
----       当前进度:  48 % - 参数化曲线 160
----       当前进度:  48 % - 转换为实体 160
----       当前进度:  48 % - 参数化曲线 161
----       当前进度:  48 % - 转换为实体 161
----       当前进度:  49 % - 参数化曲线 162
----       当前进度:  49 % - 转换为实体 162
----       当前进度:  49 % - 参数化曲线 163
----       当前进度:  49 % - 转换为实体 163
----       当前进度:  49 % - 参数化曲线 164
----       当前进度:  49 % - 转换为实体 164
----       当前进度:  49 % - 参数化曲线 165
----       当前进度:  49 % - 转换为实体 165
-----      当前进度:  50 % - 参数化曲线 166
-----      当前进度:  50 % - 转换为实体 166
-----      当前进度:  50 % - 参数化曲线 167
-----      当前进度:  50 % - 转换为实体 167
-----      当前进度:  50 % - 参数化曲线 168
-----      当前进度:  50 % - 转换为实体 168
-----      当前进度:  51 % - 参数化曲线 169
-----      当前进度:  51 % - 转换为实体 169
-----      当前进度:  51 % - 参数化曲线 170
-----      当前进度:  51 % - 转换为实体 170
-----      当前进度:  51 % - 参数化曲线 171
-----      当前进度:  51 % - 转换为实体 171
-----      当前进度:  52 % - 参数化曲线 172
-----      当前进度:  52 % - 转换为实体 172
-----      当前进度:  52 % - 参数化曲线 173
-----      当前进度:  52 % - 转换为实体 173
-----      当前进度:  52 % - 参数化曲线 174
-----      当前进度:  52 % - 转换为实体 174
-----      当前进度:  52 % - 参数化曲线 175
-----      当前进度:  52 % - 转换为实体 175
-----      当前进度:  53 % - 参数化曲线 176
-----      当前进度:  53 % - 转换为实体 176
-----      当前进度:  53 % - 参数化曲线 177
-----      当前进度:  53 % - 转换为实体 177
-----      当前进度:  53 % - 参数化曲线 178
-----      当前进度:  53 % - 转换为实体 178
-----      当前进度:  54 % - 参数化曲线 179
Memory: 1035/2556 1111/2846
-----      当前进度:  54 % - 转换为实体 179
-----      当前进度:  54 % - 参数化曲线 180
-----      当前进度:  54 % - 转换为实体 180
-----      当前进度:  54 % - 参数化曲线 181
-----      当前进度:  54 % - 转换为实体 181
-----      当前进度:  55 % - 参数化曲线 182
-----      当前进度:  55 % - 转换为实体 182
-----      当前进度:  55 % - 参数化曲线 183
-----      当前进度:  55 % - 转换为实体 183
-----      当前进度:  55 % - 参数化曲线 184
-----      当前进度:  55 % - 转换为实体 184
-----      当前进度:  55 % - 参数化曲线 185
-----      当前进度:  55 % - 转换为实体 185
-----      当前进度:  56 % - 参数化曲线 186
-----      当前进度:  56 % - 转换为实体 186
-----      当前进度:  56 % - 参数化曲线 187
-----      当前进度:  56 % - 转换为实体 187
-----      当前进度:  56 % - 参数化曲线 188
-----      当前进度:  56 % - 转换为实体 188
-----      当前进度:  57 % - 参数化曲线 189
-----      当前进度:  57 % - 转换为实体 189
-----      当前进度:  57 % - 参数化曲线 190
-----      当前进度:  57 % - 转换为实体 190
-----      当前进度:  57 % - 参数化曲线 191
-----      当前进度:  57 % - 转换为实体 191
-----      当前进度:  58 % - 参数化曲线 192
-----      当前进度:  58 % - 转换为实体 192
-----      当前进度:  58 % - 参数化曲线 193
-----      当前进度:  58 % - 转换为实体 193
-----      当前进度:  58 % - 参数化曲线 194
-----      当前进度:  58 % - 转换为实体 194
-----      当前进度:  58 % - 参数化曲线 195
-----      当前进度:  58 % - 转换为实体 195
-----      当前进度:  59 % - 参数化曲线 196
-----      当前进度:  59 % - 转换为实体 196
-----      当前进度:  59 % - 参数化曲线 197
-----      当前进度:  59 % - 转换为实体 197
-----      当前进度:  59 % - 参数化曲线 198
-----      当前进度:  59 % - 转换为实体 198
------     当前进度:  60 % - 参数化曲线 199
------     当前进度:  60 % - 转换为实体 199
------     当前进度:  60 % - 参数化曲线 200
------     当前进度:  60 % - 转换为实体 200
------     当前进度:  60 % - 参数化曲线 201
------     当前进度:  60 % - 转换为实体 201
------     当前进度:  61 % - 参数化曲线 202
------     当前进度:  61 % - 转换为实体 202
------     当前进度:  61 % - 参数化曲线 203
------     当前进度:  61 % - 转换为实体 203
------     当前进度:  61 % - 参数化曲线 204
------     当前进度:  61 % - 转换为实体 204
------     当前进度:  61 % - 参数化曲线 205
------     当前进度:  62 % - 转换为实体 205
------     当前进度:  62 % - 参数化曲线 206
------     当前进度:  62 % - 转换为实体 206
------     当前进度:  62 % - 参数化曲线 207
------     当前进度:  62 % - 转换为实体 207
------     当前进度:  62 % - 参数化曲线 208
------     当前进度:  62 % - 转换为实体 208
------     当前进度:  63 % - 参数化曲线 209
------     当前进度:  63 % - 转换为实体 209
------     当前进度:  63 % - 参数化曲线 210
------     当前进度:  63 % - 转换为实体 210
------     当前进度:  63 % - 参数化曲线 211
------     当前进度:  63 % - 转换为实体 211
------     当前进度:  64 % - 参数化曲线 212
------     当前进度:  64 % - 转换为实体 212
------     当前进度:  64 % - 参数化曲线 213
------     当前进度:  64 % - 转换为实体 213
------     当前进度:  64 % - 参数化曲线 214
------     当前进度:  64 % - 转换为实体 214
------     当前进度:  64 % - 参数化曲线 215
------     当前进度:  65 % - 转换为实体 215
------     当前进度:  65 % - 参数化曲线 216
------     当前进度:  65 % - 转换为实体 216
------     当前进度:  65 % - 参数化曲线 217
------     当前进度:  65 % - 转换为实体 217
------     当前进度:  65 % - 参数化曲线 218
------     当前进度:  65 % - 转换为实体 218
------     当前进度:  66 % - 参数化曲线 219
------     当前进度:  66 % - 转换为实体 219
------     当前进度:  66 % - 参数化曲线 220
------     当前进度:  66 % - 转换为实体 220
------     当前进度:  66 % - 参数化曲线 221
------     当前进度:  66 % - 转换为实体 221
------     当前进度:  67 % - 参数化曲线 222
------     当前进度:  67 % - 转换为实体 222
------     当前进度:  67 % - 参数化曲线 223
------     当前进度:  67 % - 转换为实体 223
------     当前进度:  67 % - 参数化曲线 224
------     当前进度:  67 % - 转换为实体 224
------     当前进度:  67 % - 参数化曲线 225
------     当前进度:  68 % - 转换为实体 225
------     当前进度:  68 % - 参数化曲线 226
------     当前进度:  68 % - 转换为实体 226
------     当前进度:  68 % - 参数化曲线 227
Memory: 1036/2556 1111/2846
------     当前进度:  68 % - 转换为实体 227
------     当前进度:  68 % - 参数化曲线 228
------     当前进度:  68 % - 转换为实体 228
------     当前进度:  69 % - 参数化曲线 229
------     当前进度:  69 % - 转换为实体 229
------     当前进度:  69 % - 参数化曲线 230
------     当前进度:  69 % - 转换为实体 230
------     当前进度:  69 % - 参数化曲线 231
------     当前进度:  69 % - 转换为实体 231
-------    当前进度:  70 % - 参数化曲线 232
-------    当前进度:  70 % - 转换为实体 232
-------    当前进度:  70 % - 参数化曲线 233
-------    当前进度:  70 % - 转换为实体 233
-------    当前进度:  70 % - 参数化曲线 234
-------    当前进度:  70 % - 转换为实体 234
-------    当前进度:  71 % - 参数化曲线 235
-------    当前进度:  71 % - 转换为实体 235
-------    当前进度:  71 % - 参数化曲线 236
-------    当前进度:  71 % - 转换为实体 236
-------    当前进度:  71 % - 参数化曲线 237
-------    当前进度:  71 % - 转换为实体 237
-------    当前进度:  71 % - 参数化曲线 238
-------    当前进度:  71 % - 转换为实体 238
-------    当前进度:  72 % - 参数化曲线 239
-------    当前进度:  72 % - 转换为实体 239
-------    当前进度:  72 % - 参数化曲线 240
-------    当前进度:  72 % - 转换为实体 240
-------    当前进度:  72 % - 参数化曲线 241
-------    当前进度:  72 % - 转换为实体 241
-------    当前进度:  73 % - 参数化曲线 242
-------    当前进度:  73 % - 转换为实体 242
-------    当前进度:  73 % - 参数化曲线 243
-------    当前进度:  73 % - 转换为实体 243
-------    当前进度:  73 % - 参数化曲线 244
-------    当前进度:  73 % - 转换为实体 244
-------    当前进度:  74 % - 参数化曲线 245
-------    当前进度:  74 % - 转换为实体 245
-------    当前进度:  74 % - 参数化曲线 246
-------    当前进度:  74 % - 转换为实体 246
-------    当前进度:  74 % - 参数化曲线 247
-------    当前进度:  74 % - 转换为实体 247
-------    当前进度:  74 % - 参数化曲线 248
-------    当前进度:  74 % - 转换为实体 248
-------    当前进度:  75 % - 参数化曲线 249
-------    当前进度:  75 % - 转换为实体 249
-------    当前进度:  75 % - 参数化曲线 250
-------    当前进度:  75 % - 转换为实体 250
-------    当前进度:  75 % - 参数化曲线 251
-------    当前进度:  75 % - 转换为实体 251
-------    当前进度:  76 % - 参数化曲线 252
-------    当前进度:  76 % - 转换为实体 252
-------    当前进度:  76 % - 参数化曲线 253
-------    当前进度:  76 % - 转换为实体 253
-------    当前进度:  76 % - 参数化曲线 254
-------    当前进度:  76 % - 转换为实体 254
-------    当前进度:  77 % - 参数化曲线 255
-------    当前进度:  77 % - 转换为实体 255
-------    当前进度:  77 % - 参数化曲线 256
-------    当前进度:  77 % - 转换为实体 256
-------    当前进度:  77 % - 参数化曲线 257
-------    当前进度:  77 % - 转换为实体 257
-------    当前进度:  77 % - 参数化曲线 258
-------    当前进度:  77 % - 转换为实体 258
-------    当前进度:  78 % - 参数化曲线 259
-------    当前进度:  78 % - 转换为实体 259
-------    当前进度:  78 % - 参数化曲线 260
-------    当前进度:  78 % - 转换为实体 260
-------    当前进度:  78 % - 参数化曲线 261
-------    当前进度:  78 % - 转换为实体 261
-------    当前进度:  79 % - 参数化曲线 262
-------    当前进度:  79 % - 转换为实体 262
-------    当前进度:  79 % - 参数化曲线 263
-------    当前进度:  79 % - 转换为实体 263
-------    当前进度:  79 % - 参数化曲线 264
-------    当前进度:  79 % - 转换为实体 264
--------   当前进度:  80 % - 参数化曲线 265
Memory: 1036/2556 1113/2846
--------   当前进度:  80 % - 转换为实体 265
Memory: 1040/2556 1115/2846
--------   当前进度:  80 % - 参数化曲线 266
--------   当前进度:  80 % - 转换为实体 266
--------   当前进度:  80 % - 参数化曲线 267
--------   当前进度:  80 % - 转换为实体 267
--------   当前进度:  80 % - 参数化曲线 268
Memory: 1036/2556 1111/2846
--------   当前进度:  80 % - 转换为实体 268
--------   当前进度:  81 % - 参数化曲线 269
--------   当前进度:  81 % - 转换为实体 269
--------   当前进度:  81 % - 参数化曲线 270
--------   当前进度:  81 % - 转换为实体 270
Memory: 1038/2556 1113/2846
--------   当前进度:  81 % - 参数化曲线 271
--------   当前进度:  81 % - 转换为实体 271
--------   当前进度:  82 % - 参数化曲线 272
--------   当前进度:  82 % - 转换为实体 272
--------   当前进度:  82 % - 参数化曲线 273
--------   当前进度:  82 % - 转换为实体 273
--------   当前进度:  82 % - 参数化曲线 274
--------   当前进度:  82 % - 转换为实体 274
--------   当前进度:  83 % - 参数化曲线 275
--------   当前进度:  83 % - 转换为实体 275
Memory: 1039/2556 1114/2846
--------   当前进度:  83 % - 参数化曲线 276
--------   当前进度:  83 % - 转换为实体 276
--------   当前进度:  83 % - 参数化曲线 277
--------   当前进度:  83 % - 转换为实体 277
--------   当前进度:  83 % - 参数化曲线 278
--------   当前进度:  83 % - 转换为实体 278
--------   当前进度:  84 % - 参数化曲线 279
--------   当前进度:  84 % - 转换为实体 279
--------   当前进度:  84 % - 参数化曲线 280
--------   当前进度:  84 % - 转换为实体 280
--------   当前进度:  84 % - 参数化曲线 281
--------   当前进度:  84 % - 转换为实体 281
--------   当前进度:  85 % - 参数化曲线 282
--------   当前进度:  85 % - 转换为实体 282
--------   当前进度:  85 % - 参数化曲线 283
--------   当前进度:  85 % - 转换为实体 283
--------   当前进度:  85 % - 参数化曲线 284
--------   当前进度:  85 % - 转换为实体 284
--------   当前进度:  86 % - 参数化曲线 285
--------   当前进度:  86 % - 转换为实体 285
--------   当前进度:  86 % - 参数化曲线 286
--------   当前进度:  86 % - 转换为实体 286
--------   当前进度:  86 % - 参数化曲线 287
--------   当前进度:  86 % - 转换为实体 287
--------   当前进度:  86 % - 参数化曲线 288
--------   当前进度:  87 % - 转换为实体 288
--------   当前进度:  87 % - 参数化曲线 289
--------   当前进度:  87 % - 转换为实体 289
--------   当前进度:  87 % - 参数化曲线 290
--------   当前进度:  87 % - 转换为实体 290
--------   当前进度:  87 % - 参数化曲线 291
--------   当前进度:  87 % - 转换为实体 291
--------   当前进度:  88 % - 参数化曲线 292
--------   当前进度:  88 % - 转换为实体 292
--------   当前进度:  88 % - 参数化曲线 293
--------   当前进度:  88 % - 转换为实体 293
Memory: 1040/2556 1115/2846
--------   当前进度:  88 % - 参数化曲线 294
--------   当前进度:  88 % - 转换为实体 294
--------   当前进度:  89 % - 参数化曲线 295
--------   当前进度:  89 % - 转换为实体 295
--------   当前进度:  89 % - 参数化曲线 296
--------   当前进度:  89 % - 转换为实体 296
--------   当前进度:  89 % - 参数化曲线 297
--------   当前进度:  89 % - 转换为实体 297
--------   当前进度:  89 % - 参数化曲线 298
---------  当前进度:  90 % - 转换为实体 298
---------  当前进度:  90 % - 参数化曲线 299
Memory: 1037/2556 1115/2846
---------  当前进度:  90 % - 转换为实体 299
Memory: 1040/2556 1115/2846
---------  当前进度:  90 % - 参数化曲线 300
---------  当前进度:  90 % - 转换为实体 300
---------  当前进度:  90 % - 参数化曲线 301
---------  当前进度:  90 % - 转换为实体 301
---------  当前进度:  91 % - 参数化曲线 302
---------  当前进度:  91 % - 转换为实体 302
---------  当前进度:  91 % - 参数化曲线 303
---------  当前进度:  91 % - 转换为实体 303
---------  当前进度:  91 % - 参数化曲线 304
---------  当前进度:  91 % - 转换为实体 304
---------  当前进度:  92 % - 参数化曲线 305
---------  当前进度:  92 % - 转换为实体 305
---------  当前进度:  92 % - 参数化曲线 306
---------  当前进度:  92 % - 转换为实体 306
---------  当前进度:  92 % - 参数化曲线 307
---------  当前进度:  92 % - 转换为实体 307
---------  当前进度:  92 % - 参数化曲线 308
---------  当前进度:  93 % - 转换为实体 308
---------  当前进度:  93 % - 参数化曲线 309
---------  当前进度:  93 % - 转换为实体 309
---------  当前进度:  93 % - 参数化曲线 310
---------  当前进度:  93 % - 转换为实体 310
---------  当前进度:  93 % - 参数化曲线 311
---------  当前进度:  93 % - 转换为实体 311
---------  当前进度:  94 % - 参数化曲线 312
---------  当前进度:  94 % - 转换为实体 312
---------  当前进度:  94 % - 参数化曲线 313
---------  当前进度:  94 % - 转换为实体 313
---------  当前进度:  94 % - 参数化曲线 314
---------  当前进度:  94 % - 转换为实体 314
---------  当前进度:  95 % - 参数化曲线 315
---------  当前进度:  95 % - 转换为实体 315
---------  当前进度:  95 % - 参数化曲线 316
---------  当前进度:  95 % - 转换为实体 316
---------  当前进度:  95 % - 参数化曲线 317
---------  当前进度:  95 % - 转换为实体 317
---------  当前进度:  96 % - 参数化曲线 318
---------  当前进度:  96 % - 转换为实体 318
---------  当前进度:  96 % - 参数化曲线 319
---------  当前进度:  96 % - 转换为实体 319
---------  当前进度:  96 % - 参数化曲线 320
---------  当前进度:  96 % - 转换为实体 320
Memory: 1036/2556 1111/2846
---------  当前进度:  96 % - 参数化曲线 321
---------  当前进度:  96 % - 转换为实体 321
---------  当前进度:  97 % - 参数化曲线 322
---------  当前进度:  97 % - 转换为实体 322
Memory: 1037/2556 1111/2846
---------  当前进度:  97 % - 参数化曲线 323
---------  当前进度:  97 % - 转换为实体 323
---------  当前进度:  97 % - 参数化曲线 324
---------  当前进度:  97 % - 转换为实体 324
---------  当前进度:  98 % - 参数化曲线 325
---------  当前进度:  98 % - 转换为实体 325
---------  当前进度:  98 % - 参数化曲线 326
---------  当前进度:  98 % - 转换为实体 326
---------  当前进度:  98 % - 参数化曲线 327
---------  当前进度:  98 % - 转换为实体 327
---------  当前进度:  99 % - 参数化曲线 328
---------  当前进度:  99 % - 转换为实体 328
---------  当前进度:  99 % - 参数化曲线 329
---------  当前进度:  99 % - 转换为实体 329
---------  当前进度:  99 % - 参数化曲线 330
---------  当前进度:  99 % - 转换为实体 330
---------  当前进度:  99 % - 参数化曲线 331
---------  当前进度:  99 % - 转换为实体 331
---------- 当前进度: 100 % - 形成联合体
---------- 当前进度: 100 % - 处理边相交
Memory: 1058/2556 1135/2846
---------- 当前进度: 100 % - 解析域和空区域
Memory: 1068/2556 1142/2846
---------- 当前进度: 100 % - 正在更新选择
顶点单元数：666
边界单元数：8658
-------    当前进度:  74 % - 提高单元质量
Memory: 1052/2556 1126/2846
---------  当前进度:  95 % - 提高单元质量
Memory: 1052/2556 1125/2846
单元数：94642
---------- 当前进度: 100 % - 正在定型网格
Memory: 1008/2556 1083/2846
最小单元质量：0.4581
<---- 200 kHz: naturally distributed strand currents/解 1 (sol1) 中的“编译方程: 频域” ---
开始于 2026年9月26日 上午11:06:09。
几何形函数: 二次拉格朗日单元
在 Intel64 Family 6 Model 183 Stepping 1, GenuineIntel 上运行。
在以下位置使用 1 个插槽： MIST 上（共 4 个内核）。
可用内存：16.11 GB。
           当前进度:   1 % - 编译方程: 频域
Memory: 1075/2556 1150/2846
时间：1。
物理内存: 1.08 GB
虚拟内存: 1.15 GB
结束时间：2026年9月26日 上午11:06:10。
----- 200 kHz: naturally distributed strand currents/解 1 (sol1) 中的“编译方程: 频域” -->
<---- 200 kHz: naturally distributed strand currents/解 1 (sol1) 中的“因变量 1” ------
开始于 2026年9月26日 上午11:06:10。
           当前进度:   1 % - 因变量 1
Memory: 1087/2556 1160/2846
求解时间：0 s。
物理内存: 1.09 GB
虚拟内存: 1.16 GB
结束时间：2026年9月26日 上午11:06:10。
----- 200 kHz: naturally distributed strand currents/解 1 (sol1) 中的“因变量 1” ----->
<---- 200 kHz: naturally distributed strand currents/解 1 (sol1) 中的“稳态求解器 1” ----
开始于 2026年9月26日 上午11:06:10。
           当前进度:   2 % - 稳态求解器 1
Memory: 1133/2556 1205/2846
线性求解器
求解的自由度数：662575。
-          当前进度:  15 % - 组装稀疏模式
Memory: 1211/2556 1295/2846
-          当前进度:  16 % - 组装稀疏模式
Memory: 1271/2556 1343/2846
--         当前进度:  25 % - 组装矩阵
Memory: 1507/2556 1580/2846
---        当前进度:  31 % - 组装矩阵
Memory: 1502/2556 1575/2846
---        当前进度:  31 % - 
Memory: 1518/2556 1591/2846
找到对称矩阵。
缩放因变量：
磁矢势 (comp1.A): 0.0001
已使用正交零空间函数。
---        当前进度:  31 % - 约束处理
Memory: 1452/2556 1631/2846
---        当前进度:  31 % - 预处理
Memory: 1691/2556 1944/2846
Iter      SolEst     Damping    Stepsize #Res #Jac #Sol LinIt   LinErr   LinRes
-------    当前进度:  71 % - 求解线性方程组
Memory: 2731/2768 3004/3035
   1        0.19   1.0000000        0.19    1    1    1     1  3.5e-11  1.8e-12
---------- 当前进度: 100 % - 求解线性方程组
Memory: 1091/2774 1165/3052
求解时间：10 s。
物理内存: 2.77 GB
虚拟内存: 3.05 GB
结束时间：2026年9月26日 上午11:06:20。
----- 200 kHz: naturally distributed strand currents/解 1 (sol1) 中的“稳态求解器 1” --->
<---- 200 kHz: naturally distributed strand currents/解 1 (sol1) 中的“编译方程: 频域” ---
开始于 2026年9月26日 上午11:06:20。
几何形函数: 二次拉格朗日单元
在 Intel64 Family 6 Model 183 Stepping 1, GenuineIntel 上运行。
在以下位置使用 1 个插槽： MIST 上（共 4 个内核）。
可用内存：16.11 GB。
           当前进度:   1 % - 编译方程: 频域
Memory: 1065/2774 1137/3052
时间：1。
物理内存: 1.09 GB
虚拟内存: 1.16 GB
结束时间：2026年9月26日 上午11:06:21。
----- 200 kHz: naturally distributed strand currents/解 1 (sol1) 中的“编译方程: 频域” -->
<---- 200 kHz: naturally distributed strand currents/解 1 (sol1) 中的“因变量 1” ------
开始于 2026年9月26日 上午11:06:21。
           当前进度:   1 % - 因变量 1
Memory: 1093/2774 1165/3052
求解时间：0 s。
物理内存: 1.09 GB
虚拟内存: 1.16 GB
结束时间：2026年9月26日 上午11:06:21。
----- 200 kHz: naturally distributed strand currents/解 1 (sol1) 中的“因变量 1” ----->
<---- 200 kHz: naturally distributed strand currents/解 1 (sol1) 中的“稳态求解器 1” ----
开始于 2026年9月26日 上午11:06:21。
           当前进度:   2 % - 稳态求解器 1
Memory: 1143/2774 1215/3052
线性求解器
求解的自由度数：662575。
-          当前进度:  15 % - 组装稀疏模式
Memory: 1273/2774 1344/3052
--         当前进度:  21 % - 组装矩阵
Memory: 1503/2774 1701/3052
---        当前进度:  31 % - 组装矩阵
Memory: 1517/2774 1589/3052
---        当前进度:  31 % - 
Memory: 1530/2774 1602/3052
找到对称矩阵。
缩放因变量：
磁矢势 (comp1.A): 0.0001
已使用正交零空间函数。
---        当前进度:  31 % - 约束处理
Memory: 1432/2774 1524/3052
---        当前进度:  31 % - 预处理
Memory: 1705/2774 1954/3052
Iter      SolEst     Damping    Stepsize #Res #Jac #Sol LinIt   LinErr   LinRes
-------    当前进度:  71 % - 求解线性方程组
Memory: 2762/2799 3033/3065
---------- 当前进度: 100 % - 求解线性方程组
Memory: 2729/2803 2994/3078
   1        0.68   1.0000000        0.68    1    1    1     1    7e-11  3.5e-12
求解时间：9 s。
物理内存: 2.8 GB
虚拟内存: 3.07 GB
结束时间：2026年9月26日 上午11:06:31。
----- 200 kHz: naturally distributed strand currents/解 1 (sol1) 中的“稳态求解器 1” --->
           当前进度:   0 % - 圆
Memory: 1106/2803 1178/3078
           当前进度:   0 % - 参数化曲线 1
           当前进度:   0 % - 转换为实体 1
           当前进度:   0 % - 参数化曲线 2
           当前进度:   0 % - 转换为实体 2
           当前进度:   1 % - 参数化曲线 3
           当前进度:   1 % - 转换为实体 3
           当前进度:   1 % - 参数化曲线 4
           当前进度:   1 % - 转换为实体 4
           当前进度:   1 % - 参数化曲线 5
           当前进度:   1 % - 转换为实体 5
           当前进度:   2 % - 参数化曲线 6
           当前进度:   2 % - 转换为实体 6
           当前进度:   2 % - 参数化曲线 7
           当前进度:   2 % - 转换为实体 7
           当前进度:   2 % - 参数化曲线 8
           当前进度:   2 % - 转换为实体 8
           当前进度:   2 % - 参数化曲线 9
           当前进度:   2 % - 转换为实体 9
           当前进度:   3 % - 参数化曲线 10
           当前进度:   3 % - 转换为实体 10
           当前进度:   3 % - 参数化曲线 11
           当前进度:   3 % - 转换为实体 11
           当前进度:   3 % - 参数化曲线 12
           当前进度:   3 % - 转换为实体 12
           当前进度:   4 % - 参数化曲线 13
           当前进度:   4 % - 转换为实体 13
           当前进度:   4 % - 参数化曲线 14
           当前进度:   4 % - 转换为实体 14
           当前进度:   4 % - 参数化曲线 15
           当前进度:   4 % - 转换为实体 15
           当前进度:   5 % - 参数化曲线 16
           当前进度:   5 % - 转换为实体 16
           当前进度:   5 % - 参数化曲线 17
           当前进度:   5 % - 转换为实体 17
           当前进度:   5 % - 参数化曲线 18
           当前进度:   5 % - 转换为实体 18
           当前进度:   5 % - 参数化曲线 19
           当前进度:   5 % - 转换为实体 19
           当前进度:   6 % - 参数化曲线 20
           当前进度:   6 % - 转换为实体 20
           当前进度:   6 % - 参数化曲线 21
           当前进度:   6 % - 转换为实体 21
           当前进度:   6 % - 参数化曲线 22
           当前进度:   6 % - 转换为实体 22
           当前进度:   7 % - 参数化曲线 23
           当前进度:   7 % - 转换为实体 23
           当前进度:   7 % - 参数化曲线 24
           当前进度:   7 % - 转换为实体 24
           当前进度:   7 % - 参数化曲线 25
           当前进度:   7 % - 转换为实体 25
           当前进度:   8 % - 参数化曲线 26
           当前进度:   8 % - 转换为实体 26
           当前进度:   8 % - 参数化曲线 27
           当前进度:   8 % - 转换为实体 27
           当前进度:   8 % - 参数化曲线 28
           当前进度:   8 % - 转换为实体 28
           当前进度:   8 % - 参数化曲线 29
           当前进度:   8 % - 转换为实体 29
           当前进度:   9 % - 参数化曲线 30
           当前进度:   9 % - 转换为实体 30
           当前进度:   9 % - 参数化曲线 31
           当前进度:   9 % - 转换为实体 31
           当前进度:   9 % - 参数化曲线 32
           当前进度:   9 % - 转换为实体 32
-          当前进度:  10 % - 参数化曲线 33
-          当前进度:  10 % - 转换为实体 33
-          当前进度:  10 % - 参数化曲线 34
-          当前进度:  10 % - 转换为实体 34
-          当前进度:  10 % - 参数化曲线 35
-          当前进度:  10 % - 转换为实体 35
-          当前进度:  11 % - 参数化曲线 36
-          当前进度:  11 % - 转换为实体 36
-          当前进度:  11 % - 参数化曲线 37
-          当前进度:  11 % - 转换为实体 37
-          当前进度:  11 % - 参数化曲线 38
-          当前进度:  11 % - 转换为实体 38
-          当前进度:  11 % - 参数化曲线 39
-          当前进度:  12 % - 转换为实体 39
-          当前进度:  12 % - 参数化曲线 40
-          当前进度:  12 % - 转换为实体 40
-          当前进度:  12 % - 参数化曲线 41
-          当前进度:  12 % - 转换为实体 41
-          当前进度:  12 % - 参数化曲线 42
-          当前进度:  12 % - 转换为实体 42
-          当前进度:  13 % - 参数化曲线 43
-          当前进度:  13 % - 转换为实体 43
-          当前进度:  13 % - 参数化曲线 44
-          当前进度:  13 % - 转换为实体 44
-          当前进度:  13 % - 参数化曲线 45
-          当前进度:  13 % - 转换为实体 45
-          当前进度:  14 % - 参数化曲线 46
-          当前进度:  14 % - 转换为实体 46
-          当前进度:  14 % - 参数化曲线 47
-          当前进度:  14 % - 转换为实体 47
-          当前进度:  14 % - 参数化曲线 48
-          当前进度:  14 % - 转换为实体 48
-          当前进度:  14 % - 参数化曲线 49
-          当前进度:  15 % - 转换为实体 49
-          当前进度:  15 % - 参数化曲线 50
Memory: 1107/2803 1179/3078
-          当前进度:  15 % - 转换为实体 50
Memory: 1106/2803 1178/3078
-          当前进度:  15 % - 参数化曲线 51
-          当前进度:  15 % - 转换为实体 51
-          当前进度:  15 % - 参数化曲线 52
-          当前进度:  15 % - 转换为实体 52
-          当前进度:  16 % - 参数化曲线 53
-          当前进度:  16 % - 转换为实体 53
-          当前进度:  16 % - 参数化曲线 54
-          当前进度:  16 % - 转换为实体 54
Memory: 1107/2803 1179/3078
-          当前进度:  16 % - 参数化曲线 55
Memory: 1106/2803 1178/3078
-          当前进度:  16 % - 转换为实体 55
-          当前进度:  17 % - 参数化曲线 56
Memory: 1107/2803 1179/3078
-          当前进度:  17 % - 转换为实体 56
Memory: 1106/2803 1178/3078
-          当前进度:  17 % - 参数化曲线 57
-          当前进度:  17 % - 转换为实体 57
Memory: 1108/2803 1179/3078
-          当前进度:  17 % - 参数化曲线 58
Memory: 1106/2803 1178/3078
-          当前进度:  17 % - 转换为实体 58
-          当前进度:  17 % - 参数化曲线 59
-          当前进度:  18 % - 转换为实体 59
-          当前进度:  18 % - 参数化曲线 60
-          当前进度:  18 % - 转换为实体 60
-          当前进度:  18 % - 参数化曲线 61
-          当前进度:  18 % - 转换为实体 61
-          当前进度:  18 % - 参数化曲线 62
-          当前进度:  18 % - 转换为实体 62
-          当前进度:  19 % - 参数化曲线 63
-          当前进度:  19 % - 转换为实体 63
-          当前进度:  19 % - 参数化曲线 64
-          当前进度:  19 % - 转换为实体 64
-          当前进度:  19 % - 参数化曲线 65
-          当前进度:  19 % - 转换为实体 65
--         当前进度:  20 % - 参数化曲线 66
--         当前进度:  20 % - 转换为实体 66
--         当前进度:  20 % - 参数化曲线 67
Memory: 1111/2803 1182/3078
--         当前进度:  20 % - 转换为实体 67
--         当前进度:  20 % - 参数化曲线 68
--         当前进度:  20 % - 转换为实体 68
--         当前进度:  21 % - 参数化曲线 69
--         当前进度:  21 % - 转换为实体 69
Memory: 1106/2803 1178/3078
--         当前进度:  21 % - 参数化曲线 70
--         当前进度:  21 % - 转换为实体 70
--         当前进度:  21 % - 参数化曲线 71
--         当前进度:  21 % - 转换为实体 71
--         当前进度:  21 % - 参数化曲线 72
--         当前进度:  21 % - 转换为实体 72
--         当前进度:  22 % - 参数化曲线 73
Memory: 1108/2803 1180/3078
--         当前进度:  22 % - 转换为实体 73
Memory: 1109/2803 1180/3078
--         当前进度:  22 % - 参数化曲线 74
--         当前进度:  22 % - 转换为实体 74
--         当前进度:  22 % - 参数化曲线 75
--         当前进度:  22 % - 转换为实体 75
--         当前进度:  23 % - 参数化曲线 76
--         当前进度:  23 % - 转换为实体 76
--         当前进度:  23 % - 参数化曲线 77
--         当前进度:  23 % - 转换为实体 77
--         当前进度:  23 % - 参数化曲线 78
--         当前进度:  23 % - 转换为实体 78
--         当前进度:  24 % - 参数化曲线 79
--         当前进度:  24 % - 转换为实体 79
--         当前进度:  24 % - 参数化曲线 80
--         当前进度:  24 % - 转换为实体 80
--         当前进度:  24 % - 参数化曲线 81
--         当前进度:  24 % - 转换为实体 81
--         当前进度:  24 % - 参数化曲线 82
Memory: 1108/2803 1182/3078
--         当前进度:  24 % - 转换为实体 82
Memory: 1110/2803 1182/3078
--         当前进度:  25 % - 参数化曲线 83
--         当前进度:  25 % - 转换为实体 83
--         当前进度:  25 % - 参数化曲线 84
--         当前进度:  25 % - 转换为实体 84
--         当前进度:  25 % - 参数化曲线 85
--         当前进度:  25 % - 转换为实体 85
--         当前进度:  26 % - 参数化曲线 86
--         当前进度:  26 % - 转换为实体 86
--         当前进度:  26 % - 参数化曲线 87
--         当前进度:  26 % - 转换为实体 87
--         当前进度:  26 % - 参数化曲线 88
--         当前进度:  26 % - 转换为实体 88
--         当前进度:  27 % - 参数化曲线 89
--         当前进度:  27 % - 转换为实体 89
--         当前进度:  27 % - 参数化曲线 90
--         当前进度:  27 % - 转换为实体 90
--         当前进度:  27 % - 参数化曲线 91
--         当前进度:  27 % - 转换为实体 91
--         当前进度:  27 % - 参数化曲线 92
--         当前进度:  27 % - 转换为实体 92
--         当前进度:  28 % - 参数化曲线 93
--         当前进度:  28 % - 转换为实体 93
--         当前进度:  28 % - 参数化曲线 94
--         当前进度:  28 % - 转换为实体 94
--         当前进度:  28 % - 参数化曲线 95
--         当前进度:  28 % - 转换为实体 95
--         当前进度:  29 % - 参数化曲线 96
--         当前进度:  29 % - 转换为实体 96
--         当前进度:  29 % - 参数化曲线 97
--         当前进度:  29 % - 转换为实体 97
--         当前进度:  29 % - 参数化曲线 98
--         当前进度:  29 % - 转换为实体 98
---        当前进度:  30 % - 参数化曲线 99
---        当前进度:  30 % - 转换为实体 99
---        当前进度:  30 % - 参数化曲线 100
Memory: 1112/2803 1183/3078
---        当前进度:  30 % - 转换为实体 100
Memory: 1110/2803 1182/3078
---        当前进度:  30 % - 参数化曲线 101
Memory: 1111/2803 1183/3078
---        当前进度:  30 % - 转换为实体 101
Memory: 1110/2803 1182/3078
---        当前进度:  30 % - 参数化曲线 102
---        当前进度:  30 % - 转换为实体 102
---        当前进度:  31 % - 参数化曲线 103
---        当前进度:  31 % - 转换为实体 103
---        当前进度:  31 % - 参数化曲线 104
---        当前进度:  31 % - 转换为实体 104
Memory: 1108/2803 1182/3078
---        当前进度:  31 % - 参数化曲线 105
Memory: 1111/2803 1183/3078
---        当前进度:  31 % - 转换为实体 105
Memory: 1111/2803 1182/3078
---        当前进度:  32 % - 参数化曲线 106
---        当前进度:  32 % - 转换为实体 106
---        当前进度:  32 % - 参数化曲线 107
---        当前进度:  32 % - 转换为实体 107
---        当前进度:  32 % - 参数化曲线 108
---        当前进度:  32 % - 转换为实体 108
---        当前进度:  33 % - 参数化曲线 109
---        当前进度:  33 % - 转换为实体 109
---        当前进度:  33 % - 参数化曲线 110
---        当前进度:  33 % - 转换为实体 110
---        当前进度:  33 % - 参数化曲线 111
---        当前进度:  33 % - 转换为实体 111
---        当前进度:  33 % - 参数化曲线 112
---        当前进度:  33 % - 转换为实体 112
---        当前进度:  34 % - 参数化曲线 113
Memory: 1114/2803 1185/3078
---        当前进度:  34 % - 转换为实体 113
---        当前进度:  34 % - 参数化曲线 114
Memory: 1111/2803 1182/3078
---        当前进度:  34 % - 转换为实体 114
Memory: 1107/2803 1182/3078
---        当前进度:  34 % - 参数化曲线 115
Memory: 1111/2803 1182/3078
---        当前进度:  34 % - 转换为实体 115
---        当前进度:  35 % - 参数化曲线 116
---        当前进度:  35 % - 转换为实体 116
---        当前进度:  35 % - 参数化曲线 117
---        当前进度:  35 % - 转换为实体 117
---        当前进度:  35 % - 参数化曲线 118
---        当前进度:  35 % - 转换为实体 118
---        当前进度:  36 % - 参数化曲线 119
Memory: 1111/2803 1184/3078
---        当前进度:  36 % - 转换为实体 119
Memory: 1113/2803 1184/3078
---        当前进度:  36 % - 参数化曲线 120
---        当前进度:  36 % - 转换为实体 120
---        当前进度:  36 % - 参数化曲线 121
---        当前进度:  36 % - 转换为实体 121
---        当前进度:  36 % - 参数化曲线 122
---        当前进度:  37 % - 转换为实体 122
Memory: 1111/2803 1182/3078
---        当前进度:  37 % - 参数化曲线 123
---        当前进度:  37 % - 转换为实体 123
---        当前进度:  37 % - 参数化曲线 124
---        当前进度:  37 % - 转换为实体 124
---        当前进度:  37 % - 参数化曲线 125
---        当前进度:  37 % - 转换为实体 125
---        当前进度:  38 % - 参数化曲线 126
---        当前进度:  38 % - 转换为实体 126
---        当前进度:  38 % - 参数化曲线 127
---        当前进度:  38 % - 转换为实体 127
---        当前进度:  38 % - 参数化曲线 128
---        当前进度:  38 % - 转换为实体 128
---        当前进度:  39 % - 参数化曲线 129
---        当前进度:  39 % - 转换为实体 129
---        当前进度:  39 % - 参数化曲线 130
---        当前进度:  39 % - 转换为实体 130
---        当前进度:  39 % - 参数化曲线 131
---        当前进度:  39 % - 转换为实体 131
---        当前进度:  39 % - 参数化曲线 132
----       当前进度:  40 % - 转换为实体 132
----       当前进度:  40 % - 参数化曲线 133
----       当前进度:  40 % - 转换为实体 133
----       当前进度:  40 % - 参数化曲线 134
----       当前进度:  40 % - 转换为实体 134
----       当前进度:  40 % - 参数化曲线 135
----       当前进度:  40 % - 转换为实体 135
----       当前进度:  41 % - 参数化曲线 136
----       当前进度:  41 % - 转换为实体 136
----       当前进度:  41 % - 参数化曲线 137
----       当前进度:  41 % - 转换为实体 137
Memory: 1109/2803 1182/3078
----       当前进度:  41 % - 参数化曲线 138
Memory: 1107/2803 1178/3078
----       当前进度:  41 % - 转换为实体 138
Memory: 1108/2803 1179/3078
----       当前进度:  42 % - 参数化曲线 139
Memory: 1107/2803 1178/3078
----       当前进度:  42 % - 转换为实体 139
Memory: 1108/2803 1179/3078
----       当前进度:  42 % - 参数化曲线 140
Memory: 1107/2803 1178/3078
----       当前进度:  42 % - 转换为实体 140
----       当前进度:  42 % - 参数化曲线 141
----       当前进度:  42 % - 转换为实体 141
----       当前进度:  42 % - 参数化曲线 142
----       当前进度:  43 % - 转换为实体 142
----       当前进度:  43 % - 参数化曲线 143
----       当前进度:  43 % - 转换为实体 143
----       当前进度:  43 % - 参数化曲线 144
Memory: 1107/2803 1179/3078
----       当前进度:  43 % - 转换为实体 144
Memory: 1107/2803 1178/3078
----       当前进度:  43 % - 参数化曲线 145
----       当前进度:  43 % - 转换为实体 145
----       当前进度:  44 % - 参数化曲线 146
----       当前进度:  44 % - 转换为实体 146
----       当前进度:  44 % - 参数化曲线 147
----       当前进度:  44 % - 转换为实体 147
----       当前进度:  44 % - 参数化曲线 148
----       当前进度:  44 % - 转换为实体 148
----       当前进度:  45 % - 参数化曲线 149
----       当前进度:  45 % - 转换为实体 149
Memory: 1109/2803 1181/3078
----       当前进度:  45 % - 参数化曲线 150
Memory: 1110/2803 1181/3078
----       当前进度:  45 % - 转换为实体 150
----       当前进度:  45 % - 参数化曲线 151
----       当前进度:  45 % - 转换为实体 151
Memory: 1107/2803 1178/3078
----       当前进度:  46 % - 参数化曲线 152
----       当前进度:  46 % - 转换为实体 152
----       当前进度:  46 % - 参数化曲线 153
----       当前进度:  46 % - 转换为实体 153
----       当前进度:  46 % - 参数化曲线 154
----       当前进度:  46 % - 转换为实体 154
----       当前进度:  46 % - 参数化曲线 155
----       当前进度:  46 % - 转换为实体 155
----       当前进度:  47 % - 参数化曲线 156
----       当前进度:  47 % - 转换为实体 156
----       当前进度:  47 % - 参数化曲线 157
Memory: 1108/2803 1180/3078
----       当前进度:  47 % - 转换为实体 157
Memory: 1109/2803 1180/3078
----       当前进度:  47 % - 参数化曲线 158
----       当前进度:  47 % - 转换为实体 158
----       当前进度:  48 % - 参数化曲线 159
----       当前进度:  48 % - 转换为实体 159
----       当前进度:  48 % - 参数化曲线 160
----       当前进度:  48 % - 转换为实体 160
----       当前进度:  48 % - 参数化曲线 161
----       当前进度:  48 % - 转换为实体 161
----       当前进度:  49 % - 参数化曲线 162
----       当前进度:  49 % - 转换为实体 162
----       当前进度:  49 % - 参数化曲线 163
Memory: 1108/2803 1181/3078
----       当前进度:  49 % - 转换为实体 163
Memory: 1109/2803 1181/3078
----       当前进度:  49 % - 参数化曲线 164
----       当前进度:  49 % - 转换为实体 164
----       当前进度:  49 % - 参数化曲线 165
----       当前进度:  49 % - 转换为实体 165
-----      当前进度:  50 % - 参数化曲线 166
-----      当前进度:  50 % - 转换为实体 166
-----      当前进度:  50 % - 参数化曲线 167
-----      当前进度:  50 % - 转换为实体 167
-----      当前进度:  50 % - 参数化曲线 168
-----      当前进度:  50 % - 转换为实体 168
-----      当前进度:  51 % - 参数化曲线 169
-----      当前进度:  51 % - 转换为实体 169
Memory: 1107/2803 1178/3078
-----      当前进度:  51 % - 参数化曲线 170
-----      当前进度:  51 % - 转换为实体 170
-----      当前进度:  51 % - 参数化曲线 171
-----      当前进度:  51 % - 转换为实体 171
-----      当前进度:  52 % - 参数化曲线 172
-----      当前进度:  52 % - 转换为实体 172
-----      当前进度:  52 % - 参数化曲线 173
-----      当前进度:  52 % - 转换为实体 173
-----      当前进度:  52 % - 参数化曲线 174
-----      当前进度:  52 % - 转换为实体 174
-----      当前进度:  52 % - 参数化曲线 175
-----      当前进度:  52 % - 转换为实体 175
-----      当前进度:  53 % - 参数化曲线 176
-----      当前进度:  53 % - 转换为实体 176
-----      当前进度:  53 % - 参数化曲线 177
-----      当前进度:  53 % - 转换为实体 177
-----      当前进度:  53 % - 参数化曲线 178
-----      当前进度:  53 % - 转换为实体 178
-----      当前进度:  54 % - 参数化曲线 179
-----      当前进度:  54 % - 转换为实体 179
-----      当前进度:  54 % - 参数化曲线 180
-----      当前进度:  54 % - 转换为实体 180
-----      当前进度:  54 % - 参数化曲线 181
-----      当前进度:  54 % - 转换为实体 181
-----      当前进度:  55 % - 参数化曲线 182
-----      当前进度:  55 % - 转换为实体 182
-----      当前进度:  55 % - 参数化曲线 183
-----      当前进度:  55 % - 转换为实体 183
-----      当前进度:  55 % - 参数化曲线 184
-----      当前进度:  55 % - 转换为实体 184
-----      当前进度:  55 % - 参数化曲线 185
-----      当前进度:  55 % - 转换为实体 185
-----      当前进度:  56 % - 参数化曲线 186
-----      当前进度:  56 % - 转换为实体 186
-----      当前进度:  56 % - 参数化曲线 187
-----      当前进度:  56 % - 转换为实体 187
-----      当前进度:  56 % - 参数化曲线 188
-----      当前进度:  56 % - 转换为实体 188
-----      当前进度:  57 % - 参数化曲线 189
-----      当前进度:  57 % - 转换为实体 189
-----      当前进度:  57 % - 参数化曲线 190
-----      当前进度:  57 % - 转换为实体 190
-----      当前进度:  57 % - 参数化曲线 191
-----      当前进度:  57 % - 转换为实体 191
-----      当前进度:  58 % - 参数化曲线 192
-----      当前进度:  58 % - 转换为实体 192
-----      当前进度:  58 % - 参数化曲线 193
-----      当前进度:  58 % - 转换为实体 193
-----      当前进度:  58 % - 参数化曲线 194
-----      当前进度:  58 % - 转换为实体 194
-----      当前进度:  58 % - 参数化曲线 195
-----      当前进度:  58 % - 转换为实体 195
-----      当前进度:  59 % - 参数化曲线 196
-----      当前进度:  59 % - 转换为实体 196
-----      当前进度:  59 % - 参数化曲线 197
-----      当前进度:  59 % - 转换为实体 197
-----      当前进度:  59 % - 参数化曲线 198
-----      当前进度:  59 % - 转换为实体 198
------     当前进度:  60 % - 参数化曲线 199
------     当前进度:  60 % - 转换为实体 199
------     当前进度:  60 % - 参数化曲线 200
------     当前进度:  60 % - 转换为实体 200
------     当前进度:  60 % - 参数化曲线 201
------     当前进度:  60 % - 转换为实体 201
------     当前进度:  61 % - 参数化曲线 202
------     当前进度:  61 % - 转换为实体 202
------     当前进度:  61 % - 参数化曲线 203
------     当前进度:  61 % - 转换为实体 203
------     当前进度:  61 % - 参数化曲线 204
------     当前进度:  61 % - 转换为实体 204
------     当前进度:  61 % - 参数化曲线 205
------     当前进度:  62 % - 转换为实体 205
------     当前进度:  62 % - 参数化曲线 206
------     当前进度:  62 % - 转换为实体 206
------     当前进度:  62 % - 参数化曲线 207
------     当前进度:  62 % - 转换为实体 207
------     当前进度:  62 % - 参数化曲线 208
------     当前进度:  62 % - 转换为实体 208
------     当前进度:  63 % - 参数化曲线 209
------     当前进度:  63 % - 转换为实体 209
------     当前进度:  63 % - 参数化曲线 210
------     当前进度:  63 % - 转换为实体 210
------     当前进度:  63 % - 参数化曲线 211
------     当前进度:  63 % - 转换为实体 211
------     当前进度:  64 % - 参数化曲线 212
------     当前进度:  64 % - 转换为实体 212
------     当前进度:  64 % - 参数化曲线 213
------     当前进度:  64 % - 转换为实体 213
------     当前进度:  64 % - 参数化曲线 214
------     当前进度:  64 % - 转换为实体 214
------     当前进度:  64 % - 参数化曲线 215
------     当前进度:  65 % - 转换为实体 215
------     当前进度:  65 % - 参数化曲线 216
Memory: 1107/2803 1182/3078
------     当前进度:  65 % - 转换为实体 216
Memory: 1110/2803 1182/3078
------     当前进度:  65 % - 参数化曲线 217
------     当前进度:  65 % - 转换为实体 217
------     当前进度:  65 % - 参数化曲线 218
Memory: 1107/2803 1178/3078
------     当前进度:  65 % - 转换为实体 218
------     当前进度:  66 % - 参数化曲线 219
------     当前进度:  66 % - 转换为实体 219
------     当前进度:  66 % - 参数化曲线 220
------     当前进度:  66 % - 转换为实体 220
------     当前进度:  66 % - 参数化曲线 221
------     当前进度:  66 % - 转换为实体 221
------     当前进度:  67 % - 参数化曲线 222
------     当前进度:  67 % - 转换为实体 222
------     当前进度:  67 % - 参数化曲线 223
Memory: 1108/2803 1179/3078
------     当前进度:  67 % - 转换为实体 223
Memory: 1107/2803 1178/3078
------     当前进度:  67 % - 参数化曲线 224
Memory: 1107/2803 1179/3078
------     当前进度:  67 % - 转换为实体 224
Memory: 1107/2803 1178/3078
------     当前进度:  67 % - 参数化曲线 225
Memory: 1110/2803 1181/3078
------     当前进度:  68 % - 转换为实体 225
------     当前进度:  68 % - 参数化曲线 226
------     当前进度:  68 % - 转换为实体 226
------     当前进度:  68 % - 参数化曲线 227
------     当前进度:  68 % - 转换为实体 227
------     当前进度:  68 % - 参数化曲线 228
------     当前进度:  68 % - 转换为实体 228
------     当前进度:  69 % - 参数化曲线 229
------     当前进度:  69 % - 转换为实体 229
------     当前进度:  69 % - 参数化曲线 230
Memory: 1108/2803 1181/3078
------     当前进度:  69 % - 转换为实体 230
Memory: 1110/2803 1181/3078
------     当前进度:  69 % - 参数化曲线 231
Memory: 1114/2803 1185/3078
------     当前进度:  69 % - 转换为实体 231
-------    当前进度:  70 % - 参数化曲线 232
-------    当前进度:  70 % - 转换为实体 232
-------    当前进度:  70 % - 参数化曲线 233
Memory: 1110/2803 1181/3078
-------    当前进度:  70 % - 转换为实体 233
-------    当前进度:  70 % - 参数化曲线 234
-------    当前进度:  70 % - 转换为实体 234
-------    当前进度:  71 % - 参数化曲线 235
-------    当前进度:  71 % - 转换为实体 235
-------    当前进度:  71 % - 参数化曲线 236
-------    当前进度:  71 % - 转换为实体 236
-------    当前进度:  71 % - 参数化曲线 237
-------    当前进度:  71 % - 转换为实体 237
-------    当前进度:  71 % - 参数化曲线 238
-------    当前进度:  71 % - 转换为实体 238
Memory: 1107/2803 1178/3078
-------    当前进度:  72 % - 参数化曲线 239
-------    当前进度:  72 % - 转换为实体 239
-------    当前进度:  72 % - 参数化曲线 240
Memory: 1109/2803 1180/3078
-------    当前进度:  72 % - 转换为实体 240
-------    当前进度:  72 % - 参数化曲线 241
-------    当前进度:  72 % - 转换为实体 241
-------    当前进度:  73 % - 参数化曲线 242
-------    当前进度:  73 % - 转换为实体 242
-------    当前进度:  73 % - 参数化曲线 243
-------    当前进度:  73 % - 转换为实体 243
-------    当前进度:  73 % - 参数化曲线 244
-------    当前进度:  73 % - 转换为实体 244
-------    当前进度:  74 % - 参数化曲线 245
-------    当前进度:  74 % - 转换为实体 245
Memory: 1107/2803 1178/3078
-------    当前进度:  74 % - 参数化曲线 246
Memory: 1109/2803 1180/3078
-------    当前进度:  74 % - 转换为实体 246
-------    当前进度:  74 % - 参数化曲线 247
-------    当前进度:  74 % - 转换为实体 247
-------    当前进度:  74 % - 参数化曲线 248
-------    当前进度:  74 % - 转换为实体 248
-------    当前进度:  75 % - 参数化曲线 249
-------    当前进度:  75 % - 转换为实体 249
-------    当前进度:  75 % - 参数化曲线 250
-------    当前进度:  75 % - 转换为实体 250
-------    当前进度:  75 % - 参数化曲线 251
-------    当前进度:  75 % - 转换为实体 251
-------    当前进度:  76 % - 参数化曲线 252
-------    当前进度:  76 % - 转换为实体 252
-------    当前进度:  76 % - 参数化曲线 253
-------    当前进度:  76 % - 转换为实体 253
-------    当前进度:  76 % - 参数化曲线 254
-------    当前进度:  76 % - 转换为实体 254
-------    当前进度:  77 % - 参数化曲线 255
-------    当前进度:  77 % - 转换为实体 255
-------    当前进度:  77 % - 参数化曲线 256
-------    当前进度:  77 % - 转换为实体 256
Memory: 1107/2803 1178/3078
-------    当前进度:  77 % - 参数化曲线 257
-------    当前进度:  77 % - 转换为实体 257
-------    当前进度:  77 % - 参数化曲线 258
-------    当前进度:  77 % - 转换为实体 258
-------    当前进度:  78 % - 参数化曲线 259
-------    当前进度:  78 % - 转换为实体 259
-------    当前进度:  78 % - 参数化曲线 260
-------    当前进度:  78 % - 转换为实体 260
-------    当前进度:  78 % - 参数化曲线 261
-------    当前进度:  78 % - 转换为实体 261
-------    当前进度:  79 % - 参数化曲线 262
-------    当前进度:  79 % - 转换为实体 262
-------    当前进度:  79 % - 参数化曲线 263
-------    当前进度:  79 % - 转换为实体 263
-------    当前进度:  79 % - 参数化曲线 264
-------    当前进度:  79 % - 转换为实体 264
--------   当前进度:  80 % - 参数化曲线 265
--------   当前进度:  80 % - 转换为实体 265
--------   当前进度:  80 % - 参数化曲线 266
--------   当前进度:  80 % - 转换为实体 266
--------   当前进度:  80 % - 参数化曲线 267
--------   当前进度:  80 % - 转换为实体 267
--------   当前进度:  80 % - 参数化曲线 268
--------   当前进度:  80 % - 转换为实体 268
--------   当前进度:  81 % - 参数化曲线 269
--------   当前进度:  81 % - 转换为实体 269
--------   当前进度:  81 % - 参数化曲线 270
--------   当前进度:  81 % - 转换为实体 270
--------   当前进度:  81 % - 参数化曲线 271
--------   当前进度:  81 % - 转换为实体 271
--------   当前进度:  82 % - 参数化曲线 272
--------   当前进度:  82 % - 转换为实体 272
--------   当前进度:  82 % - 参数化曲线 273
--------   当前进度:  82 % - 转换为实体 273
--------   当前进度:  82 % - 参数化曲线 274
--------   当前进度:  82 % - 转换为实体 274
--------   当前进度:  83 % - 参数化曲线 275
--------   当前进度:  83 % - 转换为实体 275
--------   当前进度:  83 % - 参数化曲线 276
--------   当前进度:  83 % - 转换为实体 276
--------   当前进度:  83 % - 参数化曲线 277
--------   当前进度:  83 % - 转换为实体 277
--------   当前进度:  83 % - 参数化曲线 278
--------   当前进度:  83 % - 转换为实体 278
--------   当前进度:  84 % - 参数化曲线 279
--------   当前进度:  84 % - 转换为实体 279
--------   当前进度:  84 % - 参数化曲线 280
--------   当前进度:  84 % - 转换为实体 280
--------   当前进度:  84 % - 参数化曲线 281
--------   当前进度:  84 % - 转换为实体 281
--------   当前进度:  85 % - 参数化曲线 282
--------   当前进度:  85 % - 转换为实体 282
--------   当前进度:  85 % - 参数化曲线 283
--------   当前进度:  85 % - 转换为实体 283
--------   当前进度:  85 % - 参数化曲线 284
--------   当前进度:  85 % - 转换为实体 284
--------   当前进度:  86 % - 参数化曲线 285
--------   当前进度:  86 % - 转换为实体 285
--------   当前进度:  86 % - 参数化曲线 286
--------   当前进度:  86 % - 转换为实体 286
--------   当前进度:  86 % - 参数化曲线 287
--------   当前进度:  86 % - 转换为实体 287
--------   当前进度:  86 % - 参数化曲线 288
--------   当前进度:  87 % - 转换为实体 288
--------   当前进度:  87 % - 参数化曲线 289
--------   当前进度:  87 % - 转换为实体 289
--------   当前进度:  87 % - 参数化曲线 290
--------   当前进度:  87 % - 转换为实体 290
--------   当前进度:  87 % - 参数化曲线 291
--------   当前进度:  87 % - 转换为实体 291
--------   当前进度:  88 % - 参数化曲线 292
--------   当前进度:  88 % - 转换为实体 292
--------   当前进度:  88 % - 参数化曲线 293
--------   当前进度:  88 % - 转换为实体 293
--------   当前进度:  88 % - 参数化曲线 294
--------   当前进度:  88 % - 转换为实体 294
--------   当前进度:  89 % - 参数化曲线 295
--------   当前进度:  89 % - 转换为实体 295
--------   当前进度:  89 % - 参数化曲线 296
--------   当前进度:  89 % - 转换为实体 296
--------   当前进度:  89 % - 参数化曲线 297
--------   当前进度:  89 % - 转换为实体 297
--------   当前进度:  89 % - 参数化曲线 298
---------  当前进度:  90 % - 转换为实体 298
---------  当前进度:  90 % - 参数化曲线 299
---------  当前进度:  90 % - 转换为实体 299
---------  当前进度:  90 % - 参数化曲线 300
---------  当前进度:  90 % - 转换为实体 300
---------  当前进度:  90 % - 参数化曲线 301
---------  当前进度:  90 % - 转换为实体 301
---------  当前进度:  91 % - 参数化曲线 302
---------  当前进度:  91 % - 转换为实体 302
---------  当前进度:  91 % - 参数化曲线 303
---------  当前进度:  91 % - 转换为实体 303
---------  当前进度:  91 % - 参数化曲线 304
---------  当前进度:  91 % - 转换为实体 304
---------  当前进度:  92 % - 参数化曲线 305
---------  当前进度:  92 % - 转换为实体 305
---------  当前进度:  92 % - 参数化曲线 306
---------  当前进度:  92 % - 转换为实体 306
---------  当前进度:  92 % - 参数化曲线 307
---------  当前进度:  92 % - 转换为实体 307
---------  当前进度:  92 % - 参数化曲线 308
---------  当前进度:  93 % - 转换为实体 308
---------  当前进度:  93 % - 参数化曲线 309
---------  当前进度:  93 % - 转换为实体 309
---------  当前进度:  93 % - 参数化曲线 310
---------  当前进度:  93 % - 转换为实体 310
---------  当前进度:  93 % - 参数化曲线 311
---------  当前进度:  93 % - 转换为实体 311
---------  当前进度:  94 % - 参数化曲线 312
---------  当前进度:  94 % - 转换为实体 312
---------  当前进度:  94 % - 参数化曲线 313
---------  当前进度:  94 % - 转换为实体 313
---------  当前进度:  94 % - 参数化曲线 314
---------  当前进度:  94 % - 转换为实体 314
---------  当前进度:  95 % - 参数化曲线 315
---------  当前进度:  95 % - 转换为实体 315
---------  当前进度:  95 % - 参数化曲线 316
---------  当前进度:  95 % - 转换为实体 316
---------  当前进度:  95 % - 参数化曲线 317
---------  当前进度:  95 % - 转换为实体 317
---------  当前进度:  96 % - 参数化曲线 318
---------  当前进度:  96 % - 转换为实体 318
---------  当前进度:  96 % - 参数化曲线 319
---------  当前进度:  96 % - 转换为实体 319
---------  当前进度:  96 % - 参数化曲线 320
---------  当前进度:  96 % - 转换为实体 320
---------  当前进度:  96 % - 参数化曲线 321
---------  当前进度:  96 % - 转换为实体 321
---------  当前进度:  97 % - 参数化曲线 322
---------  当前进度:  97 % - 转换为实体 322
---------  当前进度:  97 % - 参数化曲线 323
---------  当前进度:  97 % - 转换为实体 323
---------  当前进度:  97 % - 参数化曲线 324
---------  当前进度:  97 % - 转换为实体 324
---------  当前进度:  98 % - 参数化曲线 325
---------  当前进度:  98 % - 转换为实体 325
---------  当前进度:  98 % - 参数化曲线 326
---------  当前进度:  98 % - 转换为实体 326
---------  当前进度:  98 % - 参数化曲线 327
---------  当前进度:  98 % - 转换为实体 327
---------  当前进度:  99 % - 参数化曲线 328
---------  当前进度:  99 % - 转换为实体 328
---------  当前进度:  99 % - 参数化曲线 329
---------  当前进度:  99 % - 转换为实体 329
---------  当前进度:  99 % - 参数化曲线 330
---------  当前进度:  99 % - 转换为实体 330
---------  当前进度:  99 % - 参数化曲线 331
---------  当前进度:  99 % - 转换为实体 331
---------- 当前进度: 100 % - 形成联合体
---------- 当前进度: 100 % - 处理边相交
---------- 当前进度: 100 % - 解析域和空区域
---------- 当前进度: 100 % - 正在更新选择
Memory: 1106/2803 1178/3078
<---- 200 kHz: naturally distributed strand currents/解 1 (sol1) 中的“编译方程: 频域” ---
开始于 2026年9月26日 上午11:06:33。
几何形函数: 二次拉格朗日单元
在 Intel64 Family 6 Model 183 Stepping 1, GenuineIntel 上运行。
在以下位置使用 1 个插槽： MIST 上（共 4 个内核）。
可用内存：16.11 GB。
           当前进度:   1 % - 编译方程: 频域
Memory: 1102/2803 1175/3078
时间：1。
物理内存: 1.1 GB
虚拟内存: 1.17 GB
结束时间：2026年9月26日 上午11:06:34。
----- 200 kHz: naturally distributed strand currents/解 1 (sol1) 中的“编译方程: 频域” -->
<---- 200 kHz: naturally distributed strand currents/解 1 (sol1) 中的“因变量 1” ------
开始于 2026年9月26日 上午11:06:34。
           当前进度:   1 % - 因变量 1
Memory: 1109/2803 1181/3078
求解时间：0 s。
物理内存: 1.11 GB
虚拟内存: 1.18 GB
结束时间：2026年9月26日 上午11:06:35。
----- 200 kHz: naturally distributed strand currents/解 1 (sol1) 中的“因变量 1” ----->
<---- 200 kHz: naturally distributed strand currents/解 1 (sol1) 中的“稳态求解器 1” ----
开始于 2026年9月26日 上午11:06:35。
           当前进度:   2 % - 稳态求解器 1
Memory: 1157/2803 1229/3078
线性求解器
求解的自由度数：660587。
-          当前进度:  14 % - 组装稀疏模式
Memory: 1212/2803 1285/3078
-          当前进度:  16 % - 组装稀疏模式
Memory: 1322/2803 1397/3078
-          当前进度:  19 % - 组装矩阵
Memory: 1539/2803 1612/3078
---        当前进度:  31 % - 组装矩阵
Memory: 1512/2803 1584/3078
---        当前进度:  31 % - 
Memory: 1600/2803 1678/3078
找到对称矩阵。
缩放因变量：
磁矢势 (comp1.A): 0.0001
已使用正交零空间函数。
---        当前进度:  31 % - 预处理
Memory: 1410/2803 1482/3078
Iter      SolEst     Damping    Stepsize #Res #Jac #Sol LinIt   LinErr   LinRes
-------    当前进度:  71 % - 求解线性方程组
Memory: 2732/2803 2998/3078
   1           1   1.0000000           1    1    1    1     1  6.2e-06  3.1e-07
---------- 当前进度: 100 % - 求解线性方程组
Memory: 1110/2803 1187/3078
求解时间：10 s。
物理内存: 2.78 GB
虚拟内存: 3.05 GB
结束时间：2026年9月26日 上午11:06:44。
----- 200 kHz: naturally distributed strand currents/解 1 (sol1) 中的“稳态求解器 1” --->
<---- 200 kHz: naturally distributed strand currents/解 1 (sol1) 中的“编译方程: 频域” ---
开始于 2026年9月26日 上午11:06:44。
几何形函数: 二次拉格朗日单元
在 Intel64 Family 6 Model 183 Stepping 1, GenuineIntel 上运行。
在以下位置使用 1 个插槽： MIST 上（共 4 个内核）。
可用内存：16.11 GB。
           当前进度:   1 % - 编译方程: 频域
Memory: 1118/2803 1190/3078
时间：1。
物理内存: 1.12 GB
虚拟内存: 1.19 GB
结束时间：2026年9月26日 上午11:06:45。
----- 200 kHz: naturally distributed strand currents/解 1 (sol1) 中的“编译方程: 频域” -->
<---- 200 kHz: naturally distributed strand currents/解 1 (sol1) 中的“因变量 1” ------
开始于 2026年9月26日 上午11:06:45。
           当前进度:   1 % - 因变量 1
Memory: 1117/2803 1189/3078
求解时间：0 s。
物理内存: 1.12 GB
虚拟内存: 1.19 GB
结束时间：2026年9月26日 上午11:06:45。
----- 200 kHz: naturally distributed strand currents/解 1 (sol1) 中的“因变量 1” ----->
<---- 200 kHz: naturally distributed strand currents/解 1 (sol1) 中的“稳态求解器 1” ----
开始于 2026年9月26日 上午11:06:45。
           当前进度:   2 % - 稳态求解器 1
Memory: 1168/2803 1240/3078
线性求解器
求解的自由度数：660587。
-          当前进度:  14 % - 组装稀疏模式
Memory: 1302/2803 1374/3078
-          当前进度:  16 % - 组装矩阵
Memory: 1489/2803 1731/3078
---        当前进度:  30 % - 组装矩阵
Memory: 1538/2803 1610/3078
---        当前进度:  31 % - 
Memory: 1557/2803 1629/3078
找到对称矩阵。
缩放因变量：
磁矢势 (comp1.A): 0.0001
已使用正交零空间函数。
---        当前进度:  31 % - 约束处理
Memory: 1584/2803 1664/3078
---        当前进度:  31 % - 预处理
Memory: 1843/2803 1975/3078
Iter      SolEst     Damping    Stepsize #Res #Jac #Sol LinIt   LinErr   LinRes
-------    当前进度:  71 % - 求解线性方程组
Memory: 2681/2803 2956/3078
---------- 当前进度: 100 % - 求解线性方程组
Memory: 2777/2803 3049/3078
   1           1   1.0000000           1    1    1    1    50  2.3e-06  1.1e-07
求解时间：20 s。
物理内存: 3.27 GB
虚拟内存: 3.54 GB
结束时间：2026年9月26日 上午11:07:05。
----- 200 kHz: naturally distributed strand currents/解 1 (sol1) 中的“稳态求解器 1” --->
           当前进度:   0 % - 参数化曲线 1
Memory: 1130/3280 1203/3558
           当前进度:   0 % - 转换为实体 1
           当前进度:   0 % - 参数化曲线 2
           当前进度:   0 % - 转换为实体 2
           当前进度:   1 % - 参数化曲线 3
           当前进度:   1 % - 转换为实体 3
           当前进度:   1 % - 参数化曲线 4
           当前进度:   1 % - 转换为实体 4
           当前进度:   1 % - 参数化曲线 5
           当前进度:   1 % - 转换为实体 5
Memory: 1131/3280 1203/3558
           当前进度:   2 % - 参数化曲线 6
           当前进度:   2 % - 转换为实体 6
Memory: 1131/3280 1204/3558
           当前进度:   2 % - 参数化曲线 7
           当前进度:   2 % - 转换为实体 7
           当前进度:   2 % - 参数化曲线 8
Memory: 1133/3280 1206/3558
           当前进度:   2 % - 转换为实体 8
Memory: 1134/3280 1207/3558
           当前进度:   2 % - 参数化曲线 9
           当前进度:   2 % - 转换为实体 9
           当前进度:   3 % - 参数化曲线 10
           当前进度:   3 % - 转换为实体 10
           当前进度:   3 % - 参数化曲线 11
           当前进度:   3 % - 转换为实体 11
           当前进度:   3 % - 参数化曲线 12
           当前进度:   3 % - 转换为实体 12
           当前进度:   4 % - 参数化曲线 13
           当前进度:   4 % - 转换为实体 13
Memory: 1132/3280 1204/3558
           当前进度:   4 % - 参数化曲线 14
           当前进度:   4 % - 转换为实体 14
           当前进度:   4 % - 参数化曲线 15
           当前进度:   4 % - 转换为实体 15
           当前进度:   5 % - 参数化曲线 16
           当前进度:   5 % - 转换为实体 16
Memory: 1132/3280 1205/3558
           当前进度:   5 % - 参数化曲线 17
           当前进度:   5 % - 转换为实体 17
           当前进度:   5 % - 参数化曲线 18
           当前进度:   5 % - 转换为实体 18
           当前进度:   5 % - 参数化曲线 19
           当前进度:   5 % - 转换为实体 19
Memory: 1136/3280 1209/3558
           当前进度:   6 % - 参数化曲线 20
           当前进度:   6 % - 转换为实体 20
Memory: 1137/3280 1209/3558
           当前进度:   6 % - 参数化曲线 21
           当前进度:   6 % - 转换为实体 21
           当前进度:   6 % - 参数化曲线 22
           当前进度:   6 % - 转换为实体 22
           当前进度:   7 % - 参数化曲线 23
           当前进度:   7 % - 转换为实体 23
           当前进度:   7 % - 参数化曲线 24
           当前进度:   7 % - 转换为实体 24
Memory: 1133/3280 1205/3558
           当前进度:   7 % - 参数化曲线 25
           当前进度:   7 % - 转换为实体 25
           当前进度:   8 % - 参数化曲线 26
           当前进度:   8 % - 转换为实体 26
Memory: 1134/3280 1206/3558
           当前进度:   8 % - 参数化曲线 27
           当前进度:   8 % - 转换为实体 27
Memory: 1133/3280 1205/3558
           当前进度:   8 % - 参数化曲线 28
           当前进度:   8 % - 转换为实体 28
           当前进度:   8 % - 参数化曲线 29
           当前进度:   8 % - 转换为实体 29
           当前进度:   9 % - 参数化曲线 30
           当前进度:   9 % - 转换为实体 30
           当前进度:   9 % - 参数化曲线 31
           当前进度:   9 % - 转换为实体 31
           当前进度:   9 % - 参数化曲线 32
           当前进度:   9 % - 转换为实体 32
-          当前进度:  10 % - 参数化曲线 33
-          当前进度:  10 % - 转换为实体 33
-          当前进度:  10 % - 参数化曲线 34
-          当前进度:  10 % - 转换为实体 34
-          当前进度:  10 % - 参数化曲线 35
-          当前进度:  10 % - 转换为实体 35
-          当前进度:  11 % - 参数化曲线 36
-          当前进度:  11 % - 转换为实体 36
-          当前进度:  11 % - 参数化曲线 37
-          当前进度:  11 % - 转换为实体 37
-          当前进度:  11 % - 参数化曲线 38
-          当前进度:  11 % - 转换为实体 38
-          当前进度:  11 % - 参数化曲线 39
-          当前进度:  11 % - 转换为实体 39
-          当前进度:  12 % - 参数化曲线 40
-          当前进度:  12 % - 转换为实体 40
-          当前进度:  12 % - 参数化曲线 41
-          当前进度:  12 % - 转换为实体 41
-          当前进度:  12 % - 参数化曲线 42
-          当前进度:  12 % - 转换为实体 42
-          当前进度:  13 % - 参数化曲线 43
-          当前进度:  13 % - 转换为实体 43
Memory: 1135/3280 1207/3558
-          当前进度:  13 % - 参数化曲线 44
-          当前进度:  13 % - 转换为实体 44
-          当前进度:  13 % - 参数化曲线 45
-          当前进度:  13 % - 转换为实体 45
Memory: 1133/3280 1205/3558
-          当前进度:  14 % - 参数化曲线 46
-          当前进度:  14 % - 转换为实体 46
-          当前进度:  14 % - 参数化曲线 47
-          当前进度:  14 % - 转换为实体 47
-          当前进度:  14 % - 参数化曲线 48
-          当前进度:  14 % - 转换为实体 48
-          当前进度:  14 % - 参数化曲线 49
-          当前进度:  14 % - 转换为实体 49
-          当前进度:  15 % - 参数化曲线 50
-          当前进度:  15 % - 转换为实体 50
-          当前进度:  15 % - 参数化曲线 51
-          当前进度:  15 % - 转换为实体 51
-          当前进度:  15 % - 参数化曲线 52
-          当前进度:  15 % - 转换为实体 52
-          当前进度:  16 % - 参数化曲线 53
-          当前进度:  16 % - 转换为实体 53
-          当前进度:  16 % - 参数化曲线 54
-          当前进度:  16 % - 转换为实体 54
-          当前进度:  16 % - 参数化曲线 55
-          当前进度:  16 % - 转换为实体 55
-          当前进度:  17 % - 参数化曲线 56
-          当前进度:  17 % - 转换为实体 56
-          当前进度:  17 % - 参数化曲线 57
-          当前进度:  17 % - 转换为实体 57
Memory: 1136/3280 1209/3558
-          当前进度:  17 % - 参数化曲线 58
-          当前进度:  17 % - 转换为实体 58
Memory: 1135/3280 1207/3558
-          当前进度:  17 % - 参数化曲线 59
-          当前进度:  18 % - 参数化曲线 59
Memory: 1133/3280 1205/3558
-          当前进度:  18 % - 转换为实体 59
-          当前进度:  18 % - 参数化曲线 60
-          当前进度:  18 % - 转换为实体 60
-          当前进度:  18 % - 参数化曲线 61
-          当前进度:  18 % - 转换为实体 61
-          当前进度:  18 % - 参数化曲线 62
-          当前进度:  18 % - 转换为实体 62
-          当前进度:  19 % - 参数化曲线 63
-          当前进度:  19 % - 转换为实体 63
-          当前进度:  19 % - 参数化曲线 64
-          当前进度:  19 % - 转换为实体 64
-          当前进度:  19 % - 参数化曲线 65
-          当前进度:  19 % - 转换为实体 65
--         当前进度:  20 % - 参数化曲线 66
--         当前进度:  20 % - 转换为实体 66
--         当前进度:  20 % - 参数化曲线 67
--         当前进度:  20 % - 转换为实体 67
--         当前进度:  20 % - 参数化曲线 68
--         当前进度:  20 % - 转换为实体 68
--         当前进度:  20 % - 参数化曲线 69
--         当前进度:  21 % - 参数化曲线 69
Memory: 1120/3280 1192/3558
--         当前进度:  21 % - 转换为实体 69
--         当前进度:  21 % - 参数化曲线 70
--         当前进度:  21 % - 转换为实体 70
--         当前进度:  21 % - 参数化曲线 71
--         当前进度:  21 % - 转换为实体 71
--         当前进度:  21 % - 参数化曲线 72
--         当前进度:  21 % - 转换为实体 72
--         当前进度:  22 % - 参数化曲线 73
--         当前进度:  22 % - 转换为实体 73
--         当前进度:  22 % - 参数化曲线 74
--         当前进度:  22 % - 转换为实体 74
--         当前进度:  22 % - 参数化曲线 75
--         当前进度:  22 % - 转换为实体 75
--         当前进度:  23 % - 参数化曲线 76
--         当前进度:  23 % - 转换为实体 76
Memory: 1121/3280 1193/3558
--         当前进度:  23 % - 参数化曲线 77
--         当前进度:  23 % - 转换为实体 77
--         当前进度:  23 % - 参数化曲线 78
--         当前进度:  23 % - 转换为实体 78
--         当前进度:  24 % - 参数化曲线 79
--         当前进度:  24 % - 转换为实体 79
--         当前进度:  24 % - 参数化曲线 80
--         当前进度:  24 % - 转换为实体 80
--         当前进度:  24 % - 参数化曲线 81
--         当前进度:  24 % - 转换为实体 81
Memory: 1120/3280 1192/3558
--         当前进度:  24 % - 参数化曲线 82
--         当前进度:  24 % - 转换为实体 82
--         当前进度:  25 % - 参数化曲线 83
--         当前进度:  25 % - 转换为实体 83
--         当前进度:  25 % - 参数化曲线 84
--         当前进度:  25 % - 转换为实体 84
--         当前进度:  25 % - 参数化曲线 85
--         当前进度:  25 % - 转换为实体 85
--         当前进度:  26 % - 参数化曲线 86
--         当前进度:  26 % - 转换为实体 86
--         当前进度:  26 % - 参数化曲线 87
--         当前进度:  26 % - 转换为实体 87
--         当前进度:  26 % - 参数化曲线 88
--         当前进度:  26 % - 转换为实体 88
Memory: 1121/3280 1193/3558
--         当前进度:  27 % - 参数化曲线 89
--         当前进度:  27 % - 转换为实体 89
--         当前进度:  27 % - 参数化曲线 90
--         当前进度:  27 % - 转换为实体 90
--         当前进度:  27 % - 参数化曲线 91
--         当前进度:  27 % - 转换为实体 91
--         当前进度:  27 % - 参数化曲线 92
--         当前进度:  27 % - 转换为实体 92
--         当前进度:  28 % - 参数化曲线 93
--         当前进度:  28 % - 转换为实体 93
--         当前进度:  28 % - 参数化曲线 94
--         当前进度:  28 % - 转换为实体 94
--         当前进度:  28 % - 参数化曲线 95
--         当前进度:  28 % - 转换为实体 95
--         当前进度:  29 % - 参数化曲线 96
--         当前进度:  29 % - 转换为实体 96
--         当前进度:  29 % - 参数化曲线 97
--         当前进度:  29 % - 转换为实体 97
--         当前进度:  29 % - 参数化曲线 98
--         当前进度:  29 % - 转换为实体 98
---        当前进度:  30 % - 参数化曲线 99
---        当前进度:  30 % - 转换为实体 99
---        当前进度:  30 % - 参数化曲线 100
---        当前进度:  30 % - 转换为实体 100
---        当前进度:  30 % - 参数化曲线 101
---        当前进度:  30 % - 转换为实体 101
---        当前进度:  30 % - 参数化曲线 102
---        当前进度:  30 % - 转换为实体 102
---        当前进度:  31 % - 参数化曲线 103
---        当前进度:  31 % - 转换为实体 103
---        当前进度:  31 % - 参数化曲线 104
---        当前进度:  31 % - 转换为实体 104
---        当前进度:  31 % - 参数化曲线 105
---        当前进度:  31 % - 转换为实体 105
---        当前进度:  32 % - 参数化曲线 106
---        当前进度:  32 % - 转换为实体 106
---        当前进度:  32 % - 参数化曲线 107
---        当前进度:  32 % - 转换为实体 107
---        当前进度:  32 % - 参数化曲线 108
---        当前进度:  32 % - 转换为实体 108
---        当前进度:  33 % - 参数化曲线 109
---        当前进度:  33 % - 转换为实体 109
---        当前进度:  33 % - 参数化曲线 110
---        当前进度:  33 % - 转换为实体 110
---        当前进度:  33 % - 参数化曲线 111
---        当前进度:  33 % - 转换为实体 111
---        当前进度:  33 % - 参数化曲线 112
---        当前进度:  33 % - 转换为实体 112
---        当前进度:  34 % - 参数化曲线 113
---        当前进度:  34 % - 转换为实体 113
---        当前进度:  34 % - 参数化曲线 114
---        当前进度:  34 % - 转换为实体 114
---        当前进度:  34 % - 参数化曲线 115
---        当前进度:  34 % - 转换为实体 115
---        当前进度:  35 % - 参数化曲线 116
---        当前进度:  35 % - 转换为实体 116
---        当前进度:  35 % - 参数化曲线 117
---        当前进度:  35 % - 转换为实体 117
---        当前进度:  35 % - 参数化曲线 118
---        当前进度:  35 % - 转换为实体 118
---        当前进度:  36 % - 参数化曲线 119
---        当前进度:  36 % - 转换为实体 119
---        当前进度:  36 % - 参数化曲线 120
---        当前进度:  36 % - 转换为实体 120
---        当前进度:  36 % - 参数化曲线 121
---        当前进度:  36 % - 转换为实体 121
---        当前进度:  36 % - 参数化曲线 122
---        当前进度:  36 % - 转换为实体 122
---        当前进度:  37 % - 参数化曲线 123
---        当前进度:  37 % - 转换为实体 123
---        当前进度:  37 % - 参数化曲线 124
---        当前进度:  37 % - 转换为实体 124
---        当前进度:  37 % - 参数化曲线 125
---        当前进度:  37 % - 转换为实体 125
---        当前进度:  38 % - 参数化曲线 126
---        当前进度:  38 % - 转换为实体 126
---        当前进度:  38 % - 参数化曲线 127
---        当前进度:  38 % - 转换为实体 127
---        当前进度:  38 % - 参数化曲线 128
---        当前进度:  38 % - 转换为实体 128
---        当前进度:  39 % - 参数化曲线 129
---        当前进度:  39 % - 转换为实体 129
---        当前进度:  39 % - 参数化曲线 130
---        当前进度:  39 % - 转换为实体 130
---        当前进度:  39 % - 参数化曲线 131
---        当前进度:  39 % - 转换为实体 131
---        当前进度:  39 % - 参数化曲线 132
---        当前进度:  39 % - 转换为实体 132
----       当前进度:  40 % - 参数化曲线 133
----       当前进度:  40 % - 转换为实体 133
----       当前进度:  40 % - 参数化曲线 134
----       当前进度:  40 % - 转换为实体 134
----       当前进度:  40 % - 参数化曲线 135
----       当前进度:  40 % - 转换为实体 135
----       当前进度:  41 % - 参数化曲线 136
----       当前进度:  41 % - 转换为实体 136
----       当前进度:  41 % - 参数化曲线 137
Memory: 1125/3280 1197/3558
----       当前进度:  41 % - 转换为实体 137
Memory: 1124/3280 1196/3558
----       当前进度:  41 % - 参数化曲线 138
----       当前进度:  41 % - 转换为实体 138
Memory: 1125/3280 1197/3558
----       当前进度:  42 % - 参数化曲线 139
----       当前进度:  42 % - 转换为实体 139
Memory: 1121/3280 1193/3558
----       当前进度:  42 % - 参数化曲线 140
----       当前进度:  42 % - 转换为实体 140
----       当前进度:  42 % - 参数化曲线 141
----       当前进度:  42 % - 转换为实体 141
----       当前进度:  42 % - 参数化曲线 142
----       当前进度:  43 % - 参数化曲线 142
----       当前进度:  43 % - 转换为实体 142
----       当前进度:  43 % - 参数化曲线 143
----       当前进度:  43 % - 转换为实体 143
----       当前进度:  43 % - 参数化曲线 144
----       当前进度:  43 % - 转换为实体 144
----       当前进度:  43 % - 参数化曲线 145
----       当前进度:  43 % - 转换为实体 145
----       当前进度:  44 % - 参数化曲线 146
----       当前进度:  44 % - 转换为实体 146
----       当前进度:  44 % - 参数化曲线 147
----       当前进度:  44 % - 转换为实体 147
----       当前进度:  44 % - 参数化曲线 148
----       当前进度:  44 % - 转换为实体 148
----       当前进度:  45 % - 参数化曲线 149
----       当前进度:  45 % - 转换为实体 149
----       当前进度:  45 % - 参数化曲线 150
----       当前进度:  45 % - 转换为实体 150
----       当前进度:  45 % - 参数化曲线 151
----       当前进度:  45 % - 转换为实体 151
----       当前进度:  45 % - 参数化曲线 152
----       当前进度:  46 % - 参数化曲线 152
----       当前进度:  46 % - 转换为实体 152
----       当前进度:  46 % - 参数化曲线 153
----       当前进度:  46 % - 转换为实体 153
----       当前进度:  46 % - 参数化曲线 154
----       当前进度:  46 % - 转换为实体 154
----       当前进度:  46 % - 参数化曲线 155
----       当前进度:  46 % - 转换为实体 155
----       当前进度:  47 % - 参数化曲线 156
----       当前进度:  47 % - 转换为实体 156
----       当前进度:  47 % - 参数化曲线 157
----       当前进度:  47 % - 转换为实体 157
----       当前进度:  47 % - 参数化曲线 158
----       当前进度:  47 % - 转换为实体 158
----       当前进度:  48 % - 参数化曲线 159
----       当前进度:  48 % - 转换为实体 159
----       当前进度:  48 % - 参数化曲线 160
----       当前进度:  48 % - 转换为实体 160
----       当前进度:  48 % - 参数化曲线 161
----       当前进度:  48 % - 转换为实体 161
----       当前进度:  49 % - 参数化曲线 162
----       当前进度:  49 % - 转换为实体 162
----       当前进度:  49 % - 参数化曲线 163
----       当前进度:  49 % - 转换为实体 163
----       当前进度:  49 % - 参数化曲线 164
----       当前进度:  49 % - 转换为实体 164
Memory: 1042/3280 1124/3558
----       当前进度:  49 % - 参数化曲线 165
----       当前进度:  49 % - 转换为实体 165
Memory: 1044/3280 1125/3558
-----      当前进度:  50 % - 参数化曲线 166
Memory: 1044/3280 1126/3558
-----      当前进度:  50 % - 转换为实体 166
Memory: 1045/3280 1126/3558
-----      当前进度:  50 % - 参数化曲线 167
-----      当前进度:  50 % - 转换为实体 167
Memory: 1050/3280 1131/3558
-----      当前进度:  50 % - 参数化曲线 168
-----      当前进度:  50 % - 转换为实体 168
Memory: 1052/3280 1133/3558
-----      当前进度:  51 % - 参数化曲线 169
-----      当前进度:  51 % - 转换为实体 169
Memory: 1057/3280 1138/3558
-----      当前进度:  51 % - 参数化曲线 170
-----      当前进度:  51 % - 转换为实体 170
Memory: 1063/3280 1144/3558
-----      当前进度:  51 % - 参数化曲线 171
-----      当前进度:  51 % - 转换为实体 171
Memory: 1067/3280 1148/3558
-----      当前进度:  52 % - 参数化曲线 172
Memory: 1068/3280 1149/3558
-----      当前进度:  52 % - 转换为实体 172
Memory: 1074/3280 1155/3558
-----      当前进度:  52 % - 参数化曲线 173
-----      当前进度:  52 % - 转换为实体 173
Memory: 1077/3280 1157/3558
-----      当前进度:  52 % - 参数化曲线 174
-----      当前进度:  52 % - 转换为实体 174
Memory: 1077/3280 1159/3558
-----      当前进度:  52 % - 参数化曲线 175
-----      当前进度:  52 % - 转换为实体 175
-----      当前进度:  53 % - 参数化曲线 176
-----      当前进度:  53 % - 转换为实体 176
-----      当前进度:  53 % - 参数化曲线 177
-----      当前进度:  53 % - 转换为实体 177
-----      当前进度:  53 % - 参数化曲线 178
-----      当前进度:  53 % - 转换为实体 178
-----      当前进度:  54 % - 参数化曲线 179
-----      当前进度:  54 % - 转换为实体 179
-----      当前进度:  54 % - 参数化曲线 180
-----      当前进度:  54 % - 转换为实体 180
-----      当前进度:  54 % - 参数化曲线 181
-----      当前进度:  54 % - 转换为实体 181
-----      当前进度:  55 % - 参数化曲线 182
-----      当前进度:  55 % - 转换为实体 182
-----      当前进度:  55 % - 参数化曲线 183
-----      当前进度:  55 % - 转换为实体 183
-----      当前进度:  55 % - 参数化曲线 184
-----      当前进度:  55 % - 转换为实体 184
Memory: 1078/3280 1159/3558
-----      当前进度:  55 % - 参数化曲线 185
-----      当前进度:  55 % - 转换为实体 185
Memory: 1078/3280 1160/3558
-----      当前进度:  56 % - 参数化曲线 186
-----      当前进度:  56 % - 转换为实体 186
Memory: 1079/3280 1161/3558
-----      当前进度:  56 % - 参数化曲线 187
-----      当前进度:  56 % - 转换为实体 187
Memory: 1080/3280 1162/3558
-----      当前进度:  56 % - 参数化曲线 188
-----      当前进度:  56 % - 转换为实体 188
Memory: 1081/3280 1163/3558
-----      当前进度:  57 % - 参数化曲线 189
Memory: 1082/3280 1164/3558
-----      当前进度:  57 % - 转换为实体 189
Memory: 1083/3280 1164/3558
-----      当前进度:  57 % - 参数化曲线 190
-----      当前进度:  57 % - 转换为实体 190
Memory: 1086/3280 1167/3558
-----      当前进度:  57 % - 参数化曲线 191
Memory: 1085/3280 1168/3558
-----      当前进度:  57 % - 转换为实体 191
Memory: 1085/3280 1166/3558
-----      当前进度:  58 % - 参数化曲线 192
-----      当前进度:  58 % - 转换为实体 192
Memory: 1087/3280 1168/3558
-----      当前进度:  58 % - 参数化曲线 193
-----      当前进度:  58 % - 转换为实体 193
-----      当前进度:  58 % - 参数化曲线 194
Memory: 1087/3280 1169/3558
-----      当前进度:  58 % - 转换为实体 194
-----      当前进度:  58 % - 参数化曲线 195
-----      当前进度:  58 % - 转换为实体 195
Memory: 1091/3280 1172/3558
-----      当前进度:  59 % - 参数化曲线 196
-----      当前进度:  59 % - 转换为实体 196
Memory: 1092/3280 1173/3558
-----      当前进度:  59 % - 参数化曲线 197
-----      当前进度:  59 % - 转换为实体 197
-----      当前进度:  59 % - 参数化曲线 198
-----      当前进度:  59 % - 转换为实体 198
------     当前进度:  60 % - 参数化曲线 199
------     当前进度:  60 % - 转换为实体 199
Memory: 1094/3280 1175/3558
------     当前进度:  60 % - 参数化曲线 200
Memory: 1095/3280 1176/3558
------     当前进度:  60 % - 转换为实体 200
Memory: 1096/3280 1177/3558
------     当前进度:  60 % - 参数化曲线 201
------     当前进度:  60 % - 转换为实体 201
Memory: 1098/3280 1176/3558
------     当前进度:  61 % - 参数化曲线 202
------     当前进度:  61 % - 转换为实体 202
------     当前进度:  61 % - 参数化曲线 203
------     当前进度:  61 % - 转换为实体 203
------     当前进度:  61 % - 参数化曲线 204
------     当前进度:  61 % - 转换为实体 204
Memory: 1101/3280 1179/3558
------     当前进度:  61 % - 参数化曲线 205
------     当前进度:  61 % - 转换为实体 205
Memory: 1100/3280 1178/3558
------     当前进度:  62 % - 参数化曲线 206
------     当前进度:  62 % - 转换为实体 206
------     当前进度:  62 % - 参数化曲线 207
------     当前进度:  62 % - 转换为实体 207
Memory: 1101/3280 1179/3558
------     当前进度:  62 % - 参数化曲线 208
------     当前进度:  62 % - 转换为实体 208
Memory: 1102/3280 1179/3558
------     当前进度:  63 % - 参数化曲线 209
------     当前进度:  63 % - 转换为实体 209
Memory: 1103/3280 1180/3558
------     当前进度:  63 % - 参数化曲线 210
------     当前进度:  63 % - 转换为实体 210
------     当前进度:  63 % - 参数化曲线 211
------     当前进度:  63 % - 转换为实体 211
Memory: 1104/3280 1180/3558
------     当前进度:  64 % - 参数化曲线 212
Memory: 1105/3280 1182/3558
------     当前进度:  64 % - 转换为实体 212
Memory: 1105/3280 1181/3558
------     当前进度:  64 % - 参数化曲线 213
------     当前进度:  64 % - 转换为实体 213
------     当前进度:  64 % - 参数化曲线 214
------     当前进度:  64 % - 转换为实体 214
Memory: 1107/3280 1184/3558
------     当前进度:  64 % - 参数化曲线 215
------     当前进度:  65 % - 参数化曲线 215
Memory: 1105/3280 1182/3558
------     当前进度:  65 % - 转换为实体 215
------     当前进度:  65 % - 参数化曲线 216
------     当前进度:  65 % - 转换为实体 216
------     当前进度:  65 % - 参数化曲线 217
------     当前进度:  65 % - 转换为实体 217
------     当前进度:  65 % - 参数化曲线 218
------     当前进度:  65 % - 转换为实体 218
------     当前进度:  66 % - 参数化曲线 219
------     当前进度:  66 % - 转换为实体 219
------     当前进度:  66 % - 参数化曲线 220
------     当前进度:  66 % - 转换为实体 220
------     当前进度:  66 % - 参数化曲线 221
------     当前进度:  66 % - 转换为实体 221
------     当前进度:  67 % - 参数化曲线 222
------     当前进度:  67 % - 转换为实体 222
Memory: 1105/3280 1181/3558
------     当前进度:  67 % - 参数化曲线 223
------     当前进度:  67 % - 转换为实体 223
------     当前进度:  67 % - 参数化曲线 224
------     当前进度:  67 % - 转换为实体 224
------     当前进度:  67 % - 参数化曲线 225
------     当前进度:  68 % - 参数化曲线 225
------     当前进度:  68 % - 转换为实体 225
------     当前进度:  68 % - 参数化曲线 226
------     当前进度:  68 % - 转换为实体 226
------     当前进度:  68 % - 参数化曲线 227
------     当前进度:  68 % - 转换为实体 227
------     当前进度:  68 % - 参数化曲线 228
------     当前进度:  68 % - 转换为实体 228
------     当前进度:  69 % - 参数化曲线 229
------     当前进度:  69 % - 转换为实体 229
------     当前进度:  69 % - 参数化曲线 230
------     当前进度:  69 % - 转换为实体 230
------     当前进度:  69 % - 参数化曲线 231
------     当前进度:  69 % - 转换为实体 231
-------    当前进度:  70 % - 参数化曲线 232
-------    当前进度:  70 % - 转换为实体 232
Memory: 1105/3280 1182/3558
-------    当前进度:  70 % - 参数化曲线 233
Memory: 1106/3280 1182/3558
-------    当前进度:  70 % - 转换为实体 233
-------    当前进度:  70 % - 参数化曲线 234
-------    当前进度:  70 % - 转换为实体 234
-------    当前进度:  71 % - 参数化曲线 235
-------    当前进度:  71 % - 转换为实体 235
-------    当前进度:  71 % - 参数化曲线 236
-------    当前进度:  71 % - 转换为实体 236
-------    当前进度:  71 % - 参数化曲线 237
-------    当前进度:  71 % - 转换为实体 237
-------    当前进度:  71 % - 参数化曲线 238
-------    当前进度:  71 % - 转换为实体 238
-------    当前进度:  72 % - 参数化曲线 239
-------    当前进度:  72 % - 转换为实体 239
-------    当前进度:  72 % - 参数化曲线 240
-------    当前进度:  72 % - 转换为实体 240
Memory: 1107/3280 1183/3558
-------    当前进度:  72 % - 参数化曲线 241
-------    当前进度:  72 % - 转换为实体 241
-------    当前进度:  73 % - 参数化曲线 242
-------    当前进度:  73 % - 转换为实体 242
-------    当前进度:  73 % - 参数化曲线 243
-------    当前进度:  73 % - 转换为实体 243
-------    当前进度:  73 % - 参数化曲线 244
-------    当前进度:  73 % - 转换为实体 244
Memory: 1111/3280 1187/3558
-------    当前进度:  74 % - 参数化曲线 245
-------    当前进度:  74 % - 转换为实体 245
Memory: 1109/3280 1185/3558
-------    当前进度:  74 % - 参数化曲线 246
-------    当前进度:  74 % - 转换为实体 246
-------    当前进度:  74 % - 参数化曲线 247
-------    当前进度:  74 % - 转换为实体 247
-------    当前进度:  74 % - 参数化曲线 248
-------    当前进度:  74 % - 转换为实体 248
-------    当前进度:  75 % - 参数化曲线 249
-------    当前进度:  75 % - 转换为实体 249
-------    当前进度:  75 % - 参数化曲线 250
-------    当前进度:  75 % - 转换为实体 250
-------    当前进度:  75 % - 参数化曲线 251
-------    当前进度:  75 % - 转换为实体 251
-------    当前进度:  76 % - 参数化曲线 252
-------    当前进度:  76 % - 转换为实体 252
-------    当前进度:  76 % - 参数化曲线 253
-------    当前进度:  76 % - 转换为实体 253
Memory: 1110/3280 1186/3558
-------    当前进度:  76 % - 参数化曲线 254
-------    当前进度:  76 % - 转换为实体 254
-------    当前进度:  77 % - 参数化曲线 255
-------    当前进度:  77 % - 转换为实体 255
-------    当前进度:  77 % - 参数化曲线 256
-------    当前进度:  77 % - 转换为实体 256
-------    当前进度:  77 % - 参数化曲线 257
-------    当前进度:  77 % - 转换为实体 257
-------    当前进度:  77 % - 参数化曲线 258
-------    当前进度:  77 % - 转换为实体 258
-------    当前进度:  78 % - 参数化曲线 259
-------    当前进度:  78 % - 转换为实体 259
-------    当前进度:  78 % - 参数化曲线 260
-------    当前进度:  78 % - 转换为实体 260
-------    当前进度:  78 % - 参数化曲线 261
-------    当前进度:  78 % - 转换为实体 261
-------    当前进度:  79 % - 参数化曲线 262
-------    当前进度:  79 % - 转换为实体 262
-------    当前进度:  79 % - 参数化曲线 263
-------    当前进度:  79 % - 转换为实体 263
-------    当前进度:  79 % - 参数化曲线 264
-------    当前进度:  79 % - 转换为实体 264
--------   当前进度:  80 % - 参数化曲线 265
--------   当前进度:  80 % - 转换为实体 265
--------   当前进度:  80 % - 参数化曲线 266
--------   当前进度:  80 % - 转换为实体 266
--------   当前进度:  80 % - 参数化曲线 267
--------   当前进度:  80 % - 转换为实体 267
--------   当前进度:  80 % - 参数化曲线 268
--------   当前进度:  80 % - 转换为实体 268
--------   当前进度:  81 % - 参数化曲线 269
--------   当前进度:  81 % - 转换为实体 269
--------   当前进度:  81 % - 参数化曲线 270
--------   当前进度:  81 % - 转换为实体 270
Memory: 1113/3280 1189/3558
--------   当前进度:  81 % - 参数化曲线 271
--------   当前进度:  81 % - 转换为实体 271
--------   当前进度:  82 % - 参数化曲线 272
--------   当前进度:  82 % - 转换为实体 272
Memory: 1110/3280 1187/3558
--------   当前进度:  82 % - 参数化曲线 273
--------   当前进度:  82 % - 转换为实体 273
--------   当前进度:  82 % - 参数化曲线 274
--------   当前进度:  82 % - 转换为实体 274
--------   当前进度:  83 % - 参数化曲线 275
--------   当前进度:  83 % - 转换为实体 275
--------   当前进度:  83 % - 参数化曲线 276
--------   当前进度:  83 % - 转换为实体 276
--------   当前进度:  83 % - 参数化曲线 277
--------   当前进度:  83 % - 转换为实体 277
--------   当前进度:  83 % - 参数化曲线 278
--------   当前进度:  83 % - 转换为实体 278
--------   当前进度:  84 % - 参数化曲线 279
--------   当前进度:  84 % - 转换为实体 279
--------   当前进度:  84 % - 参数化曲线 280
--------   当前进度:  84 % - 转换为实体 280
--------   当前进度:  84 % - 参数化曲线 281
--------   当前进度:  84 % - 转换为实体 281
--------   当前进度:  85 % - 参数化曲线 282
--------   当前进度:  85 % - 转换为实体 282
--------   当前进度:  85 % - 参数化曲线 283
--------   当前进度:  85 % - 转换为实体 283
--------   当前进度:  85 % - 参数化曲线 284
--------   当前进度:  85 % - 转换为实体 284
Memory: 1111/3280 1187/3558
--------   当前进度:  86 % - 参数化曲线 285
--------   当前进度:  86 % - 转换为实体 285
--------   当前进度:  86 % - 参数化曲线 286
--------   当前进度:  86 % - 转换为实体 286
--------   当前进度:  86 % - 参数化曲线 287
--------   当前进度:  86 % - 转换为实体 287
--------   当前进度:  86 % - 参数化曲线 288
--------   当前进度:  86 % - 转换为实体 288
--------   当前进度:  87 % - 参数化曲线 289
--------   当前进度:  87 % - 转换为实体 289
--------   当前进度:  87 % - 参数化曲线 290
--------   当前进度:  87 % - 转换为实体 290
--------   当前进度:  87 % - 参数化曲线 291
--------   当前进度:  87 % - 转换为实体 291
Memory: 1115/3280 1190/3558
--------   当前进度:  88 % - 参数化曲线 292
--------   当前进度:  88 % - 转换为实体 292
Memory: 1115/3280 1191/3558
--------   当前进度:  88 % - 参数化曲线 293
--------   当前进度:  88 % - 转换为实体 293
Memory: 1112/3280 1187/3558
--------   当前进度:  88 % - 参数化曲线 294
--------   当前进度:  88 % - 转换为实体 294
--------   当前进度:  89 % - 参数化曲线 295
--------   当前进度:  89 % - 转换为实体 295
--------   当前进度:  89 % - 参数化曲线 296
--------   当前进度:  89 % - 转换为实体 296
--------   当前进度:  89 % - 参数化曲线 297
--------   当前进度:  89 % - 转换为实体 297
--------   当前进度:  89 % - 参数化曲线 298
---------  当前进度:  90 % - 参数化曲线 298
Memory: 1115/3280 1190/3558
---------  当前进度:  90 % - 转换为实体 298
---------  当前进度:  90 % - 参数化曲线 299
---------  当前进度:  90 % - 转换为实体 299
Memory: 1115/3280 1191/3558
---------  当前进度:  90 % - 参数化曲线 300
Memory: 1116/3280 1191/3558
---------  当前进度:  90 % - 转换为实体 300
---------  当前进度:  90 % - 参数化曲线 301
---------  当前进度:  90 % - 转换为实体 301
Memory: 1112/3280 1188/3558
---------  当前进度:  91 % - 参数化曲线 302
---------  当前进度:  91 % - 转换为实体 302
---------  当前进度:  91 % - 参数化曲线 303
---------  当前进度:  91 % - 转换为实体 303
---------  当前进度:  91 % - 参数化曲线 304
---------  当前进度:  91 % - 转换为实体 304
---------  当前进度:  92 % - 参数化曲线 305
---------  当前进度:  92 % - 转换为实体 305
---------  当前进度:  92 % - 参数化曲线 306
---------  当前进度:  92 % - 转换为实体 306
Memory: 1113/3280 1188/3558
---------  当前进度:  92 % - 参数化曲线 307
---------  当前进度:  92 % - 转换为实体 307
---------  当前进度:  92 % - 参数化曲线 308
---------  当前进度:  93 % - 参数化曲线 308
---------  当前进度:  93 % - 转换为实体 308
---------  当前进度:  93 % - 参数化曲线 309
---------  当前进度:  93 % - 转换为实体 309
Memory: 1115/3280 1191/3558
---------  当前进度:  93 % - 参数化曲线 310
---------  当前进度:  93 % - 转换为实体 310
Memory: 1116/3280 1191/3558
---------  当前进度:  93 % - 参数化曲线 311
---------  当前进度:  93 % - 转换为实体 311
Memory: 1113/3280 1188/3558
---------  当前进度:  94 % - 参数化曲线 312
---------  当前进度:  94 % - 转换为实体 312
---------  当前进度:  94 % - 参数化曲线 313
---------  当前进度:  94 % - 转换为实体 313
---------  当前进度:  94 % - 参数化曲线 314
---------  当前进度:  94 % - 转换为实体 314
---------  当前进度:  95 % - 参数化曲线 315
---------  当前进度:  95 % - 转换为实体 315
---------  当前进度:  95 % - 参数化曲线 316
---------  当前进度:  95 % - 转换为实体 316
---------  当前进度:  95 % - 参数化曲线 317
---------  当前进度:  95 % - 转换为实体 317
---------  当前进度:  96 % - 参数化曲线 318
---------  当前进度:  96 % - 转换为实体 318
---------  当前进度:  96 % - 参数化曲线 319
---------  当前进度:  96 % - 转换为实体 319
---------  当前进度:  96 % - 参数化曲线 320
---------  当前进度:  96 % - 转换为实体 320
---------  当前进度:  96 % - 参数化曲线 321
---------  当前进度:  96 % - 转换为实体 321
Memory: 1113/3280 1189/3558
---------  当前进度:  97 % - 参数化曲线 322
---------  当前进度:  97 % - 转换为实体 322
---------  当前进度:  97 % - 参数化曲线 323
---------  当前进度:  97 % - 转换为实体 323
---------  当前进度:  97 % - 参数化曲线 324
---------  当前进度:  97 % - 转换为实体 324
---------  当前进度:  98 % - 参数化曲线 325
---------  当前进度:  98 % - 转换为实体 325
---------  当前进度:  98 % - 参数化曲线 326
---------  当前进度:  98 % - 转换为实体 326
---------  当前进度:  98 % - 参数化曲线 327
---------  当前进度:  98 % - 转换为实体 327
---------  当前进度:  99 % - 参数化曲线 328
---------  当前进度:  99 % - 转换为实体 328
---------  当前进度:  99 % - 参数化曲线 329
---------  当前进度:  99 % - 转换为实体 329
---------  当前进度:  99 % - 参数化曲线 330
---------  当前进度:  99 % - 转换为实体 330
---------  当前进度:  99 % - 参数化曲线 331
---------  当前进度:  99 % - 转换为实体 331
---------- 当前进度: 100 % - 形成联合体
---------- 当前进度: 100 % - 处理边相交
Memory: 1014/3280 1086/3558
---------- 当前进度: 100 % - 解析域和空区域
Memory: 1018/3280 1089/3558
---------- 当前进度: 100 % - 正在更新选择
顶点单元数：666
边界单元数：8658
-          当前进度:  15 % - 提高单元质量
Memory: 1032/3280 1103/3558
----       当前进度:  40 % - 提高单元质量
Memory: 1040/3280 1114/3558
------     当前进度:  62 % - 提高单元质量
--------   当前进度:  80 % - 提高单元质量
---------  当前进度:  94 % - 提高单元质量
---------  当前进度:  95 % - 提高单元质量
单元数：93712
---------  当前进度:  99 % - 正在定型网格
Memory: 1051/3280 1125/3558
---------- 当前进度: 100 % - 正在定型网格
Memory: 1049/3280 1121/3558
最小单元质量：0.4789
<---- 200 kHz: naturally distributed strand currents/解 1 (sol1) 中的“编译方程: 频域” ---
开始于 2026年9月26日 上午11:07:51。
几何形函数: 二次拉格朗日单元
在 Intel64 Family 6 Model 183 Stepping 1, GenuineIntel 上运行。
在以下位置使用 1 个插槽： MIST 上（共 4 个内核）。
可用内存：16.11 GB。
           当前进度:   1 % - 编译方程: 频域
Memory: 1103/3280 1174/3558
时间：6。
物理内存: 1.12 GB
虚拟内存: 1.19 GB
结束时间：2026年9月26日 上午11:07:57。
----- 200 kHz: naturally distributed strand currents/解 1 (sol1) 中的“编译方程: 频域” -->
<---- 200 kHz: naturally distributed strand currents/解 1 (sol1) 中的“因变量 1” ------
开始于 2026年9月26日 上午11:07:57。
           当前进度:   1 % - 因变量 1
Memory: 1129/3280 1200/3558
求解时间：0 s。
物理内存: 1.13 GB
虚拟内存: 1.2 GB
结束时间：2026年9月26日 上午11:07:57。
----- 200 kHz: naturally distributed strand currents/解 1 (sol1) 中的“因变量 1” ----->
<---- 200 kHz: naturally distributed strand currents/解 1 (sol1) 中的“稳态求解器 1” ----
开始于 2026年9月26日 上午11:07:58。
           当前进度:   2 % - 稳态求解器 1
Memory: 1178/3280 1249/3558
线性求解器
求解的自由度数：656065。
-          当前进度:  12 % - 组装矩阵
Memory: 1184/3280 1255/3558
-          当前进度:  12 % - 约束处理
Memory: 1202/3280 1272/3558
-          当前进度:  14 % - 组装稀疏模式
Memory: 1315/3280 1385/3558
-          当前进度:  15 % - 组装稀疏模式
Memory: 1324/3280 1394/3558
-          当前进度:  16 % - 组装矩阵
Memory: 1545/3280 1616/3558
--         当前进度:  22 % - 组装矩阵
Memory: 1541/3280 1612/3558
--         当前进度:  28 % - 组装矩阵
Memory: 1540/3280 1611/3558
--         当前进度:  28 % - 
Memory: 1558/3280 1629/3558
---        当前进度:  31 % - 
Memory: 1503/3280 1600/3558
找到对称矩阵。
缩放因变量：
磁矢势 (comp1.A): 0.0001
已使用正交零空间函数。
---        当前进度:  31 % - 约束处理
Memory: 1499/3280 1570/3558
---        当前进度:  31 % - 预处理
Memory: 1337/3280 1408/3558
Iter      SolEst     Damping    Stepsize #Res #Jac #Sol LinIt   LinErr   LinRes
-------    当前进度:  71 % - 求解线性方程组
Memory: 2144/3280 2348/3558
   1       0.042   1.0000000       0.042    1    1    1     1  5.1e-12  2.5e-13
---------- 当前进度: 100 % - 求解线性方程组
Memory: 1742/3280 1889/3558
求解时间：22 s。
物理内存: 2.21 GB
虚拟内存: 2.42 GB
结束时间：2026年9月26日 上午11:08:19。
----- 200 kHz: naturally distributed strand currents/解 1 (sol1) 中的“稳态求解器 1” --->
<---- 200 kHz: naturally distributed strand currents/解 1 (sol1) 中的“编译方程: 频域” ---
开始于 2026年9月26日 上午11:08:20。
几何形函数: 二次拉格朗日单元
在 Intel64 Family 6 Model 183 Stepping 1, GenuineIntel 上运行。
在以下位置使用 1 个插槽： MIST 上（共 4 个内核）。
可用内存：16.11 GB。
           当前进度:   1 % - 编译方程: 频域
Memory: 1139/3280 1209/3558
时间：3。
物理内存: 1.16 GB
虚拟内存: 1.23 GB
结束时间：2026年9月26日 上午11:08:23。
----- 200 kHz: naturally distributed strand currents/解 1 (sol1) 中的“编译方程: 频域” -->
<---- 200 kHz: naturally distributed strand currents/解 1 (sol1) 中的“因变量 1” ------
开始于 2026年9月26日 上午11:08:23。
           当前进度:   1 % - 因变量 1
Memory: 1159/3280 1229/3558
求解时间：0 s。
物理内存: 1.16 GB
虚拟内存: 1.23 GB
结束时间：2026年9月26日 上午11:08:23。
----- 200 kHz: naturally distributed strand currents/解 1 (sol1) 中的“因变量 1” ----->
<---- 200 kHz: naturally distributed strand currents/解 1 (sol1) 中的“稳态求解器 1” ----
开始于 2026年9月26日 上午11:08:23。
           当前进度:   2 % - 稳态求解器 1
Memory: 1209/3280 1281/3558
线性求解器
求解的自由度数：656065。
-          当前进度:  12 % - 组装矩阵
Memory: 1237/3280 1306/3558
-          当前进度:  13 % - 组装稀疏模式
Memory: 1257/3280 1326/3558
-          当前进度:  14 % - 组装稀疏模式
Memory: 1371/3280 1443/3558
-          当前进度:  15 % - 组装稀疏模式
Memory: 1351/3280 1421/3558
-          当前进度:  16 % - 组装矩阵
Memory: 1673/3280 1757/3558
--         当前进度:  21 % - 组装矩阵
Memory: 1566/3280 1637/3558
--         当前进度:  28 % - 组装矩阵
---        当前进度:  31 % - 
Memory: 1530/3280 1600/3558
找到对称矩阵。
缩放因变量：
磁矢势 (comp1.A): 0.0001
已使用正交零空间函数。
---        当前进度:  31 % - 约束处理
Memory: 1559/3280 1630/3558
---        当前进度:  31 % - 预处理
Memory: 1367/3280 1437/3558
Iter      SolEst     Damping    Stepsize #Res #Jac #Sol LinIt   LinErr   LinRes
-------    当前进度:  71 % - 求解线性方程组
Memory: 2144/3280 2348/3558
   1        0.53   1.0000000        0.53    1    1    1     1  4.9e-12  2.5e-13
---------- 当前进度: 100 % - 求解线性方程组
Memory: 1934/3280 2163/3558
求解时间：24 s。
物理内存: 2.21 GB
虚拟内存: 2.42 GB
结束时间：2026年9月26日 上午11:08:47。
----- 200 kHz: naturally distributed strand currents/解 1 (sol1) 中的“稳态求解器 1” --->
类运行时: 257 s.
总时间: 257 s.
---------- 当前进度: 100 % - 完成
Memory: 1154/3280 1224/3558
