*******************************************
***COMSOL 6.2.0.290 progress output file***
*******************************************
Sat Sep 26 10:58:50 CST 2026
COMSOL Multiphysics 6.2 (开发版本: 290) 在批处理模式下启动
正在运行: C:\Users\zq257\Documents\Codex\2026-09-25\jin\work\Q2RegularTwist.class
---------- 当前进度: 100 % - 正在更新选择
Memory: 419/460 436/479
           当前进度:   0 % - 圆
Memory: 528/528 544/547
           当前进度:   0 % - 参数化曲线 1
Memory: 531/531 547/547
           当前进度:   0 % - 转换为实体 1
Memory: 534/535 548/549
           当前进度:   0 % - 参数化曲线 2
Memory: 532/535 545/549
           当前进度:   0 % - 转换为实体 2
Memory: 539/539 552/553
           当前进度:   1 % - 参数化曲线 3
           当前进度:   1 % - 转换为实体 3
Memory: 536/540 550/554
           当前进度:   1 % - 参数化曲线 4
Memory: 537/540 551/554
           当前进度:   1 % - 转换为实体 4
Memory: 538/540 551/554
           当前进度:   1 % - 参数化曲线 5
Memory: 535/540 547/554
           当前进度:   1 % - 转换为实体 5
Memory: 539/540 551/554
           当前进度:   2 % - 参数化曲线 6
Memory: 539/540 552/554
           当前进度:   2 % - 转换为实体 6
Memory: 544/544 557/557
           当前进度:   2 % - 参数化曲线 7
           当前进度:   2 % - 转换为实体 7
Memory: 539/547 553/561
           当前进度:   2 % - 参数化曲线 8
Memory: 538/547 553/561
           当前进度:   2 % - 转换为实体 8
Memory: 535/547 550/561
           当前进度:   2 % - 参数化曲线 9
Memory: 525/547 538/561
           当前进度:   2 % - 转换为实体 9
Memory: 535/547 548/561
           当前进度:   3 % - 参数化曲线 10
           当前进度:   3 % - 转换为实体 10
Memory: 541/547 553/561
           当前进度:   3 % - 参数化曲线 11
           当前进度:   3 % - 转换为实体 11
Memory: 546/548 558/561
           当前进度:   3 % - 参数化曲线 12
           当前进度:   3 % - 转换为实体 12
Memory: 534/548 548/561
           当前进度:   4 % - 参数化曲线 13
           当前进度:   4 % - 转换为实体 13
Memory: 538/548 552/561
           当前进度:   4 % - 参数化曲线 14
           当前进度:   4 % - 转换为实体 14
Memory: 540/548 553/561
           当前进度:   4 % - 参数化曲线 15
           当前进度:   4 % - 转换为实体 15
Memory: 544/548 557/561
           当前进度:   5 % - 参数化曲线 16
           当前进度:   5 % - 转换为实体 16
Memory: 545/548 560/561
           当前进度:   5 % - 参数化曲线 17
Memory: 547/548 560/561
           当前进度:   5 % - 转换为实体 17
Memory: 536/548 550/561
           当前进度:   5 % - 参数化曲线 18
Memory: 537/548 551/561
           当前进度:   5 % - 转换为实体 18
Memory: 542/548 554/561
           当前进度:   5 % - 参数化曲线 19
Memory: 543/548 555/561
           当前进度:   5 % - 转换为实体 19
Memory: 545/548 562/562
           当前进度:   6 % - 参数化曲线 20
Memory: 548/548 562/562
           当前进度:   6 % - 转换为实体 20
Memory: 550/550 563/563
           当前进度:   6 % - 参数化曲线 21
           当前进度:   6 % - 转换为实体 21
Memory: 548/551 561/564
           当前进度:   6 % - 参数化曲线 22
           当前进度:   6 % - 转换为实体 22
           当前进度:   7 % - 参数化曲线 23
Memory: 552/552 565/565
           当前进度:   7 % - 转换为实体 23
           当前进度:   7 % - 参数化曲线 24
           当前进度:   7 % - 转换为实体 24
Memory: 548/552 561/565
           当前进度:   7 % - 参数化曲线 25
           当前进度:   7 % - 转换为实体 25
Memory: 542/552 555/565
           当前进度:   8 % - 参数化曲线 26
Memory: 543/552 556/565
           当前进度:   8 % - 转换为实体 26
Memory: 548/552 561/565
           当前进度:   8 % - 参数化曲线 27
Memory: 547/552 560/565
           当前进度:   8 % - 转换为实体 27
Memory: 551/552 563/565
           当前进度:   8 % - 参数化曲线 28
           当前进度:   8 % - 转换为实体 28
Memory: 551/553 564/565
           当前进度:   8 % - 参数化曲线 29
           当前进度:   8 % - 转换为实体 29
Memory: 546/553 559/565
           当前进度:   9 % - 参数化曲线 30
           当前进度:   9 % - 转换为实体 30
Memory: 548/553 561/565
           当前进度:   9 % - 参数化曲线 31
           当前进度:   9 % - 转换为实体 31
Memory: 550/553 564/565
           当前进度:   9 % - 参数化曲线 32
           当前进度:   9 % - 转换为实体 32
Memory: 543/553 556/565
-          当前进度:  10 % - 参数化曲线 33
Memory: 544/553 556/565
-          当前进度:  10 % - 转换为实体 33
Memory: 545/553 558/565
-          当前进度:  10 % - 参数化曲线 34
-          当前进度:  10 % - 转换为实体 34
Memory: 546/553 559/565
-          当前进度:  10 % - 参数化曲线 35
-          当前进度:  10 % - 转换为实体 35
Memory: 549/553 562/565
-          当前进度:  11 % - 参数化曲线 36
Memory: 548/553 562/565
-          当前进度:  11 % - 转换为实体 36
Memory: 552/554 564/566
-          当前进度:  11 % - 参数化曲线 37
-          当前进度:  11 % - 转换为实体 37
Memory: 558/560 571/573
-          当前进度:  11 % - 参数化曲线 38
Memory: 554/560 567/573
-          当前进度:  11 % - 转换为实体 38
Memory: 560/560 574/574
-          当前进度:  11 % - 参数化曲线 39
-          当前进度:  12 % - 参数化曲线 39
Memory: 550/561 562/575
-          当前进度:  12 % - 转换为实体 39
Memory: 551/561 565/575
-          当前进度:  12 % - 参数化曲线 40
-          当前进度:  12 % - 转换为实体 40
Memory: 550/561 564/575
-          当前进度:  12 % - 参数化曲线 41
Memory: 551/561 564/575
-          当前进度:  12 % - 转换为实体 41
Memory: 549/561 563/575
-          当前进度:  12 % - 参数化曲线 42
-          当前进度:  12 % - 转换为实体 42
Memory: 550/561 563/575
-          当前进度:  13 % - 参数化曲线 43
Memory: 552/561 565/575
-          当前进度:  13 % - 转换为实体 43
Memory: 552/561 564/575
-          当前进度:  13 % - 参数化曲线 44
Memory: 552/561 565/575
-          当前进度:  13 % - 转换为实体 44
Memory: 547/561 560/575
-          当前进度:  13 % - 参数化曲线 45
Memory: 548/561 561/575
-          当前进度:  13 % - 转换为实体 45
Memory: 553/561 566/575
-          当前进度:  14 % - 参数化曲线 46
-          当前进度:  14 % - 转换为实体 46
Memory: 552/561 566/575
-          当前进度:  14 % - 参数化曲线 47
Memory: 557/561 571/575
-          当前进度:  14 % - 转换为实体 47
Memory: 542/561 555/575
-          当前进度:  14 % - 参数化曲线 48
Memory: 543/561 555/575
-          当前进度:  14 % - 转换为实体 48
Memory: 508/561 521/575
-          当前进度:  14 % - 参数化曲线 49
Memory: 509/561 521/575
-          当前进度:  15 % - 参数化曲线 49
Memory: 517/561 529/575
-          当前进度:  15 % - 转换为实体 49
Memory: 517/561 530/575
-          当前进度:  15 % - 参数化曲线 50
Memory: 518/561 530/575
-          当前进度:  15 % - 转换为实体 50
Memory: 523/561 537/575
-          当前进度:  15 % - 参数化曲线 51
Memory: 524/561 537/575
-          当前进度:  15 % - 转换为实体 51
Memory: 529/561 543/575
-          当前进度:  15 % - 参数化曲线 52
-          当前进度:  15 % - 转换为实体 52
Memory: 510/561 522/575
-          当前进度:  16 % - 参数化曲线 53
Memory: 511/561 523/575
-          当前进度:  16 % - 转换为实体 53
Memory: 519/561 532/575
-          当前进度:  16 % - 参数化曲线 54
-          当前进度:  16 % - 转换为实体 54
Memory: 524/561 537/575
-          当前进度:  16 % - 参数化曲线 55
-          当前进度:  16 % - 转换为实体 55
Memory: 526/561 539/575
-          当前进度:  17 % - 参数化曲线 56
Memory: 526/561 540/575
-          当前进度:  17 % - 转换为实体 56
Memory: 533/561 546/575
-          当前进度:  17 % - 参数化曲线 57
Memory: 534/561 547/575
-          当前进度:  17 % - 转换为实体 57
Memory: 537/561 550/575
-          当前进度:  17 % - 参数化曲线 58
-          当前进度:  17 % - 转换为实体 58
Memory: 539/561 553/575
-          当前进度:  17 % - 参数化曲线 59
Memory: 538/561 551/575
-          当前进度:  18 % - 参数化曲线 59
Memory: 542/561 556/575
-          当前进度:  18 % - 转换为实体 59
Memory: 543/561 556/575
-          当前进度:  18 % - 参数化曲线 60
-          当前进度:  18 % - 转换为实体 60
Memory: 541/561 557/575
-          当前进度:  18 % - 参数化曲线 61
Memory: 544/561 557/575
-          当前进度:  18 % - 转换为实体 61
-          当前进度:  18 % - 参数化曲线 62
-          当前进度:  18 % - 转换为实体 62
Memory: 544/561 558/575
-          当前进度:  19 % - 参数化曲线 63
-          当前进度:  19 % - 转换为实体 63
Memory: 532/561 545/575
-          当前进度:  19 % - 参数化曲线 64
-          当前进度:  19 % - 转换为实体 64
Memory: 536/561 549/575
-          当前进度:  19 % - 参数化曲线 65
Memory: 537/561 550/575
-          当前进度:  19 % - 转换为实体 65
Memory: 539/561 551/575
--         当前进度:  20 % - 参数化曲线 66
--         当前进度:  20 % - 转换为实体 66
Memory: 540/561 552/575
--         当前进度:  20 % - 参数化曲线 67
--         当前进度:  20 % - 转换为实体 67
Memory: 541/561 554/575
--         当前进度:  20 % - 参数化曲线 68
--         当前进度:  20 % - 转换为实体 68
Memory: 542/561 554/575
--         当前进度:  21 % - 参数化曲线 69
--         当前进度:  21 % - 转换为实体 69
Memory: 543/561 555/575
--         当前进度:  21 % - 参数化曲线 70
--         当前进度:  21 % - 转换为实体 70
--         当前进度:  21 % - 参数化曲线 71
--         当前进度:  21 % - 转换为实体 71
--         当前进度:  21 % - 参数化曲线 72
--         当前进度:  21 % - 转换为实体 72
Memory: 544/561 556/575
--         当前进度:  22 % - 参数化曲线 73
--         当前进度:  22 % - 转换为实体 73
--         当前进度:  22 % - 参数化曲线 74
--         当前进度:  22 % - 转换为实体 74
Memory: 544/561 557/575
--         当前进度:  22 % - 参数化曲线 75
--         当前进度:  22 % - 转换为实体 75
Memory: 545/561 557/575
--         当前进度:  23 % - 参数化曲线 76
--         当前进度:  23 % - 转换为实体 76
Memory: 546/561 558/575
--         当前进度:  23 % - 参数化曲线 77
--         当前进度:  23 % - 转换为实体 77
Memory: 546/561 559/575
--         当前进度:  23 % - 参数化曲线 78
--         当前进度:  23 % - 转换为实体 78
Memory: 549/561 561/575
--         当前进度:  24 % - 参数化曲线 79
--         当前进度:  24 % - 转换为实体 79
Memory: 550/561 562/575
--         当前进度:  24 % - 参数化曲线 80
--         当前进度:  24 % - 转换为实体 80
Memory: 531/561 544/575
--         当前进度:  24 % - 参数化曲线 81
Memory: 532/561 544/575
--         当前进度:  24 % - 转换为实体 81
Memory: 535/561 547/575
--         当前进度:  24 % - 参数化曲线 82
--         当前进度:  24 % - 转换为实体 82
Memory: 537/561 548/575
--         当前进度:  25 % - 参数化曲线 83
--         当前进度:  25 % - 转换为实体 83
Memory: 540/561 551/575
--         当前进度:  25 % - 参数化曲线 84
Memory: 538/561 549/575
--         当前进度:  25 % - 转换为实体 84
Memory: 538/561 550/575
--         当前进度:  25 % - 参数化曲线 85
--         当前进度:  25 % - 转换为实体 85
Memory: 539/561 550/575
--         当前进度:  26 % - 参数化曲线 86
--         当前进度:  26 % - 转换为实体 86
Memory: 539/561 551/575
--         当前进度:  26 % - 参数化曲线 87
--         当前进度:  26 % - 转换为实体 87
Memory: 541/561 553/575
--         当前进度:  26 % - 参数化曲线 88
--         当前进度:  26 % - 转换为实体 88
Memory: 525/561 536/575
--         当前进度:  27 % - 参数化曲线 89
Memory: 527/561 538/575
--         当前进度:  27 % - 转换为实体 89
Memory: 533/561 544/575
--         当前进度:  27 % - 参数化曲线 90
--         当前进度:  27 % - 转换为实体 90
Memory: 539/561 551/575
--         当前进度:  27 % - 参数化曲线 91
--         当前进度:  27 % - 转换为实体 91
Memory: 542/561 555/575
--         当前进度:  27 % - 参数化曲线 92
Memory: 543/561 555/575
--         当前进度:  27 % - 转换为实体 92
Memory: 544/561 556/575
--         当前进度:  28 % - 参数化曲线 93
--         当前进度:  28 % - 转换为实体 93
Memory: 542/561 554/575
--         当前进度:  28 % - 参数化曲线 94
--         当前进度:  28 % - 转换为实体 94
Memory: 545/561 556/575
--         当前进度:  28 % - 参数化曲线 95
--         当前进度:  28 % - 转换为实体 95
Memory: 545/561 558/575
--         当前进度:  29 % - 参数化曲线 96
Memory: 546/561 558/575
--         当前进度:  29 % - 转换为实体 96
Memory: 549/561 560/575
--         当前进度:  29 % - 参数化曲线 97
--         当前进度:  29 % - 转换为实体 97
Memory: 528/561 539/575
--         当前进度:  29 % - 参数化曲线 98
--         当前进度:  29 % - 转换为实体 98
Memory: 531/561 542/575
---        当前进度:  30 % - 参数化曲线 99
---        当前进度:  30 % - 转换为实体 99
Memory: 536/561 548/575
---        当前进度:  30 % - 参数化曲线 100
---        当前进度:  30 % - 转换为实体 100
Memory: 537/561 549/575
---        当前进度:  30 % - 参数化曲线 101
---        当前进度:  30 % - 转换为实体 101
Memory: 538/561 549/575
---        当前进度:  30 % - 参数化曲线 102
---        当前进度:  30 % - 转换为实体 102
Memory: 539/561 550/575
---        当前进度:  31 % - 参数化曲线 103
Memory: 539/561 551/575
---        当前进度:  31 % - 转换为实体 103
Memory: 542/561 553/575
---        当前进度:  31 % - 参数化曲线 104
---        当前进度:  31 % - 转换为实体 104
Memory: 545/561 556/575
---        当前进度:  31 % - 参数化曲线 105
---        当前进度:  31 % - 转换为实体 105
Memory: 546/561 558/575
---        当前进度:  32 % - 参数化曲线 106
Memory: 547/561 558/575
---        当前进度:  32 % - 转换为实体 106
Memory: 553/561 565/575
---        当前进度:  32 % - 参数化曲线 107
---        当前进度:  32 % - 转换为实体 107
---        当前进度:  32 % - 参数化曲线 108
---        当前进度:  32 % - 转换为实体 108
Memory: 557/561 569/575
---        当前进度:  33 % - 参数化曲线 109
---        当前进度:  33 % - 转换为实体 109
---        当前进度:  33 % - 参数化曲线 110
Memory: 558/561 569/575
---        当前进度:  33 % - 转换为实体 110
Memory: 533/561 546/575
---        当前进度:  33 % - 参数化曲线 111
---        当前进度:  33 % - 转换为实体 111
Memory: 535/561 547/575
---        当前进度:  33 % - 参数化曲线 112
---        当前进度:  33 % - 转换为实体 112
Memory: 539/561 552/575
---        当前进度:  34 % - 参数化曲线 113
Memory: 540/561 553/575
---        当前进度:  34 % - 转换为实体 113
Memory: 540/561 554/575
---        当前进度:  34 % - 参数化曲线 114
Memory: 541/561 554/575
---        当前进度:  34 % - 转换为实体 114
Memory: 542/561 555/575
---        当前进度:  34 % - 参数化曲线 115
---        当前进度:  34 % - 转换为实体 115
Memory: 543/561 556/575
---        当前进度:  35 % - 参数化曲线 116
---        当前进度:  35 % - 转换为实体 116
---        当前进度:  35 % - 参数化曲线 117
Memory: 544/561 556/575
---        当前进度:  35 % - 转换为实体 117
---        当前进度:  35 % - 参数化曲线 118
---        当前进度:  35 % - 转换为实体 118
---        当前进度:  36 % - 参数化曲线 119
---        当前进度:  36 % - 转换为实体 119
---        当前进度:  36 % - 参数化曲线 120
---        当前进度:  36 % - 转换为实体 120
---        当前进度:  36 % - 参数化曲线 121
---        当前进度:  36 % - 转换为实体 121
Memory: 545/561 557/575
---        当前进度:  36 % - 参数化曲线 122
---        当前进度:  37 % - 参数化曲线 122
---        当前进度:  37 % - 转换为实体 122
---        当前进度:  37 % - 参数化曲线 123
---        当前进度:  37 % - 转换为实体 123
---        当前进度:  37 % - 参数化曲线 124
---        当前进度:  37 % - 转换为实体 124
Memory: 545/561 558/575
---        当前进度:  37 % - 参数化曲线 125
---        当前进度:  37 % - 转换为实体 125
Memory: 546/561 558/575
---        当前进度:  38 % - 参数化曲线 126
---        当前进度:  38 % - 转换为实体 126
---        当前进度:  38 % - 参数化曲线 127
---        当前进度:  38 % - 转换为实体 127
Memory: 547/561 559/575
---        当前进度:  38 % - 参数化曲线 128
---        当前进度:  38 % - 转换为实体 128
---        当前进度:  39 % - 参数化曲线 129
---        当前进度:  39 % - 转换为实体 129
---        当前进度:  39 % - 参数化曲线 130
---        当前进度:  39 % - 转换为实体 130
---        当前进度:  39 % - 参数化曲线 131
---        当前进度:  39 % - 转换为实体 131
Memory: 548/561 560/575
---        当前进度:  39 % - 参数化曲线 132
Memory: 550/561 562/575
----       当前进度:  40 % - 参数化曲线 132
Memory: 548/561 560/575
----       当前进度:  40 % - 转换为实体 132
----       当前进度:  40 % - 参数化曲线 133
----       当前进度:  40 % - 转换为实体 133
Memory: 548/561 561/575
----       当前进度:  40 % - 参数化曲线 134
----       当前进度:  40 % - 转换为实体 134
Memory: 549/561 561/575
----       当前进度:  40 % - 参数化曲线 135
----       当前进度:  40 % - 转换为实体 135
----       当前进度:  41 % - 参数化曲线 136
----       当前进度:  41 % - 转换为实体 136
----       当前进度:  41 % - 参数化曲线 137
----       当前进度:  41 % - 转换为实体 137
----       当前进度:  41 % - 参数化曲线 138
----       当前进度:  41 % - 转换为实体 138
----       当前进度:  42 % - 参数化曲线 139
----       当前进度:  42 % - 转换为实体 139
----       当前进度:  42 % - 参数化曲线 140
----       当前进度:  42 % - 转换为实体 140
----       当前进度:  42 % - 参数化曲线 141
----       当前进度:  42 % - 转换为实体 141
----       当前进度:  42 % - 参数化曲线 142
Memory: 549/561 565/575
----       当前进度:  43 % - 参数化曲线 142
----       当前进度:  43 % - 转换为实体 142
----       当前进度:  43 % - 参数化曲线 143
----       当前进度:  43 % - 转换为实体 143
----       当前进度:  43 % - 参数化曲线 144
----       当前进度:  43 % - 转换为实体 144
----       当前进度:  43 % - 参数化曲线 145
----       当前进度:  43 % - 转换为实体 145
----       当前进度:  44 % - 参数化曲线 146
----       当前进度:  44 % - 转换为实体 146
----       当前进度:  44 % - 参数化曲线 147
----       当前进度:  44 % - 转换为实体 147
----       当前进度:  44 % - 参数化曲线 148
----       当前进度:  44 % - 转换为实体 148
----       当前进度:  45 % - 参数化曲线 149
----       当前进度:  45 % - 转换为实体 149
----       当前进度:  45 % - 参数化曲线 150
----       当前进度:  45 % - 转换为实体 150
----       当前进度:  45 % - 参数化曲线 151
----       当前进度:  45 % - 转换为实体 151
----       当前进度:  46 % - 参数化曲线 152
----       当前进度:  46 % - 转换为实体 152
----       当前进度:  46 % - 参数化曲线 153
----       当前进度:  46 % - 转换为实体 153
----       当前进度:  46 % - 参数化曲线 154
Memory: 550/561 565/575
----       当前进度:  46 % - 转换为实体 154
Memory: 550/561 566/575
----       当前进度:  46 % - 参数化曲线 155
----       当前进度:  46 % - 转换为实体 155
----       当前进度:  47 % - 参数化曲线 156
----       当前进度:  47 % - 转换为实体 156
----       当前进度:  47 % - 参数化曲线 157
----       当前进度:  47 % - 转换为实体 157
----       当前进度:  47 % - 参数化曲线 158
----       当前进度:  47 % - 转换为实体 158
----       当前进度:  48 % - 参数化曲线 159
----       当前进度:  48 % - 转换为实体 159
----       当前进度:  48 % - 参数化曲线 160
----       当前进度:  48 % - 转换为实体 160
----       当前进度:  48 % - 参数化曲线 161
----       当前进度:  48 % - 转换为实体 161
----       当前进度:  49 % - 参数化曲线 162
----       当前进度:  49 % - 转换为实体 162
----       当前进度:  49 % - 参数化曲线 163
----       当前进度:  49 % - 转换为实体 163
Memory: 551/561 566/575
----       当前进度:  49 % - 参数化曲线 164
----       当前进度:  49 % - 转换为实体 164
----       当前进度:  49 % - 参数化曲线 165
----       当前进度:  49 % - 转换为实体 165
-----      当前进度:  50 % - 参数化曲线 166
-----      当前进度:  50 % - 转换为实体 166
Memory: 552/561 566/575
-----      当前进度:  50 % - 参数化曲线 167
-----      当前进度:  50 % - 转换为实体 167
Memory: 552/561 567/575
-----      当前进度:  50 % - 参数化曲线 168
-----      当前进度:  50 % - 转换为实体 168
-----      当前进度:  51 % - 参数化曲线 169
-----      当前进度:  51 % - 转换为实体 169
-----      当前进度:  51 % - 参数化曲线 170
-----      当前进度:  51 % - 转换为实体 170
Memory: 553/561 567/575
-----      当前进度:  51 % - 参数化曲线 171
-----      当前进度:  51 % - 转换为实体 171
-----      当前进度:  52 % - 参数化曲线 172
-----      当前进度:  52 % - 转换为实体 172
-----      当前进度:  52 % - 参数化曲线 173
-----      当前进度:  52 % - 转换为实体 173
-----      当前进度:  52 % - 参数化曲线 174
-----      当前进度:  52 % - 转换为实体 174
-----      当前进度:  52 % - 参数化曲线 175
-----      当前进度:  52 % - 转换为实体 175
Memory: 556/561 570/575
-----      当前进度:  53 % - 参数化曲线 176
Memory: 554/561 568/575
-----      当前进度:  53 % - 转换为实体 176
-----      当前进度:  53 % - 参数化曲线 177
-----      当前进度:  53 % - 转换为实体 177
Memory: 538/561 552/575
-----      当前进度:  53 % - 参数化曲线 178
-----      当前进度:  53 % - 转换为实体 178
Memory: 544/561 559/575
-----      当前进度:  54 % - 参数化曲线 179
-----      当前进度:  54 % - 转换为实体 179
Memory: 545/561 560/575
-----      当前进度:  54 % - 参数化曲线 180
Memory: 547/561 562/575
-----      当前进度:  54 % - 转换为实体 180
Memory: 550/561 565/575
-----      当前进度:  54 % - 参数化曲线 181
-----      当前进度:  54 % - 转换为实体 181
Memory: 548/561 563/575
-----      当前进度:  55 % - 参数化曲线 182
-----      当前进度:  55 % - 转换为实体 182
-----      当前进度:  55 % - 参数化曲线 183
-----      当前进度:  55 % - 转换为实体 183
-----      当前进度:  55 % - 参数化曲线 184
-----      当前进度:  55 % - 转换为实体 184
Memory: 549/561 564/575
-----      当前进度:  55 % - 参数化曲线 185
-----      当前进度:  55 % - 转换为实体 185
Memory: 551/561 565/575
-----      当前进度:  56 % - 参数化曲线 186
-----      当前进度:  56 % - 转换为实体 186
Memory: 551/561 566/575
-----      当前进度:  56 % - 参数化曲线 187
-----      当前进度:  56 % - 转换为实体 187
Memory: 554/561 568/575
-----      当前进度:  56 % - 参数化曲线 188
-----      当前进度:  56 % - 转换为实体 188
Memory: 555/561 570/575
-----      当前进度:  57 % - 参数化曲线 189
-----      当前进度:  57 % - 转换为实体 189
Memory: 556/561 570/575
-----      当前进度:  57 % - 参数化曲线 190
-----      当前进度:  57 % - 转换为实体 190
Memory: 557/561 571/575
-----      当前进度:  57 % - 参数化曲线 191
-----      当前进度:  57 % - 转换为实体 191
-----      当前进度:  58 % - 参数化曲线 192
Memory: 558/561 574/575
-----      当前进度:  58 % - 转换为实体 192
Memory: 557/561 571/575
-----      当前进度:  58 % - 参数化曲线 193
-----      当前进度:  58 % - 转换为实体 193
Memory: 558/561 572/575
-----      当前进度:  58 % - 参数化曲线 194
-----      当前进度:  58 % - 转换为实体 194
Memory: 547/561 565/575
-----      当前进度:  58 % - 参数化曲线 195
-----      当前进度:  58 % - 转换为实体 195
Memory: 550/561 567/575
-----      当前进度:  59 % - 参数化曲线 196
-----      当前进度:  59 % - 转换为实体 196
Memory: 551/561 567/575
-----      当前进度:  59 % - 参数化曲线 197
-----      当前进度:  59 % - 转换为实体 197
-----      当前进度:  59 % - 参数化曲线 198
-----      当前进度:  59 % - 转换为实体 198
------     当前进度:  60 % - 参数化曲线 199
------     当前进度:  60 % - 转换为实体 199
------     当前进度:  60 % - 参数化曲线 200
------     当前进度:  60 % - 转换为实体 200
Memory: 551/561 571/575
------     当前进度:  60 % - 参数化曲线 201
Memory: 554/561 571/575
------     当前进度:  60 % - 转换为实体 201
Memory: 555/561 571/575
------     当前进度:  61 % - 参数化曲线 202
------     当前进度:  61 % - 转换为实体 202
Memory: 556/561 572/575
------     当前进度:  61 % - 参数化曲线 203
------     当前进度:  61 % - 转换为实体 203
Memory: 553/561 569/575
------     当前进度:  61 % - 参数化曲线 204
------     当前进度:  61 % - 转换为实体 204
------     当前进度:  61 % - 参数化曲线 205
------     当前进度:  62 % - 参数化曲线 205
------     当前进度:  62 % - 转换为实体 205
------     当前进度:  62 % - 参数化曲线 206
------     当前进度:  62 % - 转换为实体 206
------     当前进度:  62 % - 参数化曲线 207
------     当前进度:  62 % - 转换为实体 207
------     当前进度:  62 % - 参数化曲线 208
------     当前进度:  62 % - 转换为实体 208
Memory: 554/561 570/575
------     当前进度:  63 % - 参数化曲线 209
------     当前进度:  63 % - 转换为实体 209
Memory: 555/561 571/575
------     当前进度:  63 % - 参数化曲线 210
------     当前进度:  63 % - 转换为实体 210
------     当前进度:  63 % - 参数化曲线 211
Memory: 559/561 574/575
------     当前进度:  63 % - 转换为实体 211
------     当前进度:  64 % - 参数化曲线 212
------     当前进度:  64 % - 转换为实体 212
------     当前进度:  64 % - 参数化曲线 213
------     当前进度:  64 % - 转换为实体 213
Memory: 557/561 572/575
------     当前进度:  64 % - 参数化曲线 214
------     当前进度:  64 % - 转换为实体 214
Memory: 549/561 563/575
------     当前进度:  64 % - 参数化曲线 215
------     当前进度:  65 % - 参数化曲线 215
Memory: 550/561 564/575
------     当前进度:  65 % - 转换为实体 215
------     当前进度:  65 % - 参数化曲线 216
------     当前进度:  65 % - 转换为实体 216
------     当前进度:  65 % - 参数化曲线 217
------     当前进度:  65 % - 转换为实体 217
------     当前进度:  65 % - 参数化曲线 218
------     当前进度:  65 % - 转换为实体 218
------     当前进度:  66 % - 参数化曲线 219
------     当前进度:  66 % - 转换为实体 219
Memory: 551/561 564/575
------     当前进度:  66 % - 参数化曲线 220
------     当前进度:  66 % - 转换为实体 220
------     当前进度:  66 % - 参数化曲线 221
------     当前进度:  66 % - 转换为实体 221
Memory: 551/561 565/575
------     当前进度:  67 % - 参数化曲线 222
------     当前进度:  67 % - 转换为实体 222
------     当前进度:  67 % - 参数化曲线 223
------     当前进度:  67 % - 转换为实体 223
Memory: 553/561 567/575
------     当前进度:  67 % - 参数化曲线 224
Memory: 546/561 559/575
------     当前进度:  67 % - 转换为实体 224
Memory: 541/561 557/575
------     当前进度:  67 % - 参数化曲线 225
------     当前进度:  68 % - 参数化曲线 225
Memory: 544/561 561/575
------     当前进度:  68 % - 转换为实体 225
Memory: 545/561 562/575
------     当前进度:  68 % - 参数化曲线 226
------     当前进度:  68 % - 转换为实体 226
Memory: 547/561 564/575
------     当前进度:  68 % - 参数化曲线 227
------     当前进度:  68 % - 转换为实体 227
------     当前进度:  68 % - 参数化曲线 228
------     当前进度:  68 % - 转换为实体 228
------     当前进度:  69 % - 参数化曲线 229
------     当前进度:  69 % - 转换为实体 229
Memory: 548/561 564/575
------     当前进度:  69 % - 参数化曲线 230
------     当前进度:  69 % - 转换为实体 230
------     当前进度:  69 % - 参数化曲线 231
------     当前进度:  69 % - 转换为实体 231
Memory: 550/561 566/575
-------    当前进度:  70 % - 参数化曲线 232
Memory: 548/561 564/575
-------    当前进度:  70 % - 转换为实体 232
-------    当前进度:  70 % - 参数化曲线 233
-------    当前进度:  70 % - 转换为实体 233
Memory: 540/561 554/575
-------    当前进度:  70 % - 参数化曲线 234
Memory: 541/561 555/575
-------    当前进度:  70 % - 转换为实体 234
Memory: 540/561 555/575
-------    当前进度:  71 % - 参数化曲线 235
-------    当前进度:  71 % - 转换为实体 235
Memory: 544/561 558/575
-------    当前进度:  71 % - 参数化曲线 236
-------    当前进度:  71 % - 转换为实体 236
Memory: 545/561 560/575
-------    当前进度:  71 % - 参数化曲线 237
-------    当前进度:  71 % - 转换为实体 237
Memory: 544/561 561/575
-------    当前进度:  71 % - 参数化曲线 238
Memory: 546/561 561/575
-------    当前进度:  71 % - 转换为实体 238
-------    当前进度:  72 % - 参数化曲线 239
-------    当前进度:  72 % - 转换为实体 239
Memory: 547/561 562/575
-------    当前进度:  72 % - 参数化曲线 240
Memory: 548/561 563/575
-------    当前进度:  72 % - 转换为实体 240
Memory: 548/561 564/575
-------    当前进度:  72 % - 参数化曲线 241
-------    当前进度:  72 % - 转换为实体 241
-------    当前进度:  73 % - 参数化曲线 242
-------    当前进度:  73 % - 转换为实体 242
Memory: 549/561 564/575
-------    当前进度:  73 % - 参数化曲线 243
-------    当前进度:  73 % - 转换为实体 243
Memory: 551/561 566/575
-------    当前进度:  73 % - 参数化曲线 244
Memory: 552/561 567/575
-------    当前进度:  73 % - 转换为实体 244
Memory: 553/561 569/575
-------    当前进度:  74 % - 参数化曲线 245
Memory: 552/561 567/575
-------    当前进度:  74 % - 转换为实体 245
Memory: 555/561 570/575
-------    当前进度:  74 % - 参数化曲线 246
-------    当前进度:  74 % - 转换为实体 246
Memory: 559/561 573/575
-------    当前进度:  74 % - 参数化曲线 247
Memory: 559/561 574/575
-------    当前进度:  74 % - 转换为实体 247
Memory: 560/561 574/576
-------    当前进度:  74 % - 参数化曲线 248
-------    当前进度:  74 % - 转换为实体 248
Memory: 561/562 576/577
-------    当前进度:  75 % - 参数化曲线 249
Memory: 561/563 576/577
-------    当前进度:  75 % - 转换为实体 249
Memory: 562/566 577/580
-------    当前进度:  75 % - 参数化曲线 250
-------    当前进度:  75 % - 转换为实体 250
Memory: 565/566 579/580
-------    当前进度:  75 % - 参数化曲线 251
Memory: 563/566 578/580
-------    当前进度:  75 % - 转换为实体 251
Memory: 570/570 585/585
-------    当前进度:  76 % - 参数化曲线 252
Memory: 574/574 589/589
-------    当前进度:  76 % - 转换为实体 252
Memory: 562/579 578/594
-------    当前进度:  76 % - 参数化曲线 253
-------    当前进度:  76 % - 转换为实体 253
Memory: 567/579 583/594
-------    当前进度:  76 % - 参数化曲线 254
-------    当前进度:  76 % - 转换为实体 254
Memory: 568/579 583/594
-------    当前进度:  77 % - 参数化曲线 255
-------    当前进度:  77 % - 转换为实体 255
-------    当前进度:  77 % - 参数化曲线 256
-------    当前进度:  77 % - 转换为实体 256
-------    当前进度:  77 % - 参数化曲线 257
-------    当前进度:  77 % - 转换为实体 257
-------    当前进度:  77 % - 参数化曲线 258
-------    当前进度:  77 % - 转换为实体 258
Memory: 569/579 583/594
-------    当前进度:  78 % - 参数化曲线 259
-------    当前进度:  78 % - 转换为实体 259
-------    当前进度:  78 % - 参数化曲线 260
-------    当前进度:  78 % - 转换为实体 260
-------    当前进度:  78 % - 参数化曲线 261
-------    当前进度:  78 % - 转换为实体 261
-------    当前进度:  79 % - 参数化曲线 262
-------    当前进度:  79 % - 转换为实体 262
-------    当前进度:  79 % - 参数化曲线 263
-------    当前进度:  79 % - 转换为实体 263
-------    当前进度:  79 % - 参数化曲线 264
-------    当前进度:  79 % - 转换为实体 264
--------   当前进度:  80 % - 参数化曲线 265
--------   当前进度:  80 % - 转换为实体 265
--------   当前进度:  80 % - 参数化曲线 266
--------   当前进度:  80 % - 转换为实体 266
--------   当前进度:  80 % - 参数化曲线 267
--------   当前进度:  80 % - 转换为实体 267
--------   当前进度:  80 % - 参数化曲线 268
--------   当前进度:  80 % - 转换为实体 268
--------   当前进度:  81 % - 参数化曲线 269
--------   当前进度:  81 % - 转换为实体 269
--------   当前进度:  81 % - 参数化曲线 270
--------   当前进度:  81 % - 转换为实体 270
Memory: 569/579 584/594
--------   当前进度:  81 % - 参数化曲线 271
--------   当前进度:  81 % - 转换为实体 271
Memory: 570/579 584/594
--------   当前进度:  82 % - 参数化曲线 272
--------   当前进度:  82 % - 转换为实体 272
--------   当前进度:  82 % - 参数化曲线 273
--------   当前进度:  82 % - 转换为实体 273
--------   当前进度:  82 % - 参数化曲线 274
--------   当前进度:  82 % - 转换为实体 274
--------   当前进度:  83 % - 参数化曲线 275
--------   当前进度:  83 % - 转换为实体 275
--------   当前进度:  83 % - 参数化曲线 276
--------   当前进度:  83 % - 转换为实体 276
--------   当前进度:  83 % - 参数化曲线 277
--------   当前进度:  83 % - 转换为实体 277
--------   当前进度:  83 % - 参数化曲线 278
--------   当前进度:  83 % - 转换为实体 278
--------   当前进度:  84 % - 参数化曲线 279
--------   当前进度:  84 % - 转换为实体 279
Memory: 571/579 585/594
--------   当前进度:  84 % - 参数化曲线 280
--------   当前进度:  84 % - 转换为实体 280
--------   当前进度:  84 % - 参数化曲线 281
--------   当前进度:  84 % - 转换为实体 281
--------   当前进度:  85 % - 参数化曲线 282
--------   当前进度:  85 % - 转换为实体 282
--------   当前进度:  85 % - 参数化曲线 283
--------   当前进度:  85 % - 转换为实体 283
--------   当前进度:  85 % - 参数化曲线 284
--------   当前进度:  85 % - 转换为实体 284
Memory: 573/579 587/594
--------   当前进度:  86 % - 参数化曲线 285
--------   当前进度:  86 % - 转换为实体 285
Memory: 574/579 588/594
--------   当前进度:  86 % - 参数化曲线 286
--------   当前进度:  86 % - 转换为实体 286
--------   当前进度:  86 % - 参数化曲线 287
--------   当前进度:  86 % - 转换为实体 287
--------   当前进度:  86 % - 参数化曲线 288
--------   当前进度:  87 % - 参数化曲线 288
--------   当前进度:  87 % - 转换为实体 288
--------   当前进度:  87 % - 参数化曲线 289
--------   当前进度:  87 % - 转换为实体 289
--------   当前进度:  87 % - 参数化曲线 290
--------   当前进度:  87 % - 转换为实体 290
--------   当前进度:  87 % - 参数化曲线 291
--------   当前进度:  87 % - 转换为实体 291
--------   当前进度:  88 % - 参数化曲线 292
--------   当前进度:  88 % - 转换为实体 292
--------   当前进度:  88 % - 参数化曲线 293
--------   当前进度:  88 % - 转换为实体 293
--------   当前进度:  88 % - 参数化曲线 294
--------   当前进度:  88 % - 转换为实体 294
--------   当前进度:  89 % - 参数化曲线 295
--------   当前进度:  89 % - 转换为实体 295
--------   当前进度:  89 % - 参数化曲线 296
--------   当前进度:  89 % - 转换为实体 296
--------   当前进度:  89 % - 参数化曲线 297
--------   当前进度:  89 % - 转换为实体 297
--------   当前进度:  89 % - 参数化曲线 298
---------  当前进度:  90 % - 参数化曲线 298
---------  当前进度:  90 % - 转换为实体 298
---------  当前进度:  90 % - 参数化曲线 299
---------  当前进度:  90 % - 转换为实体 299
---------  当前进度:  90 % - 参数化曲线 300
---------  当前进度:  90 % - 转换为实体 300
---------  当前进度:  90 % - 参数化曲线 301
---------  当前进度:  90 % - 转换为实体 301
---------  当前进度:  91 % - 参数化曲线 302
---------  当前进度:  91 % - 转换为实体 302
---------  当前进度:  91 % - 参数化曲线 303
Memory: 575/579 588/594
---------  当前进度:  91 % - 转换为实体 303
---------  当前进度:  91 % - 参数化曲线 304
---------  当前进度:  91 % - 转换为实体 304
Memory: 576/579 589/594
---------  当前进度:  92 % - 参数化曲线 305
---------  当前进度:  92 % - 转换为实体 305
Memory: 578/579 592/594
---------  当前进度:  92 % - 参数化曲线 306
---------  当前进度:  92 % - 转换为实体 306
Memory: 580/582 593/596
---------  当前进度:  92 % - 参数化曲线 307
---------  当前进度:  92 % - 转换为实体 307
---------  当前进度:  92 % - 参数化曲线 308
---------  当前进度:  93 % - 参数化曲线 308
Memory: 581/582 594/596
---------  当前进度:  93 % - 转换为实体 308
---------  当前进度:  93 % - 参数化曲线 309
---------  当前进度:  93 % - 转换为实体 309
---------  当前进度:  93 % - 参数化曲线 310
---------  当前进度:  93 % - 转换为实体 310
Memory: 576/582 590/596
---------  当前进度:  93 % - 参数化曲线 311
---------  当前进度:  93 % - 转换为实体 311
---------  当前进度:  94 % - 参数化曲线 312
---------  当前进度:  94 % - 转换为实体 312
---------  当前进度:  94 % - 参数化曲线 313
---------  当前进度:  94 % - 转换为实体 313
---------  当前进度:  94 % - 参数化曲线 314
---------  当前进度:  94 % - 转换为实体 314
---------  当前进度:  95 % - 参数化曲线 315
---------  当前进度:  95 % - 转换为实体 315
---------  当前进度:  95 % - 参数化曲线 316
---------  当前进度:  95 % - 转换为实体 316
---------  当前进度:  95 % - 参数化曲线 317
---------  当前进度:  95 % - 转换为实体 317
---------  当前进度:  96 % - 参数化曲线 318
---------  当前进度:  96 % - 转换为实体 318
---------  当前进度:  96 % - 参数化曲线 319
---------  当前进度:  96 % - 转换为实体 319
---------  当前进度:  96 % - 参数化曲线 320
---------  当前进度:  96 % - 转换为实体 320
---------  当前进度:  96 % - 参数化曲线 321
---------  当前进度:  96 % - 转换为实体 321
---------  当前进度:  97 % - 参数化曲线 322
---------  当前进度:  97 % - 转换为实体 322
---------  当前进度:  97 % - 参数化曲线 323
---------  当前进度:  97 % - 转换为实体 323
---------  当前进度:  97 % - 参数化曲线 324
---------  当前进度:  97 % - 转换为实体 324
---------  当前进度:  98 % - 参数化曲线 325
---------  当前进度:  98 % - 转换为实体 325
Memory: 575/582 588/596
---------  当前进度:  98 % - 参数化曲线 326
---------  当前进度:  98 % - 转换为实体 326
Memory: 576/582 589/596
---------  当前进度:  98 % - 参数化曲线 327
---------  当前进度:  98 % - 转换为实体 327
---------  当前进度:  99 % - 参数化曲线 328
---------  当前进度:  99 % - 转换为实体 328
---------  当前进度:  99 % - 参数化曲线 329
---------  当前进度:  99 % - 转换为实体 329
---------  当前进度:  99 % - 参数化曲线 330
---------  当前进度:  99 % - 转换为实体 330
---------  当前进度:  99 % - 参数化曲线 331
---------  当前进度:  99 % - 转换为实体 331
---------- 当前进度: 100 % - 形成联合体
---------- 当前进度: 100 % - 解析域和空区域
Memory: 581/592 596/606
---------- 当前进度: 100 % - 正在更新选择
Memory: 582/592 596/606
顶点单元数：666
边界单元数：7554
---------  当前进度:  95 % - 提高单元质量
Memory: 638/653 652/665
单元数：70498
最小单元质量：0.4384
---------- 当前进度: 100 % - 正在定型网格
Memory: 586/653 600/665
<---- 200 kHz: naturally distributed strand currents/解 1 (sol1) 中的“编译方程: 频域” ---
开始于 2026年9月26日 上午10:59:17。
几何形函数: 二次拉格朗日单元
在 Intel64 Family 6 Model 183 Stepping 1, GenuineIntel 上运行。
在以下位置使用 1 个插槽： MIST 上（共 4 个内核）。
可用内存：16.11 GB。
           当前进度:   1 % - 编译方程: 频域
Memory: 888/897 917/927
时间：1。
物理内存: 898 MB
虚拟内存: 917 MB
结束时间：2026年9月26日 上午10:59:18。
----- 200 kHz: naturally distributed strand currents/解 1 (sol1) 中的“编译方程: 频域” -->
<---- 200 kHz: naturally distributed strand currents/解 1 (sol1) 中的“因变量 1” ------
开始于 2026年9月26日 上午10:59:18。
           当前进度:   1 % - 因变量 1
Memory: 929/960 938/969
求解时间：0 s。
物理内存: 929 MB
虚拟内存: 938 MB
结束时间：2026年9月26日 上午10:59:18。
----- 200 kHz: naturally distributed strand currents/解 1 (sol1) 中的“因变量 1” ----->
<---- 200 kHz: naturally distributed strand currents/解 1 (sol1) 中的“稳态求解器 1” ----
开始于 2026年9月26日 上午10:59:18。
线性求解器
求解的自由度数：493567。
-          当前进度:  12 % - 组装矩阵
Memory: 1000/1001 1006/1008
-          当前进度:  15 % - 组装稀疏模式
Memory: 1066/1125 1081/1134
--         当前进度:  28 % - 组装矩阵
Memory: 1255/1349 1260/1357
---        当前进度:  31 % - 
Memory: 1248/1393 1254/1399
找到对称矩阵。
缩放因变量：
磁矢势 (comp1.A): 0.0001
已使用正交零空间函数。
---        当前进度:  31 % - 矩阵分解
Memory: 1206/1393 1290/1399
---        当前进度:  32 % - 矩阵分解
Memory: 1375/1503 2265/2265
----       当前进度:  48 % - 矩阵分解
Memory: 1584/1584 2271/2271
------     当前进度:  62 % - 矩阵分解
Memory: 1735/1735 2271/2271
--------   当前进度:  80 % - 矩阵分解
Memory: 1898/1898 2271/2271
Iter      SolEst     Damping    Stepsize #Res #Jac #Sol   LinErr   LinRes
---------- 当前进度: 100 % - 求解线性方程组
Memory: 1987/2032 2229/2271
   1       0.043   1.0000000       0.043    1    1    1  1.4e-05  2.2e-13
求解时间：6 s。
物理内存: 2.01 GB
虚拟内存: 2.27 GB
结束时间：2026年9月26日 上午10:59:24。
----- 200 kHz: naturally distributed strand currents/解 1 (sol1) 中的“稳态求解器 1” --->
<---- 200 kHz: naturally distributed strand currents/解 1 (sol1) 中的“编译方程: 频域” ---
开始于 2026年9月26日 上午10:59:24。
几何形函数: 二次拉格朗日单元
在 Intel64 Family 6 Model 183 Stepping 1, GenuineIntel 上运行。
在以下位置使用 1 个插槽： MIST 上（共 4 个内核）。
可用内存：16.11 GB。
           当前进度:   1 % - 编译方程: 频域
Memory: 990/2032 1069/2293
时间：1。
物理内存: 999 MB
虚拟内存: 1078 MB
结束时间：2026年9月26日 上午10:59:25。
----- 200 kHz: naturally distributed strand currents/解 1 (sol1) 中的“编译方程: 频域” -->
<---- 200 kHz: naturally distributed strand currents/解 1 (sol1) 中的“因变量 1” ------
开始于 2026年9月26日 上午10:59:25。
           当前进度:   1 % - 因变量 1
Memory: 1023/2032 1101/2293
求解时间：0 s。
物理内存: 1.02 GB
虚拟内存: 1.1 GB
结束时间：2026年9月26日 上午10:59:25。
----- 200 kHz: naturally distributed strand currents/解 1 (sol1) 中的“因变量 1” ----->
<---- 200 kHz: naturally distributed strand currents/解 1 (sol1) 中的“稳态求解器 1” ----
开始于 2026年9月26日 上午10:59:25。
线性求解器
求解的自由度数：493567。
-          当前进度:  12 % - 组装矩阵
Memory: 1091/2032 1169/2293
-          当前进度:  15 % - 组装稀疏模式
Memory: 1151/2032 1317/2293
--         当前进度:  29 % - 组装矩阵
Memory: 1323/2032 1401/2293
找到对称矩阵。
缩放因变量：
磁矢势 (comp1.A): 0.0001
已使用正交零空间函数。
---        当前进度:  31 % - 约束处理
Memory: 1314/2032 1397/2293
---        当前进度:  31 % - 矩阵分解
Memory: 1303/2032 1411/2293
----       当前进度:  48 % - 矩阵分解
Memory: 1672/2032 2360/2360
------     当前进度:  61 % - 矩阵分解
Memory: 1792/2032 2334/2372
-------    当前进度:  78 % - 矩阵分解
Memory: 1884/2032 2274/2372
Iter      SolEst     Damping    Stepsize #Res #Jac #Sol   LinErr   LinRes
---------- 当前进度: 100 % - 求解线性方程组
Memory: 1980/2046 2226/2372
   1        0.55   1.0000000        0.55    1    1    1  1.4e-05  2.1e-13
求解时间：6 s。
物理内存: 2.02 GB
虚拟内存: 2.36 GB
结束时间：2026年9月26日 上午10:59:31。
----- 200 kHz: naturally distributed strand currents/解 1 (sol1) 中的“稳态求解器 1” --->
           当前进度:   9 % - 自由三角形网格
Memory: 902/2046 982/2372
顶点单元数：666
边界单元数：7554
---------  当前进度:  95 % - 提高单元质量
Memory: 925/2046 1006/2372
单元数：71172
最小单元质量：0.4384
---------- 当前进度: 100 % - 正在定型网格
Memory: 883/2046 969/2372
<---- 200 kHz: naturally distributed strand currents/解 1 (sol1) 中的“编译方程: 频域” ---
开始于 2026年9月26日 上午10:59:38。
几何形函数: 二次拉格朗日单元
在 Intel64 Family 6 Model 183 Stepping 1, GenuineIntel 上运行。
在以下位置使用 1 个插槽： MIST 上（共 4 个内核）。
可用内存：16.11 GB。
           当前进度:   1 % - 编译方程: 频域
Memory: 968/2046 1047/2372
时间：1。
物理内存: 969 MB
虚拟内存: 1047 MB
结束时间：2026年9月26日 上午10:59:39。
----- 200 kHz: naturally distributed strand currents/解 1 (sol1) 中的“编译方程: 频域” -->
<---- 200 kHz: naturally distributed strand currents/解 1 (sol1) 中的“因变量 1” ------
开始于 2026年9月26日 上午10:59:39。
           当前进度:   1 % - 因变量 1
Memory: 991/2046 1069/2372
求解时间：0 s。
物理内存: 991 MB
虚拟内存: 1069 MB
结束时间：2026年9月26日 上午10:59:39。
----- 200 kHz: naturally distributed strand currents/解 1 (sol1) 中的“因变量 1” ----->
<---- 200 kHz: naturally distributed strand currents/解 1 (sol1) 中的“稳态求解器 1” ----
开始于 2026年9月26日 上午10:59:39。
线性求解器
求解的自由度数：498285。
-          当前进度:  12 % - 组装矩阵
Memory: 1037/2046 1115/2372
-          当前进度:  16 % - 组装稀疏模式
Memory: 1162/2046 1240/2372
---        当前进度:  31 % - 组装矩阵
Memory: 1320/2046 1398/2372
找到对称矩阵。
缩放因变量：
磁矢势 (comp1.A): 0.0001
已使用正交零空间函数。
---        当前进度:  31 % - 约束处理
Memory: 1308/2046 1386/2372
---        当前进度:  31 % - 矩阵分解
Memory: 1404/2046 1528/2372
----       当前进度:  43 % - 矩阵分解
Memory: 1573/2046 2370/2372
-----      当前进度:  56 % - 矩阵分解
Memory: 1680/2046 2313/2383
-------    当前进度:  74 % - 矩阵分解
Memory: 1866/2046 2313/2383
--------   当前进度:  89 % - 矩阵分解
Memory: 2023/2046 2313/2383
Iter      SolEst     Damping    Stepsize #Res #Jac #Sol   LinErr   LinRes
---------- 当前进度: 100 % - 求解线性方程组
Memory: 2054/2084 2318/2383
   1       0.043   1.0000000       0.043    1    1    1  1.4e-05  2.2e-13
求解时间：6 s。
物理内存: 2.05 GB
虚拟内存: 2.37 GB
结束时间：2026年9月26日 上午10:59:46。
----- 200 kHz: naturally distributed strand currents/解 1 (sol1) 中的“稳态求解器 1” --->
<---- 200 kHz: naturally distributed strand currents/解 1 (sol1) 中的“编译方程: 频域” ---
开始于 2026年9月26日 上午10:59:46。
几何形函数: 二次拉格朗日单元
在 Intel64 Family 6 Model 183 Stepping 1, GenuineIntel 上运行。
在以下位置使用 1 个插槽： MIST 上（共 4 个内核）。
可用内存：16.11 GB。
           当前进度:   1 % - 编译方程: 频域
Memory: 1004/2084 1082/2383
时间：1。
物理内存: 1.01 GB
虚拟内存: 1.09 GB
结束时间：2026年9月26日 上午10:59:46。
----- 200 kHz: naturally distributed strand currents/解 1 (sol1) 中的“编译方程: 频域” -->
<---- 200 kHz: naturally distributed strand currents/解 1 (sol1) 中的“因变量 1” ------
开始于 2026年9月26日 上午10:59:46。
           当前进度:   1 % - 因变量 1
Memory: 1030/2084 1108/2383
求解时间：0 s。
物理内存: 1.03 GB
虚拟内存: 1.11 GB
结束时间：2026年9月26日 上午10:59:46。
----- 200 kHz: naturally distributed strand currents/解 1 (sol1) 中的“因变量 1” ----->
<---- 200 kHz: naturally distributed strand currents/解 1 (sol1) 中的“稳态求解器 1” ----
开始于 2026年9月26日 上午10:59:46。
线性求解器
求解的自由度数：498285。
-          当前进度:  12 % - 组装矩阵
Memory: 1083/2084 1161/2383
-          当前进度:  16 % - 组装稀疏模式
Memory: 1213/2084 1322/2383
---        当前进度:  31 % - 组装矩阵
Memory: 1339/2084 1417/2383
找到对称矩阵。
缩放因变量：
磁矢势 (comp1.A): 0.0001
已使用正交零空间函数。
---        当前进度:  31 % - 约束处理
Memory: 1321/2084 1405/2383
---        当前进度:  31 % - 矩阵分解
Memory: 1346/2084 1558/2383
---        当前进度:  35 % - 矩阵分解
Memory: 1484/2084 2355/2383
-----      当前进度:  51 % - 矩阵分解
Memory: 1672/2084 2355/2383
------     当前进度:  65 % - 矩阵分解
Memory: 1820/2084 2355/2383
--------   当前进度:  80 % - 矩阵分解
Memory: 1992/2084 2354/2383
Iter      SolEst     Damping    Stepsize #Res #Jac #Sol   LinErr   LinRes
---------- 当前进度: 100 % - 求解线性方程组
Memory: 2072/2120 2310/2383
   1        0.55   1.0000000        0.55    1    1    1  1.4e-05  2.1e-13
求解时间：6 s。
物理内存: 2.09 GB
虚拟内存: 2.36 GB
结束时间：2026年9月26日 上午10:59:53。
----- 200 kHz: naturally distributed strand currents/解 1 (sol1) 中的“稳态求解器 1” --->
           当前进度:   9 % - 自由三角形网格
Memory: 988/2120 1071/2383
顶点单元数：666
边界单元数：8658
---------  当前进度:  95 % - 插入内部点
Memory: 987/2120 1069/2383
---------  当前进度:  95 % - 提高单元质量
单元数：94358
最小单元质量：0.4619
---------- 当前进度: 100 % - 正在定型网格
Memory: 901/2120 982/2383
<---- 200 kHz: naturally distributed strand currents/解 1 (sol1) 中的“编译方程: 频域” ---
开始于 2026年9月26日 上午11:00:00。
几何形函数: 二次拉格朗日单元
在 Intel64 Family 6 Model 183 Stepping 1, GenuineIntel 上运行。
在以下位置使用 1 个插槽： MIST 上（共 4 个内核）。
可用内存：16.11 GB。
           当前进度:   1 % - 编译方程: 频域
Memory: 1006/2120 1089/2383
时间：1。
物理内存: 1.01 GB
虚拟内存: 1.09 GB
结束时间：2026年9月26日 上午11:00:01。
----- 200 kHz: naturally distributed strand currents/解 1 (sol1) 中的“编译方程: 频域” -->
<---- 200 kHz: naturally distributed strand currents/解 1 (sol1) 中的“因变量 1” ------
开始于 2026年9月26日 上午11:00:01。
           当前进度:   1 % - 因变量 1
Memory: 1009/2120 1087/2383
求解时间：0 s。
物理内存: 1.01 GB
虚拟内存: 1.09 GB
结束时间：2026年9月26日 上午11:00:01。
----- 200 kHz: naturally distributed strand currents/解 1 (sol1) 中的“因变量 1” ----->
<---- 200 kHz: naturally distributed strand currents/解 1 (sol1) 中的“稳态求解器 1” ----
开始于 2026年9月26日 上午11:00:01。
           当前进度:   2 % - 稳态求解器 1
Memory: 1060/2120 1138/2383
线性求解器
求解的自由度数：660587。
-          当前进度:  16 % - 组装稀疏模式
Memory: 1210/2120 1293/2383
-          当前进度:  16 % - 组装矩阵
Memory: 1444/2120 1523/2383
---        当前进度:  31 % - 组装矩阵
Memory: 1428/2120 1507/2383
---        当前进度:  31 % - 
Memory: 1484/2120 1578/2383
找到对称矩阵。
缩放因变量：
磁矢势 (comp1.A): 0.0001
已使用正交零空间函数。
---        当前进度:  31 % - 矩阵分解
Memory: 1304/2120 1382/2383
---        当前进度:  39 % - 矩阵分解
Memory: 1743/2120 2757/2757
-----      当前进度:  52 % - 矩阵分解
Memory: 1913/2120 2758/2758
------     当前进度:  63 % - 矩阵分解
Memory: 2086/2120 2758/2758
-------    当前进度:  77 % - 矩阵分解
Memory: 2272/2272 2758/2758
--------   当前进度:  89 % - 矩阵分解
Memory: 2410/2410 2758/2758
Iter      SolEst     Damping    Stepsize #Res #Jac #Sol   LinErr   LinRes
---------- 当前进度: 100 % - 求解线性方程组
Memory: 2422/2485 2701/2758
   1       0.043   1.0000000       0.043    1    1    1  1.2e-05  3.2e-13
求解时间：8 s。
物理内存: 2.44 GB
虚拟内存: 2.76 GB
结束时间：2026年9月26日 上午11:00:09。
----- 200 kHz: naturally distributed strand currents/解 1 (sol1) 中的“稳态求解器 1” --->
<---- 200 kHz: naturally distributed strand currents/解 1 (sol1) 中的“编译方程: 频域” ---
开始于 2026年9月26日 上午11:00:09。
几何形函数: 二次拉格朗日单元
在 Intel64 Family 6 Model 183 Stepping 1, GenuineIntel 上运行。
在以下位置使用 1 个插槽： MIST 上（共 4 个内核）。
可用内存：16.11 GB。
           当前进度:   1 % - 编译方程: 频域
Memory: 1015/2485 1095/2785
时间：1。
物理内存: 1.01 GB
虚拟内存: 1.1 GB
结束时间：2026年9月26日 上午11:00:10。
----- 200 kHz: naturally distributed strand currents/解 1 (sol1) 中的“编译方程: 频域” -->
<---- 200 kHz: naturally distributed strand currents/解 1 (sol1) 中的“因变量 1” ------
开始于 2026年9月26日 上午11:00:10。
           当前进度:   1 % - 因变量 1
Memory: 1040/2485 1119/2785
求解时间：0 s。
物理内存: 1.04 GB
虚拟内存: 1.12 GB
结束时间：2026年9月26日 上午11:00:10。
----- 200 kHz: naturally distributed strand currents/解 1 (sol1) 中的“因变量 1” ----->
<---- 200 kHz: naturally distributed strand currents/解 1 (sol1) 中的“稳态求解器 1” ----
开始于 2026年9月26日 上午11:00:10。
           当前进度:   2 % - 稳态求解器 1
Memory: 1092/2485 1171/2785
线性求解器
求解的自由度数：660587。
-          当前进度:  12 % - 组装矩阵
Memory: 1134/2485 1213/2785
-          当前进度:  16 % - 组装稀疏模式
Memory: 1219/2485 1309/2785
--         当前进度:  21 % - 组装矩阵
Memory: 1464/2485 1543/2785
---        当前进度:  31 % - 组装矩阵
Memory: 1460/2485 1538/2785
---        当前进度:  31 % - 
Memory: 1475/2485 1555/2785
找到对称矩阵。
缩放因变量：
磁矢势 (comp1.A): 0.0001
已使用正交零空间函数。
---        当前进度:  31 % - 约束处理
Memory: 1330/2485 1408/2785
---        当前进度:  31 % - 矩阵分解
Memory: 1463/2485 1720/2785
---        当前进度:  34 % - 矩阵分解
Memory: 1691/2485 2774/2785
----       当前进度:  48 % - 矩阵分解
Memory: 1874/2485 2774/2785
-----      当前进度:  59 % - 矩阵分解
Memory: 2018/2485 2774/2785
------     当前进度:  69 % - 矩阵分解
Memory: 2172/2485 2774/2785
-------    当前进度:  79 % - 矩阵分解
Memory: 2311/2485 2774/2785
---------  当前进度:  90 % - 矩阵分解
Memory: 2485/2485 2774/2785
Iter      SolEst     Damping    Stepsize #Res #Jac #Sol   LinErr   LinRes
---------- 当前进度: 100 % - 求解线性方程组
Memory: 2440/2502 2716/2785
   1        0.55   1.0000000        0.55    1    1    1  1.2e-05    3e-13
求解时间：9 s。
物理内存: 2.48 GB
虚拟内存: 2.77 GB
结束时间：2026年9月26日 上午11:00:18。
----- 200 kHz: naturally distributed strand currents/解 1 (sol1) 中的“稳态求解器 1” --->
           当前进度:   0 % - 绘制
Memory: 1037/2502 1115/2799
           当前进度:   7 % - 计算
-          当前进度:  10 % - 绘制
Memory: 1039/2502 1116/2799
--------   当前进度:  85 % - 计算
Memory: 1056/2502 1133/2799
           当前进度:   0 % - 绘制
Memory: 1081/2502 1150/2799
           当前进度:   7 % - 计算
Memory: 1090/2502 1157/2799
-          当前进度:  10 % - 绘制
--------   当前进度:  85 % - 计算
Memory: 1103/2502 1170/2799
---        当前进度:  30 % - 生成图像
Memory: 1207/2502 1277/2799
<---- 200 kHz: naturally distributed strand currents/解 1 (sol1) 中的“编译方程: 频域” ---
开始于 2026年9月26日 上午11:00:28。
几何形函数: 二次拉格朗日单元
在 Intel64 Family 6 Model 183 Stepping 1, GenuineIntel 上运行。
在以下位置使用 1 个插槽： MIST 上（共 4 个内核）。
可用内存：16.11 GB。
           当前进度:   1 % - 编译方程: 频域
Memory: 1166/2502 1237/2799
时间：1。
物理内存: 1.17 GB
虚拟内存: 1.24 GB
结束时间：2026年9月26日 上午11:00:29。
----- 200 kHz: naturally distributed strand currents/解 1 (sol1) 中的“编译方程: 频域” -->
<---- 200 kHz: naturally distributed strand currents/解 1 (sol1) 中的“因变量 1” ------
开始于 2026年9月26日 上午11:00:29。
           当前进度:   1 % - 因变量 1
Memory: 1194/2502 1266/2799
求解时间：0 s。
物理内存: 1.19 GB
虚拟内存: 1.27 GB
结束时间：2026年9月26日 上午11:00:29。
----- 200 kHz: naturally distributed strand currents/解 1 (sol1) 中的“因变量 1” ----->
<---- 200 kHz: naturally distributed strand currents/解 1 (sol1) 中的“稳态求解器 1” ----
开始于 2026年9月26日 上午11:00:29。
           当前进度:   2 % - 稳态求解器 1
Memory: 1240/2502 1312/2799
线性求解器
求解的自由度数：660587。
-          当前进度:  14 % - 组装稀疏模式
Memory: 1345/2502 1423/2799
-          当前进度:  16 % - 组装矩阵
Memory: 1735/2502 1807/2799
--         当前进度:  27 % - 组装矩阵
Memory: 1615/2502 1687/2799
---        当前进度:  31 % - 
Memory: 1627/2502 1699/2799
找到对称矩阵。
缩放因变量：
磁矢势 (comp1.A): 0.0001
已使用正交零空间函数。
---        当前进度:  31 % - 约束处理
Memory: 1480/2502 1552/2799
---        当前进度:  31 % - 矩阵分解
Memory: 1736/2502 1864/2799
---        当前进度:  36 % - 矩阵分解
Memory: 1879/2502 2943/2943
----       当前进度:  48 % - 矩阵分解
Memory: 2052/2502 2943/2943
-----      当前进度:  59 % - 矩阵分解
Memory: 2245/2502 2943/2943
-------    当前进度:  72 % - 矩阵分解
Memory: 2374/2502 2943/2943
--------   当前进度:  82 % - 矩阵分解
Memory: 2537/2537 2943/2943
---------  当前进度:  90 % - 矩阵分解
Memory: 2679/2679 2943/2943
Iter      SolEst     Damping    Stepsize #Res #Jac #Sol   LinErr   LinRes
---------- 当前进度: 100 % - 求解线性方程组
Memory: 2628/2679 2947/2947
   1       0.043   1.0000000       0.043    1    1    1  0.00012  3.2e-13
求解时间：8 s。
物理内存: 2.68 GB
虚拟内存: 2.97 GB
结束时间：2026年9月26日 上午11:00:37。
----- 200 kHz: naturally distributed strand currents/解 1 (sol1) 中的“稳态求解器 1” --->
<---- 200 kHz: naturally distributed strand currents/解 1 (sol1) 中的“编译方程: 频域” ---
开始于 2026年9月26日 上午11:00:37。
几何形函数: 二次拉格朗日单元
在 Intel64 Family 6 Model 183 Stepping 1, GenuineIntel 上运行。
在以下位置使用 1 个插槽： MIST 上（共 4 个内核）。
可用内存：16.11 GB。
           当前进度:   1 % - 编译方程: 频域
Memory: 1227/2679 1301/2968
时间：1。
物理内存: 1.23 GB
虚拟内存: 1.3 GB
结束时间：2026年9月26日 上午11:00:38。
----- 200 kHz: naturally distributed strand currents/解 1 (sol1) 中的“编译方程: 频域” -->
<---- 200 kHz: naturally distributed strand currents/解 1 (sol1) 中的“因变量 1” ------
开始于 2026年9月26日 上午11:00:38。
           当前进度:   1 % - 因变量 1
Memory: 1237/2679 1309/2968
求解时间：0 s。
物理内存: 1.24 GB
虚拟内存: 1.31 GB
结束时间：2026年9月26日 上午11:00:38。
----- 200 kHz: naturally distributed strand currents/解 1 (sol1) 中的“因变量 1” ----->
<---- 200 kHz: naturally distributed strand currents/解 1 (sol1) 中的“稳态求解器 1” ----
开始于 2026年9月26日 上午11:00:38。
           当前进度:   2 % - 稳态求解器 1
Memory: 1285/2679 1359/2968
线性求解器
求解的自由度数：660587。
-          当前进度:  15 % - 组装稀疏模式
Memory: 1415/2679 1487/2968
-          当前进度:  16 % - 组装稀疏模式
Memory: 1420/2679 1510/2968
--         当前进度:  28 % - 组装矩阵
Memory: 1660/2679 1734/2968
---        当前进度:  31 % - 组装矩阵
Memory: 1676/2679 1931/2968
找到对称矩阵。
缩放因变量：
磁矢势 (comp1.A): 0.0001
---        当前进度:  31 % - 
Memory: 1613/2679 1685/2968
已使用正交零空间函数。
---        当前进度:  31 % - 矩阵分解
Memory: 1527/2679 1599/2968
---        当前进度:  33 % - 矩阵分解
Memory: 1832/2679 2930/2968
----       当前进度:  45 % - 矩阵分解
Memory: 2008/2679 2930/2968
-----      当前进度:  59 % - 矩阵分解
Memory: 2166/2679 2930/2968
------     当前进度:  69 % - 矩阵分解
Memory: 2328/2679 2930/2968
--------   当前进度:  80 % - 矩阵分解
Memory: 2466/2679 2930/2968
---------  当前进度:  90 % - 矩阵分解
Memory: 2662/2679 2930/2968
Iter      SolEst     Damping    Stepsize #Res #Jac #Sol   LinErr   LinRes
---------- 当前进度: 100 % - 求解线性方程组
Memory: 2621/2679 2934/2968
   1        0.55   1.0000000        0.55    1    1    1  0.00012    3e-13
求解时间：9 s。
物理内存: 2.66 GB
虚拟内存: 2.96 GB
结束时间：2026年9月26日 上午11:00:47。
----- 200 kHz: naturally distributed strand currents/解 1 (sol1) 中的“稳态求解器 1” --->
           当前进度:   0 % - 圆
Memory: 1223/2679 1297/2968
           当前进度:   0 % - 参数化曲线 1
           当前进度:   0 % - 转换为实体 1
Memory: 1222/2679 1296/2968
           当前进度:   0 % - 参数化曲线 2
           当前进度:   0 % - 转换为实体 2
           当前进度:   1 % - 参数化曲线 3
           当前进度:   1 % - 转换为实体 3
           当前进度:   1 % - 参数化曲线 4
           当前进度:   1 % - 转换为实体 4
           当前进度:   1 % - 参数化曲线 5
           当前进度:   1 % - 转换为实体 5
           当前进度:   2 % - 参数化曲线 6
           当前进度:   2 % - 转换为实体 6
           当前进度:   2 % - 参数化曲线 7
           当前进度:   2 % - 转换为实体 7
           当前进度:   2 % - 参数化曲线 8
           当前进度:   2 % - 转换为实体 8
           当前进度:   2 % - 参数化曲线 9
           当前进度:   2 % - 转换为实体 9
           当前进度:   3 % - 参数化曲线 10
           当前进度:   3 % - 转换为实体 10
           当前进度:   3 % - 参数化曲线 11
           当前进度:   3 % - 转换为实体 11
           当前进度:   3 % - 参数化曲线 12
Memory: 1223/2679 1296/2968
           当前进度:   3 % - 转换为实体 12
           当前进度:   4 % - 参数化曲线 13
           当前进度:   4 % - 转换为实体 13
           当前进度:   4 % - 参数化曲线 14
           当前进度:   4 % - 转换为实体 14
           当前进度:   4 % - 参数化曲线 15
           当前进度:   4 % - 转换为实体 15
           当前进度:   5 % - 参数化曲线 16
           当前进度:   5 % - 转换为实体 16
           当前进度:   5 % - 参数化曲线 17
           当前进度:   5 % - 转换为实体 17
           当前进度:   5 % - 参数化曲线 18
           当前进度:   5 % - 转换为实体 18
           当前进度:   5 % - 参数化曲线 19
           当前进度:   5 % - 转换为实体 19
           当前进度:   6 % - 参数化曲线 20
           当前进度:   6 % - 转换为实体 20
           当前进度:   6 % - 参数化曲线 21
           当前进度:   6 % - 转换为实体 21
           当前进度:   6 % - 参数化曲线 22
           当前进度:   6 % - 转换为实体 22
           当前进度:   7 % - 参数化曲线 23
           当前进度:   7 % - 转换为实体 23
           当前进度:   7 % - 参数化曲线 24
           当前进度:   7 % - 转换为实体 24
           当前进度:   7 % - 参数化曲线 25
           当前进度:   7 % - 转换为实体 25
           当前进度:   8 % - 参数化曲线 26
           当前进度:   8 % - 转换为实体 26
           当前进度:   8 % - 参数化曲线 27
           当前进度:   8 % - 转换为实体 27
           当前进度:   8 % - 参数化曲线 28
           当前进度:   8 % - 转换为实体 28
           当前进度:   8 % - 参数化曲线 29
           当前进度:   8 % - 转换为实体 29
           当前进度:   9 % - 参数化曲线 30
           当前进度:   9 % - 转换为实体 30
           当前进度:   9 % - 参数化曲线 31
           当前进度:   9 % - 转换为实体 31
           当前进度:   9 % - 参数化曲线 32
           当前进度:   9 % - 转换为实体 32
-          当前进度:  10 % - 参数化曲线 33
-          当前进度:  10 % - 转换为实体 33
Memory: 1224/2679 1296/2968
-          当前进度:  10 % - 参数化曲线 34
-          当前进度:  10 % - 转换为实体 34
Memory: 1224/2679 1297/2968
-          当前进度:  10 % - 参数化曲线 35
-          当前进度:  10 % - 转换为实体 35
-          当前进度:  11 % - 参数化曲线 36
-          当前进度:  11 % - 转换为实体 36
-          当前进度:  11 % - 参数化曲线 37
-          当前进度:  11 % - 转换为实体 37
-          当前进度:  11 % - 参数化曲线 38
Memory: 1225/2679 1297/2968
-          当前进度:  11 % - 转换为实体 38
-          当前进度:  11 % - 参数化曲线 39
-          当前进度:  12 % - 转换为实体 39
-          当前进度:  12 % - 参数化曲线 40
-          当前进度:  12 % - 转换为实体 40
-          当前进度:  12 % - 参数化曲线 41
-          当前进度:  12 % - 转换为实体 41
-          当前进度:  12 % - 参数化曲线 42
-          当前进度:  12 % - 转换为实体 42
-          当前进度:  13 % - 参数化曲线 43
-          当前进度:  13 % - 转换为实体 43
-          当前进度:  13 % - 参数化曲线 44
-          当前进度:  13 % - 转换为实体 44
-          当前进度:  13 % - 参数化曲线 45
-          当前进度:  13 % - 转换为实体 45
-          当前进度:  14 % - 参数化曲线 46
Memory: 1225/2679 1298/2968
-          当前进度:  14 % - 转换为实体 46
-          当前进度:  14 % - 参数化曲线 47
-          当前进度:  14 % - 转换为实体 47
-          当前进度:  14 % - 参数化曲线 48
-          当前进度:  14 % - 转换为实体 48
-          当前进度:  14 % - 参数化曲线 49
-          当前进度:  15 % - 转换为实体 49
-          当前进度:  15 % - 参数化曲线 50
-          当前进度:  15 % - 转换为实体 50
-          当前进度:  15 % - 参数化曲线 51
-          当前进度:  15 % - 转换为实体 51
-          当前进度:  15 % - 参数化曲线 52
-          当前进度:  15 % - 转换为实体 52
-          当前进度:  16 % - 参数化曲线 53
-          当前进度:  16 % - 转换为实体 53
-          当前进度:  16 % - 参数化曲线 54
-          当前进度:  16 % - 转换为实体 54
-          当前进度:  16 % - 参数化曲线 55
-          当前进度:  16 % - 转换为实体 55
-          当前进度:  17 % - 参数化曲线 56
-          当前进度:  17 % - 转换为实体 56
-          当前进度:  17 % - 参数化曲线 57
-          当前进度:  17 % - 转换为实体 57
-          当前进度:  17 % - 参数化曲线 58
-          当前进度:  17 % - 转换为实体 58
-          当前进度:  17 % - 参数化曲线 59
-          当前进度:  18 % - 转换为实体 59
-          当前进度:  18 % - 参数化曲线 60
-          当前进度:  18 % - 转换为实体 60
-          当前进度:  18 % - 参数化曲线 61
-          当前进度:  18 % - 转换为实体 61
-          当前进度:  18 % - 参数化曲线 62
-          当前进度:  18 % - 转换为实体 62
-          当前进度:  19 % - 参数化曲线 63
-          当前进度:  19 % - 转换为实体 63
-          当前进度:  19 % - 参数化曲线 64
-          当前进度:  19 % - 转换为实体 64
-          当前进度:  19 % - 参数化曲线 65
-          当前进度:  19 % - 转换为实体 65
--         当前进度:  20 % - 参数化曲线 66
--         当前进度:  20 % - 转换为实体 66
--         当前进度:  20 % - 参数化曲线 67
--         当前进度:  20 % - 转换为实体 67
--         当前进度:  20 % - 参数化曲线 68
--         当前进度:  20 % - 转换为实体 68
--         当前进度:  21 % - 参数化曲线 69
--         当前进度:  21 % - 转换为实体 69
--         当前进度:  21 % - 参数化曲线 70
--         当前进度:  21 % - 转换为实体 70
--         当前进度:  21 % - 参数化曲线 71
--         当前进度:  21 % - 转换为实体 71
--         当前进度:  21 % - 参数化曲线 72
--         当前进度:  21 % - 转换为实体 72
--         当前进度:  22 % - 参数化曲线 73
--         当前进度:  22 % - 转换为实体 73
--         当前进度:  22 % - 参数化曲线 74
--         当前进度:  22 % - 转换为实体 74
--         当前进度:  22 % - 参数化曲线 75
--         当前进度:  22 % - 转换为实体 75
Memory: 1227/2679 1299/2968
--         当前进度:  23 % - 参数化曲线 76
Memory: 1225/2679 1298/2968
--         当前进度:  23 % - 转换为实体 76
--         当前进度:  23 % - 参数化曲线 77
--         当前进度:  23 % - 转换为实体 77
--         当前进度:  23 % - 参数化曲线 78
--         当前进度:  23 % - 转换为实体 78
--         当前进度:  24 % - 参数化曲线 79
--         当前进度:  24 % - 转换为实体 79
--         当前进度:  24 % - 参数化曲线 80
--         当前进度:  24 % - 转换为实体 80
--         当前进度:  24 % - 参数化曲线 81
--         当前进度:  24 % - 转换为实体 81
--         当前进度:  24 % - 参数化曲线 82
--         当前进度:  24 % - 转换为实体 82
--         当前进度:  25 % - 参数化曲线 83
--         当前进度:  25 % - 转换为实体 83
--         当前进度:  25 % - 参数化曲线 84
--         当前进度:  25 % - 转换为实体 84
--         当前进度:  25 % - 参数化曲线 85
--         当前进度:  25 % - 转换为实体 85
--         当前进度:  26 % - 参数化曲线 86
--         当前进度:  26 % - 转换为实体 86
--         当前进度:  26 % - 参数化曲线 87
--         当前进度:  26 % - 转换为实体 87
--         当前进度:  26 % - 参数化曲线 88
--         当前进度:  26 % - 转换为实体 88
--         当前进度:  27 % - 参数化曲线 89
--         当前进度:  27 % - 转换为实体 89
--         当前进度:  27 % - 参数化曲线 90
--         当前进度:  27 % - 转换为实体 90
--         当前进度:  27 % - 参数化曲线 91
--         当前进度:  27 % - 转换为实体 91
--         当前进度:  27 % - 参数化曲线 92
--         当前进度:  27 % - 转换为实体 92
--         当前进度:  28 % - 参数化曲线 93
--         当前进度:  28 % - 转换为实体 93
Memory: 1226/2679 1298/2968
--         当前进度:  28 % - 参数化曲线 94
--         当前进度:  28 % - 转换为实体 94
--         当前进度:  28 % - 参数化曲线 95
--         当前进度:  28 % - 转换为实体 95
--         当前进度:  29 % - 参数化曲线 96
--         当前进度:  29 % - 转换为实体 96
--         当前进度:  29 % - 参数化曲线 97
--         当前进度:  29 % - 转换为实体 97
--         当前进度:  29 % - 参数化曲线 98
--         当前进度:  29 % - 转换为实体 98
---        当前进度:  30 % - 参数化曲线 99
---        当前进度:  30 % - 转换为实体 99
---        当前进度:  30 % - 参数化曲线 100
---        当前进度:  30 % - 转换为实体 100
---        当前进度:  30 % - 参数化曲线 101
---        当前进度:  30 % - 转换为实体 101
---        当前进度:  30 % - 参数化曲线 102
---        当前进度:  30 % - 转换为实体 102
---        当前进度:  31 % - 参数化曲线 103
---        当前进度:  31 % - 转换为实体 103
---        当前进度:  31 % - 参数化曲线 104
---        当前进度:  31 % - 转换为实体 104
---        当前进度:  31 % - 参数化曲线 105
---        当前进度:  31 % - 转换为实体 105
---        当前进度:  32 % - 参数化曲线 106
---        当前进度:  32 % - 转换为实体 106
---        当前进度:  32 % - 参数化曲线 107
---        当前进度:  32 % - 转换为实体 107
---        当前进度:  32 % - 参数化曲线 108
---        当前进度:  32 % - 转换为实体 108
---        当前进度:  33 % - 参数化曲线 109
---        当前进度:  33 % - 转换为实体 109
---        当前进度:  33 % - 参数化曲线 110
---        当前进度:  33 % - 转换为实体 110
---        当前进度:  33 % - 参数化曲线 111
---        当前进度:  33 % - 转换为实体 111
---        当前进度:  33 % - 参数化曲线 112
---        当前进度:  33 % - 转换为实体 112
---        当前进度:  34 % - 参数化曲线 113
---        当前进度:  34 % - 转换为实体 113
---        当前进度:  34 % - 参数化曲线 114
---        当前进度:  34 % - 转换为实体 114
---        当前进度:  34 % - 参数化曲线 115
---        当前进度:  34 % - 转换为实体 115
---        当前进度:  35 % - 参数化曲线 116
---        当前进度:  35 % - 转换为实体 116
---        当前进度:  35 % - 参数化曲线 117
---        当前进度:  35 % - 转换为实体 117
---        当前进度:  35 % - 参数化曲线 118
---        当前进度:  35 % - 转换为实体 118
---        当前进度:  36 % - 参数化曲线 119
---        当前进度:  36 % - 转换为实体 119
---        当前进度:  36 % - 参数化曲线 120
---        当前进度:  36 % - 转换为实体 120
---        当前进度:  36 % - 参数化曲线 121
---        当前进度:  36 % - 转换为实体 121
---        当前进度:  36 % - 参数化曲线 122
---        当前进度:  37 % - 转换为实体 122
---        当前进度:  37 % - 参数化曲线 123
---        当前进度:  37 % - 转换为实体 123
---        当前进度:  37 % - 参数化曲线 124
---        当前进度:  37 % - 转换为实体 124
---        当前进度:  37 % - 参数化曲线 125
---        当前进度:  37 % - 转换为实体 125
---        当前进度:  38 % - 参数化曲线 126
---        当前进度:  38 % - 转换为实体 126
---        当前进度:  38 % - 参数化曲线 127
---        当前进度:  38 % - 转换为实体 127
---        当前进度:  38 % - 参数化曲线 128
---        当前进度:  38 % - 转换为实体 128
---        当前进度:  39 % - 参数化曲线 129
---        当前进度:  39 % - 转换为实体 129
---        当前进度:  39 % - 参数化曲线 130
---        当前进度:  39 % - 转换为实体 130
---        当前进度:  39 % - 参数化曲线 131
---        当前进度:  39 % - 转换为实体 131
---        当前进度:  39 % - 参数化曲线 132
----       当前进度:  40 % - 转换为实体 132
----       当前进度:  40 % - 参数化曲线 133
----       当前进度:  40 % - 转换为实体 133
----       当前进度:  40 % - 参数化曲线 134
Memory: 1226/2679 1299/2968
----       当前进度:  40 % - 转换为实体 134
Memory: 1226/2679 1298/2968
----       当前进度:  40 % - 参数化曲线 135
----       当前进度:  40 % - 转换为实体 135
----       当前进度:  41 % - 参数化曲线 136
----       当前进度:  41 % - 转换为实体 136
----       当前进度:  41 % - 参数化曲线 137
----       当前进度:  41 % - 转换为实体 137
----       当前进度:  41 % - 参数化曲线 138
----       当前进度:  41 % - 转换为实体 138
----       当前进度:  42 % - 参数化曲线 139
----       当前进度:  42 % - 转换为实体 139
----       当前进度:  42 % - 参数化曲线 140
----       当前进度:  42 % - 转换为实体 140
----       当前进度:  42 % - 参数化曲线 141
----       当前进度:  42 % - 转换为实体 141
----       当前进度:  42 % - 参数化曲线 142
----       当前进度:  43 % - 转换为实体 142
----       当前进度:  43 % - 参数化曲线 143
----       当前进度:  43 % - 转换为实体 143
----       当前进度:  43 % - 参数化曲线 144
----       当前进度:  43 % - 转换为实体 144
----       当前进度:  43 % - 参数化曲线 145
----       当前进度:  43 % - 转换为实体 145
----       当前进度:  44 % - 参数化曲线 146
----       当前进度:  44 % - 转换为实体 146
----       当前进度:  44 % - 参数化曲线 147
----       当前进度:  44 % - 转换为实体 147
----       当前进度:  44 % - 参数化曲线 148
----       当前进度:  44 % - 转换为实体 148
----       当前进度:  45 % - 参数化曲线 149
----       当前进度:  45 % - 转换为实体 149
----       当前进度:  45 % - 参数化曲线 150
----       当前进度:  45 % - 转换为实体 150
----       当前进度:  45 % - 参数化曲线 151
----       当前进度:  45 % - 转换为实体 151
----       当前进度:  46 % - 参数化曲线 152
----       当前进度:  46 % - 转换为实体 152
----       当前进度:  46 % - 参数化曲线 153
----       当前进度:  46 % - 转换为实体 153
----       当前进度:  46 % - 参数化曲线 154
----       当前进度:  46 % - 转换为实体 154
----       当前进度:  46 % - 参数化曲线 155
Memory: 1227/2679 1300/2968
----       当前进度:  46 % - 转换为实体 155
Memory: 1226/2679 1298/2968
----       当前进度:  47 % - 参数化曲线 156
----       当前进度:  47 % - 转换为实体 156
----       当前进度:  47 % - 参数化曲线 157
----       当前进度:  47 % - 转换为实体 157
----       当前进度:  47 % - 参数化曲线 158
----       当前进度:  47 % - 转换为实体 158
----       当前进度:  48 % - 参数化曲线 159
----       当前进度:  48 % - 转换为实体 159
----       当前进度:  48 % - 参数化曲线 160
----       当前进度:  48 % - 转换为实体 160
----       当前进度:  48 % - 参数化曲线 161
----       当前进度:  48 % - 转换为实体 161
----       当前进度:  49 % - 参数化曲线 162
----       当前进度:  49 % - 转换为实体 162
----       当前进度:  49 % - 参数化曲线 163
----       当前进度:  49 % - 转换为实体 163
----       当前进度:  49 % - 参数化曲线 164
----       当前进度:  49 % - 转换为实体 164
----       当前进度:  49 % - 参数化曲线 165
----       当前进度:  49 % - 转换为实体 165
-----      当前进度:  50 % - 参数化曲线 166
-----      当前进度:  50 % - 转换为实体 166
-----      当前进度:  50 % - 参数化曲线 167
-----      当前进度:  50 % - 转换为实体 167
-----      当前进度:  50 % - 参数化曲线 168
-----      当前进度:  50 % - 转换为实体 168
-----      当前进度:  51 % - 参数化曲线 169
-----      当前进度:  51 % - 转换为实体 169
-----      当前进度:  51 % - 参数化曲线 170
-----      当前进度:  51 % - 转换为实体 170
-----      当前进度:  51 % - 参数化曲线 171
-----      当前进度:  51 % - 转换为实体 171
-----      当前进度:  52 % - 参数化曲线 172
-----      当前进度:  52 % - 转换为实体 172
-----      当前进度:  52 % - 参数化曲线 173
-----      当前进度:  52 % - 转换为实体 173
-----      当前进度:  52 % - 参数化曲线 174
-----      当前进度:  52 % - 转换为实体 174
-----      当前进度:  52 % - 参数化曲线 175
-----      当前进度:  52 % - 转换为实体 175
-----      当前进度:  53 % - 参数化曲线 176
-----      当前进度:  53 % - 转换为实体 176
-----      当前进度:  53 % - 参数化曲线 177
-----      当前进度:  53 % - 转换为实体 177
-----      当前进度:  53 % - 参数化曲线 178
-----      当前进度:  53 % - 转换为实体 178
-----      当前进度:  54 % - 参数化曲线 179
-----      当前进度:  54 % - 转换为实体 179
-----      当前进度:  54 % - 参数化曲线 180
-----      当前进度:  54 % - 转换为实体 180
-----      当前进度:  54 % - 参数化曲线 181
-----      当前进度:  54 % - 转换为实体 181
-----      当前进度:  55 % - 参数化曲线 182
-----      当前进度:  55 % - 转换为实体 182
-----      当前进度:  55 % - 参数化曲线 183
-----      当前进度:  55 % - 转换为实体 183
-----      当前进度:  55 % - 参数化曲线 184
-----      当前进度:  55 % - 转换为实体 184
-----      当前进度:  55 % - 参数化曲线 185
Memory: 1227/2679 1300/2968
-----      当前进度:  55 % - 转换为实体 185
Memory: 1226/2679 1298/2968
-----      当前进度:  56 % - 参数化曲线 186
-----      当前进度:  56 % - 转换为实体 186
-----      当前进度:  56 % - 参数化曲线 187
-----      当前进度:  56 % - 转换为实体 187
-----      当前进度:  56 % - 参数化曲线 188
-----      当前进度:  56 % - 转换为实体 188
-----      当前进度:  57 % - 参数化曲线 189
-----      当前进度:  57 % - 转换为实体 189
-----      当前进度:  57 % - 参数化曲线 190
-----      当前进度:  57 % - 转换为实体 190
-----      当前进度:  57 % - 参数化曲线 191
Memory: 1229/2679 1301/2968
-----      当前进度:  57 % - 转换为实体 191
-----      当前进度:  58 % - 参数化曲线 192
Memory: 1226/2679 1298/2968
-----      当前进度:  58 % - 转换为实体 192
-----      当前进度:  58 % - 参数化曲线 193
-----      当前进度:  58 % - 转换为实体 193
Memory: 1227/2679 1300/2968
-----      当前进度:  58 % - 参数化曲线 194
Memory: 1226/2679 1299/2968
-----      当前进度:  58 % - 转换为实体 194
-----      当前进度:  58 % - 参数化曲线 195
-----      当前进度:  58 % - 转换为实体 195
-----      当前进度:  59 % - 参数化曲线 196
-----      当前进度:  59 % - 转换为实体 196
-----      当前进度:  59 % - 参数化曲线 197
-----      当前进度:  59 % - 转换为实体 197
-----      当前进度:  59 % - 参数化曲线 198
-----      当前进度:  59 % - 转换为实体 198
------     当前进度:  60 % - 参数化曲线 199
------     当前进度:  60 % - 转换为实体 199
------     当前进度:  60 % - 参数化曲线 200
------     当前进度:  60 % - 转换为实体 200
------     当前进度:  60 % - 参数化曲线 201
------     当前进度:  60 % - 转换为实体 201
------     当前进度:  61 % - 参数化曲线 202
Memory: 1227/2679 1299/2968
------     当前进度:  61 % - 转换为实体 202
Memory: 1227/2679 1300/2968
------     当前进度:  61 % - 参数化曲线 203
------     当前进度:  61 % - 转换为实体 203
------     当前进度:  61 % - 参数化曲线 204
------     当前进度:  61 % - 转换为实体 204
------     当前进度:  61 % - 参数化曲线 205
------     当前进度:  62 % - 转换为实体 205
------     当前进度:  62 % - 参数化曲线 206
------     当前进度:  62 % - 转换为实体 206
------     当前进度:  62 % - 参数化曲线 207
Memory: 1226/2679 1299/2968
------     当前进度:  62 % - 转换为实体 207
Memory: 1227/2679 1299/2968
------     当前进度:  62 % - 参数化曲线 208
------     当前进度:  62 % - 转换为实体 208
------     当前进度:  63 % - 参数化曲线 209
------     当前进度:  63 % - 转换为实体 209
------     当前进度:  63 % - 参数化曲线 210
------     当前进度:  63 % - 转换为实体 210
Memory: 1228/2679 1301/2968
------     当前进度:  63 % - 参数化曲线 211
Memory: 1227/2679 1299/2968
------     当前进度:  63 % - 转换为实体 211
------     当前进度:  64 % - 参数化曲线 212
------     当前进度:  64 % - 转换为实体 212
------     当前进度:  64 % - 参数化曲线 213
------     当前进度:  64 % - 转换为实体 213
------     当前进度:  64 % - 参数化曲线 214
------     当前进度:  64 % - 转换为实体 214
------     当前进度:  64 % - 参数化曲线 215
------     当前进度:  65 % - 转换为实体 215
------     当前进度:  65 % - 参数化曲线 216
------     当前进度:  65 % - 转换为实体 216
------     当前进度:  65 % - 参数化曲线 217
------     当前进度:  65 % - 转换为实体 217
------     当前进度:  65 % - 参数化曲线 218
------     当前进度:  65 % - 转换为实体 218
------     当前进度:  66 % - 参数化曲线 219
------     当前进度:  66 % - 转换为实体 219
------     当前进度:  66 % - 参数化曲线 220
------     当前进度:  66 % - 转换为实体 220
------     当前进度:  66 % - 参数化曲线 221
------     当前进度:  66 % - 转换为实体 221
------     当前进度:  67 % - 参数化曲线 222
------     当前进度:  67 % - 转换为实体 222
------     当前进度:  67 % - 参数化曲线 223
------     当前进度:  67 % - 转换为实体 223
------     当前进度:  67 % - 参数化曲线 224
------     当前进度:  67 % - 转换为实体 224
------     当前进度:  67 % - 参数化曲线 225
------     当前进度:  68 % - 转换为实体 225
------     当前进度:  68 % - 参数化曲线 226
------     当前进度:  68 % - 转换为实体 226
------     当前进度:  68 % - 参数化曲线 227
------     当前进度:  68 % - 转换为实体 227
------     当前进度:  68 % - 参数化曲线 228
------     当前进度:  68 % - 转换为实体 228
------     当前进度:  69 % - 参数化曲线 229
------     当前进度:  69 % - 转换为实体 229
------     当前进度:  69 % - 参数化曲线 230
------     当前进度:  69 % - 转换为实体 230
------     当前进度:  69 % - 参数化曲线 231
------     当前进度:  69 % - 转换为实体 231
-------    当前进度:  70 % - 参数化曲线 232
-------    当前进度:  70 % - 转换为实体 232
-------    当前进度:  70 % - 参数化曲线 233
Memory: 1228/2679 1299/2968
-------    当前进度:  70 % - 转换为实体 233
-------    当前进度:  70 % - 参数化曲线 234
-------    当前进度:  70 % - 转换为实体 234
-------    当前进度:  71 % - 参数化曲线 235
-------    当前进度:  71 % - 转换为实体 235
-------    当前进度:  71 % - 参数化曲线 236
-------    当前进度:  71 % - 转换为实体 236
-------    当前进度:  71 % - 参数化曲线 237
-------    当前进度:  71 % - 转换为实体 237
-------    当前进度:  71 % - 参数化曲线 238
-------    当前进度:  71 % - 转换为实体 238
-------    当前进度:  72 % - 参数化曲线 239
-------    当前进度:  72 % - 转换为实体 239
-------    当前进度:  72 % - 参数化曲线 240
-------    当前进度:  72 % - 转换为实体 240
-------    当前进度:  72 % - 参数化曲线 241
-------    当前进度:  72 % - 转换为实体 241
-------    当前进度:  73 % - 参数化曲线 242
-------    当前进度:  73 % - 转换为实体 242
-------    当前进度:  73 % - 参数化曲线 243
-------    当前进度:  73 % - 转换为实体 243
-------    当前进度:  73 % - 参数化曲线 244
-------    当前进度:  73 % - 转换为实体 244
-------    当前进度:  74 % - 参数化曲线 245
-------    当前进度:  74 % - 转换为实体 245
-------    当前进度:  74 % - 参数化曲线 246
-------    当前进度:  74 % - 转换为实体 246
-------    当前进度:  74 % - 参数化曲线 247
-------    当前进度:  74 % - 转换为实体 247
-------    当前进度:  74 % - 参数化曲线 248
-------    当前进度:  74 % - 转换为实体 248
-------    当前进度:  75 % - 参数化曲线 249
-------    当前进度:  75 % - 转换为实体 249
Memory: 1231/2679 1304/2968
-------    当前进度:  75 % - 参数化曲线 250
Memory: 1232/2679 1304/2968
-------    当前进度:  75 % - 转换为实体 250
-------    当前进度:  75 % - 参数化曲线 251
-------    当前进度:  75 % - 转换为实体 251
-------    当前进度:  76 % - 参数化曲线 252
Memory: 1217/2679 1289/2968
-------    当前进度:  76 % - 转换为实体 252
Memory: 1215/2679 1287/2968
-------    当前进度:  76 % - 参数化曲线 253
-------    当前进度:  76 % - 转换为实体 253
Memory: 1216/2679 1288/2968
-------    当前进度:  76 % - 参数化曲线 254
Memory: 1215/2679 1287/2968
-------    当前进度:  76 % - 转换为实体 254
-------    当前进度:  77 % - 参数化曲线 255
-------    当前进度:  77 % - 转换为实体 255
-------    当前进度:  77 % - 参数化曲线 256
-------    当前进度:  77 % - 转换为实体 256
Memory: 1217/2679 1289/2968
-------    当前进度:  77 % - 参数化曲线 257
-------    当前进度:  77 % - 转换为实体 257
-------    当前进度:  77 % - 参数化曲线 258
-------    当前进度:  77 % - 转换为实体 258
-------    当前进度:  78 % - 参数化曲线 259
Memory: 1218/2679 1291/2968
-------    当前进度:  78 % - 转换为实体 259
Memory: 1217/2679 1289/2968
-------    当前进度:  78 % - 参数化曲线 260
-------    当前进度:  78 % - 转换为实体 260
-------    当前进度:  78 % - 参数化曲线 261
-------    当前进度:  78 % - 转换为实体 261
-------    当前进度:  79 % - 参数化曲线 262
Memory: 1218/2679 1291/2968
-------    当前进度:  79 % - 转换为实体 262
Memory: 1217/2679 1289/2968
-------    当前进度:  79 % - 参数化曲线 263
-------    当前进度:  79 % - 转换为实体 263
-------    当前进度:  79 % - 参数化曲线 264
-------    当前进度:  79 % - 转换为实体 264
Memory: 1215/2679 1287/2968
--------   当前进度:  80 % - 参数化曲线 265
Memory: 1219/2679 1291/2968
--------   当前进度:  80 % - 转换为实体 265
--------   当前进度:  80 % - 参数化曲线 266
--------   当前进度:  80 % - 转换为实体 266
--------   当前进度:  80 % - 参数化曲线 267
--------   当前进度:  80 % - 转换为实体 267
Memory: 1219/2679 1292/2968
--------   当前进度:  80 % - 参数化曲线 268
Memory: 1220/2679 1292/2968
--------   当前进度:  80 % - 转换为实体 268
--------   当前进度:  81 % - 参数化曲线 269
--------   当前进度:  81 % - 转换为实体 269
--------   当前进度:  81 % - 参数化曲线 270
--------   当前进度:  81 % - 转换为实体 270
--------   当前进度:  81 % - 参数化曲线 271
--------   当前进度:  81 % - 转换为实体 271
--------   当前进度:  82 % - 参数化曲线 272
Memory: 1220/2679 1293/2968
--------   当前进度:  82 % - 转换为实体 272
--------   当前进度:  82 % - 参数化曲线 273
--------   当前进度:  82 % - 转换为实体 273
--------   当前进度:  82 % - 参数化曲线 274
--------   当前进度:  82 % - 转换为实体 274
--------   当前进度:  83 % - 参数化曲线 275
--------   当前进度:  83 % - 转换为实体 275
--------   当前进度:  83 % - 参数化曲线 276
--------   当前进度:  83 % - 转换为实体 276
--------   当前进度:  83 % - 参数化曲线 277
--------   当前进度:  83 % - 转换为实体 277
--------   当前进度:  83 % - 参数化曲线 278
--------   当前进度:  83 % - 转换为实体 278
--------   当前进度:  84 % - 参数化曲线 279
--------   当前进度:  84 % - 转换为实体 279
--------   当前进度:  84 % - 参数化曲线 280
Memory: 1216/2679 1296/2968
--------   当前进度:  84 % - 转换为实体 280
Memory: 1225/2679 1302/2968
--------   当前进度:  84 % - 参数化曲线 281
Memory: 1228/2679 1302/2968
--------   当前进度:  84 % - 转换为实体 281
Memory: 1229/2679 1302/2968
--------   当前进度:  85 % - 参数化曲线 282
Memory: 1231/2679 1304/2968
--------   当前进度:  85 % - 转换为实体 282
--------   当前进度:  85 % - 参数化曲线 283
Memory: 1231/2679 1305/2968
--------   当前进度:  85 % - 转换为实体 283
Memory: 1232/2679 1306/2968
--------   当前进度:  85 % - 参数化曲线 284
Memory: 1235/2679 1308/2968
--------   当前进度:  85 % - 转换为实体 284
Memory: 1237/2679 1310/2968
--------   当前进度:  86 % - 参数化曲线 285
Memory: 1239/2679 1312/2968
--------   当前进度:  86 % - 转换为实体 285
Memory: 1240/2679 1313/2968
--------   当前进度:  86 % - 参数化曲线 286
Memory: 1242/2679 1316/2968
--------   当前进度:  86 % - 转换为实体 286
Memory: 1244/2679 1318/2968
--------   当前进度:  86 % - 参数化曲线 287
Memory: 1247/2679 1321/2968
--------   当前进度:  86 % - 转换为实体 287
Memory: 1248/2679 1322/2968
--------   当前进度:  86 % - 参数化曲线 288
--------   当前进度:  87 % - 转换为实体 288
Memory: 1241/2679 1314/2968
--------   当前进度:  87 % - 参数化曲线 289
Memory: 1242/2679 1317/2968
--------   当前进度:  87 % - 转换为实体 289
Memory: 1243/2679 1317/2968
--------   当前进度:  87 % - 参数化曲线 290
--------   当前进度:  87 % - 转换为实体 290
--------   当前进度:  87 % - 参数化曲线 291
--------   当前进度:  87 % - 转换为实体 291
--------   当前进度:  88 % - 参数化曲线 292
Memory: 1238/2679 1317/2968
--------   当前进度:  88 % - 转换为实体 292
Memory: 1242/2679 1317/2968
--------   当前进度:  88 % - 参数化曲线 293
Memory: 1243/2679 1317/2968
--------   当前进度:  88 % - 转换为实体 293
--------   当前进度:  88 % - 参数化曲线 294
--------   当前进度:  88 % - 转换为实体 294
--------   当前进度:  89 % - 参数化曲线 295
--------   当前进度:  89 % - 转换为实体 295
--------   当前进度:  89 % - 参数化曲线 296
--------   当前进度:  89 % - 转换为实体 296
--------   当前进度:  89 % - 参数化曲线 297
--------   当前进度:  89 % - 转换为实体 297
--------   当前进度:  89 % - 参数化曲线 298
---------  当前进度:  90 % - 转换为实体 298
---------  当前进度:  90 % - 参数化曲线 299
---------  当前进度:  90 % - 转换为实体 299
---------  当前进度:  90 % - 参数化曲线 300
Memory: 1242/2679 1317/2968
---------  当前进度:  90 % - 转换为实体 300
Memory: 1244/2679 1317/2968
---------  当前进度:  90 % - 参数化曲线 301
---------  当前进度:  90 % - 转换为实体 301
---------  当前进度:  91 % - 参数化曲线 302
---------  当前进度:  91 % - 转换为实体 302
---------  当前进度:  91 % - 参数化曲线 303
---------  当前进度:  91 % - 转换为实体 303
---------  当前进度:  91 % - 参数化曲线 304
---------  当前进度:  91 % - 转换为实体 304
---------  当前进度:  92 % - 参数化曲线 305
---------  当前进度:  92 % - 转换为实体 305
---------  当前进度:  92 % - 参数化曲线 306
---------  当前进度:  92 % - 转换为实体 306
---------  当前进度:  92 % - 参数化曲线 307
---------  当前进度:  92 % - 转换为实体 307
---------  当前进度:  92 % - 参数化曲线 308
---------  当前进度:  93 % - 转换为实体 308
Memory: 1242/2679 1315/2968
---------  当前进度:  93 % - 参数化曲线 309
Memory: 1239/2679 1313/2968
---------  当前进度:  93 % - 转换为实体 309
---------  当前进度:  93 % - 参数化曲线 310
---------  当前进度:  93 % - 转换为实体 310
---------  当前进度:  93 % - 参数化曲线 311
---------  当前进度:  93 % - 转换为实体 311
---------  当前进度:  94 % - 参数化曲线 312
---------  当前进度:  94 % - 转换为实体 312
Memory: 1239/2679 1315/2968
---------  当前进度:  94 % - 参数化曲线 313
Memory: 1242/2679 1315/2968
---------  当前进度:  94 % - 转换为实体 313
---------  当前进度:  94 % - 参数化曲线 314
---------  当前进度:  94 % - 转换为实体 314
---------  当前进度:  95 % - 参数化曲线 315
---------  当前进度:  95 % - 转换为实体 315
---------  当前进度:  95 % - 参数化曲线 316
---------  当前进度:  95 % - 转换为实体 316
---------  当前进度:  95 % - 参数化曲线 317
---------  当前进度:  95 % - 转换为实体 317
---------  当前进度:  96 % - 参数化曲线 318
---------  当前进度:  96 % - 转换为实体 318
---------  当前进度:  96 % - 参数化曲线 319
---------  当前进度:  96 % - 转换为实体 319
---------  当前进度:  96 % - 参数化曲线 320
---------  当前进度:  96 % - 转换为实体 320
---------  当前进度:  96 % - 参数化曲线 321
---------  当前进度:  96 % - 转换为实体 321
---------  当前进度:  97 % - 参数化曲线 322
Memory: 1243/2679 1316/2968
---------  当前进度:  97 % - 转换为实体 322
---------  当前进度:  97 % - 参数化曲线 323
---------  当前进度:  97 % - 转换为实体 323
---------  当前进度:  97 % - 参数化曲线 324
---------  当前进度:  97 % - 转换为实体 324
---------  当前进度:  98 % - 参数化曲线 325
Memory: 1238/2679 1311/2968
---------  当前进度:  98 % - 转换为实体 325
Memory: 1242/2679 1317/2968
---------  当前进度:  98 % - 参数化曲线 326
Memory: 1244/2679 1317/2968
---------  当前进度:  98 % - 转换为实体 326
---------  当前进度:  98 % - 参数化曲线 327
---------  当前进度:  98 % - 转换为实体 327
---------  当前进度:  99 % - 参数化曲线 328
---------  当前进度:  99 % - 转换为实体 328
---------  当前进度:  99 % - 参数化曲线 329
---------  当前进度:  99 % - 转换为实体 329
---------  当前进度:  99 % - 参数化曲线 330
---------  当前进度:  99 % - 转换为实体 330
---------  当前进度:  99 % - 参数化曲线 331
---------  当前进度:  99 % - 转换为实体 331
---------- 当前进度: 100 % - 形成联合体
---------- 当前进度: 100 % - 处理边相交
Memory: 1243/2679 1315/2968
---------- 当前进度: 100 % - 解析域和空区域
Memory: 1252/2679 1322/2968
---------- 当前进度: 100 % - 正在更新选择
顶点单元数：666
边界单元数：8658
---------  当前进度:  91 % - 提高单元质量
Memory: 1251/2679 1322/2968
---------  当前进度:  95 % - 提高单元质量
单元数：94642
---------  当前进度:  99 % - 正在定型网格
Memory: 1119/2679 1190/2968
最小单元质量：0.4581
---------- 当前进度: 100 % - 正在定型网格
Memory: 1123/2679 1198/2968
<---- 200 kHz: naturally distributed strand currents/解 1 (sol1) 中的“编译方程: 频域” ---
开始于 2026年9月26日 上午11:00:58。
几何形函数: 二次拉格朗日单元
在 Intel64 Family 6 Model 183 Stepping 1, GenuineIntel 上运行。
在以下位置使用 1 个插槽： MIST 上（共 4 个内核）。
可用内存：16.11 GB。
           当前进度:   1 % - 编译方程: 频域
Memory: 1224/2679 1297/2968
时间：1。
物理内存: 1.22 GB
虚拟内存: 1.3 GB
结束时间：2026年9月26日 上午11:00:59。
----- 200 kHz: naturally distributed strand currents/解 1 (sol1) 中的“编译方程: 频域” -->
<---- 200 kHz: naturally distributed strand currents/解 1 (sol1) 中的“因变量 1” ------
开始于 2026年9月26日 上午11:00:59。
           当前进度:   1 % - 因变量 1
Memory: 1244/2679 1315/2968
求解时间：0 s。
物理内存: 1.24 GB
虚拟内存: 1.32 GB
结束时间：2026年9月26日 上午11:00:59。
----- 200 kHz: naturally distributed strand currents/解 1 (sol1) 中的“因变量 1” ----->
<---- 200 kHz: naturally distributed strand currents/解 1 (sol1) 中的“稳态求解器 1” ----
开始于 2026年9月26日 上午11:00:59。
           当前进度:   2 % - 稳态求解器 1
Memory: 1295/2679 1367/2968
线性求解器
求解的自由度数：662575。
-          当前进度:  12 % - 组装矩阵
Memory: 1317/2679 1387/2968
-          当前进度:  16 % - 组装稀疏模式
Memory: 1425/2679 1497/2968
--         当前进度:  21 % - 组装矩阵
Memory: 1663/2679 1734/2968
---        当前进度:  31 % - 组装矩阵
Memory: 1651/2679 1722/2968
---        当前进度:  31 % - 
Memory: 1671/2679 1742/2968
找到对称矩阵。
缩放因变量：
磁矢势 (comp1.A): 0.0001
已使用正交零空间函数。
---        当前进度:  31 % - 约束处理
Memory: 1635/2679 1712/2968
---        当前进度:  31 % - 矩阵分解
Memory: 1535/2679 1605/2968
----       当前进度:  43 % - 矩阵分解
Memory: 2042/2679 3018/3018
-----      当前进度:  55 % - 矩阵分解
Memory: 2221/2679 3018/3018
------     当前进度:  64 % - 矩阵分解
Memory: 2391/2679 3018/3018
-------    当前进度:  77 % - 矩阵分解
Memory: 2566/2679 3018/3018
---------  当前进度:  90 % - 矩阵分解
Memory: 2736/2736 3018/3018
Iter      SolEst     Damping    Stepsize #Res #Jac #Sol   LinErr   LinRes
---------- 当前进度: 100 % - 求解线性方程组
Memory: 2698/2756 3021/3021
   1       0.043   1.0000000       0.043    1    1    1    1e-05  3.2e-13
求解时间：9 s。
物理内存: 2.74 GB
虚拟内存: 3.04 GB
结束时间：2026年9月26日 上午11:01:08。
----- 200 kHz: naturally distributed strand currents/解 1 (sol1) 中的“稳态求解器 1” --->
<---- 200 kHz: naturally distributed strand currents/解 1 (sol1) 中的“编译方程: 频域” ---
开始于 2026年9月26日 上午11:01:09。
几何形函数: 二次拉格朗日单元
在 Intel64 Family 6 Model 183 Stepping 1, GenuineIntel 上运行。
在以下位置使用 1 个插槽： MIST 上（共 4 个内核）。
可用内存：16.11 GB。
           当前进度:   1 % - 编译方程: 频域
Memory: 1267/2756 1336/3042
时间：1。
物理内存: 1.27 GB
虚拟内存: 1.34 GB
结束时间：2026年9月26日 上午11:01:10。
----- 200 kHz: naturally distributed strand currents/解 1 (sol1) 中的“编译方程: 频域” -->
<---- 200 kHz: naturally distributed strand currents/解 1 (sol1) 中的“因变量 1” ------
开始于 2026年9月26日 上午11:01:10。
           当前进度:   1 % - 因变量 1
Memory: 1272/2756 1340/3042
求解时间：0 s。
物理内存: 1.27 GB
虚拟内存: 1.34 GB
结束时间：2026年9月26日 上午11:01:10。
----- 200 kHz: naturally distributed strand currents/解 1 (sol1) 中的“因变量 1” ----->
<---- 200 kHz: naturally distributed strand currents/解 1 (sol1) 中的“稳态求解器 1” ----
开始于 2026年9月26日 上午11:01:10。
           当前进度:   2 % - 稳态求解器 1
Memory: 1322/2756 1390/3042
线性求解器
求解的自由度数：662575。
-          当前进度:  14 % - 组装稀疏模式
Memory: 1447/2756 1515/3042
-          当前进度:  16 % - 组装稀疏模式
Memory: 1515/2756 1583/3042
--         当前进度:  24 % - 组装矩阵
Memory: 1686/2756 1755/3042
---        当前进度:  31 % - 组装矩阵
Memory: 1896/2756 1965/3042
找到对称矩阵。
缩放因变量：
磁矢势 (comp1.A): 0.0001
---        当前进度:  31 % - 
Memory: 1651/2756 1720/3042
已使用正交零空间函数。
---        当前进度:  31 % - 矩阵分解
Memory: 1570/2756 1639/3042
---        当前进度:  33 % - 矩阵分解
Memory: 1882/2756 2992/3042
----       当前进度:  44 % - 矩阵分解
Memory: 2050/2756 2992/3042
-----      当前进度:  54 % - 矩阵分解
Memory: 2167/2756 2992/3042
------     当前进度:  63 % - 矩阵分解
Memory: 2356/2756 2992/3042
-------    当前进度:  73 % - 矩阵分解
Memory: 2447/2756 2992/3042
--------   当前进度:  83 % - 矩阵分解
Memory: 2599/2756 2992/3042
Iter      SolEst     Damping    Stepsize #Res #Jac #Sol   LinErr   LinRes
---------- 当前进度: 100 % - 求解线性方程组
Memory: 2660/2756 2934/3042
   1        0.55   1.0000000        0.55    1    1    1    1e-05    3e-13
求解时间：9 s。
物理内存: 2.68 GB
虚拟内存: 2.99 GB
结束时间：2026年9月26日 上午11:01:19。
----- 200 kHz: naturally distributed strand currents/解 1 (sol1) 中的“稳态求解器 1” --->
           当前进度:   0 % - 圆
Memory: 1264/2756 1336/3042
           当前进度:   0 % - 参数化曲线 1
           当前进度:   0 % - 转换为实体 1
Memory: 1261/2756 1334/3042
           当前进度:   0 % - 参数化曲线 2
           当前进度:   0 % - 转换为实体 2
           当前进度:   1 % - 参数化曲线 3
           当前进度:   1 % - 转换为实体 3
           当前进度:   1 % - 参数化曲线 4
           当前进度:   1 % - 转换为实体 4
           当前进度:   1 % - 参数化曲线 5
           当前进度:   1 % - 转换为实体 5
           当前进度:   2 % - 参数化曲线 6
           当前进度:   2 % - 转换为实体 6
           当前进度:   2 % - 参数化曲线 7
           当前进度:   2 % - 转换为实体 7
           当前进度:   2 % - 参数化曲线 8
           当前进度:   2 % - 转换为实体 8
           当前进度:   2 % - 参数化曲线 9
           当前进度:   2 % - 转换为实体 9
           当前进度:   3 % - 参数化曲线 10
           当前进度:   3 % - 转换为实体 10
           当前进度:   3 % - 参数化曲线 11
           当前进度:   3 % - 转换为实体 11
           当前进度:   3 % - 参数化曲线 12
           当前进度:   3 % - 转换为实体 12
           当前进度:   4 % - 参数化曲线 13
           当前进度:   4 % - 转换为实体 13
           当前进度:   4 % - 参数化曲线 14
           当前进度:   4 % - 转换为实体 14
           当前进度:   4 % - 参数化曲线 15
           当前进度:   4 % - 转换为实体 15
           当前进度:   5 % - 参数化曲线 16
Memory: 1263/2756 1336/3042
           当前进度:   5 % - 转换为实体 16
           当前进度:   5 % - 参数化曲线 17
Memory: 1261/2756 1334/3042
           当前进度:   5 % - 转换为实体 17
           当前进度:   5 % - 参数化曲线 18
           当前进度:   5 % - 转换为实体 18
           当前进度:   5 % - 参数化曲线 19
           当前进度:   5 % - 转换为实体 19
           当前进度:   6 % - 参数化曲线 20
           当前进度:   6 % - 转换为实体 20
           当前进度:   6 % - 参数化曲线 21
           当前进度:   6 % - 转换为实体 21
           当前进度:   6 % - 参数化曲线 22
           当前进度:   6 % - 转换为实体 22
           当前进度:   7 % - 参数化曲线 23
           当前进度:   7 % - 转换为实体 23
           当前进度:   7 % - 参数化曲线 24
           当前进度:   7 % - 转换为实体 24
           当前进度:   7 % - 参数化曲线 25
           当前进度:   7 % - 转换为实体 25
           当前进度:   8 % - 参数化曲线 26
           当前进度:   8 % - 转换为实体 26
           当前进度:   8 % - 参数化曲线 27
           当前进度:   8 % - 转换为实体 27
           当前进度:   8 % - 参数化曲线 28
           当前进度:   8 % - 转换为实体 28
           当前进度:   8 % - 参数化曲线 29
           当前进度:   8 % - 转换为实体 29
           当前进度:   9 % - 参数化曲线 30
           当前进度:   9 % - 转换为实体 30
           当前进度:   9 % - 参数化曲线 31
           当前进度:   9 % - 转换为实体 31
           当前进度:   9 % - 参数化曲线 32
           当前进度:   9 % - 转换为实体 32
-          当前进度:  10 % - 参数化曲线 33
-          当前进度:  10 % - 转换为实体 33
-          当前进度:  10 % - 参数化曲线 34
-          当前进度:  10 % - 转换为实体 34
-          当前进度:  10 % - 参数化曲线 35
-          当前进度:  10 % - 转换为实体 35
-          当前进度:  11 % - 参数化曲线 36
-          当前进度:  11 % - 转换为实体 36
-          当前进度:  11 % - 参数化曲线 37
-          当前进度:  11 % - 转换为实体 37
-          当前进度:  11 % - 参数化曲线 38
-          当前进度:  11 % - 转换为实体 38
-          当前进度:  11 % - 参数化曲线 39
-          当前进度:  12 % - 转换为实体 39
-          当前进度:  12 % - 参数化曲线 40
-          当前进度:  12 % - 转换为实体 40
-          当前进度:  12 % - 参数化曲线 41
-          当前进度:  12 % - 转换为实体 41
-          当前进度:  12 % - 参数化曲线 42
-          当前进度:  12 % - 转换为实体 42
-          当前进度:  13 % - 参数化曲线 43
-          当前进度:  13 % - 转换为实体 43
-          当前进度:  13 % - 参数化曲线 44
-          当前进度:  13 % - 转换为实体 44
-          当前进度:  13 % - 参数化曲线 45
-          当前进度:  13 % - 转换为实体 45
-          当前进度:  14 % - 参数化曲线 46
-          当前进度:  14 % - 转换为实体 46
-          当前进度:  14 % - 参数化曲线 47
-          当前进度:  14 % - 转换为实体 47
-          当前进度:  14 % - 参数化曲线 48
-          当前进度:  14 % - 转换为实体 48
-          当前进度:  14 % - 参数化曲线 49
-          当前进度:  15 % - 转换为实体 49
-          当前进度:  15 % - 参数化曲线 50
-          当前进度:  15 % - 转换为实体 50
-          当前进度:  15 % - 参数化曲线 51
-          当前进度:  15 % - 转换为实体 51
-          当前进度:  15 % - 参数化曲线 52
-          当前进度:  15 % - 转换为实体 52
-          当前进度:  16 % - 参数化曲线 53
-          当前进度:  16 % - 转换为实体 53
-          当前进度:  16 % - 参数化曲线 54
-          当前进度:  16 % - 转换为实体 54
-          当前进度:  16 % - 参数化曲线 55
-          当前进度:  16 % - 转换为实体 55
-          当前进度:  17 % - 参数化曲线 56
-          当前进度:  17 % - 转换为实体 56
-          当前进度:  17 % - 参数化曲线 57
-          当前进度:  17 % - 转换为实体 57
-          当前进度:  17 % - 参数化曲线 58
-          当前进度:  17 % - 转换为实体 58
-          当前进度:  17 % - 参数化曲线 59
-          当前进度:  18 % - 转换为实体 59
-          当前进度:  18 % - 参数化曲线 60
-          当前进度:  18 % - 转换为实体 60
-          当前进度:  18 % - 参数化曲线 61
-          当前进度:  18 % - 转换为实体 61
-          当前进度:  18 % - 参数化曲线 62
-          当前进度:  18 % - 转换为实体 62
-          当前进度:  19 % - 参数化曲线 63
-          当前进度:  19 % - 转换为实体 63
-          当前进度:  19 % - 参数化曲线 64
-          当前进度:  19 % - 转换为实体 64
-          当前进度:  19 % - 参数化曲线 65
-          当前进度:  19 % - 转换为实体 65
Memory: 1263/2756 1335/3042
--         当前进度:  20 % - 参数化曲线 66
Memory: 1261/2756 1334/3042
--         当前进度:  20 % - 转换为实体 66
--         当前进度:  20 % - 参数化曲线 67
--         当前进度:  20 % - 转换为实体 67
--         当前进度:  20 % - 参数化曲线 68
--         当前进度:  20 % - 转换为实体 68
--         当前进度:  21 % - 参数化曲线 69
--         当前进度:  21 % - 转换为实体 69
--         当前进度:  21 % - 参数化曲线 70
--         当前进度:  21 % - 转换为实体 70
--         当前进度:  21 % - 参数化曲线 71
--         当前进度:  21 % - 转换为实体 71
--         当前进度:  21 % - 参数化曲线 72
--         当前进度:  21 % - 转换为实体 72
--         当前进度:  22 % - 参数化曲线 73
--         当前进度:  22 % - 转换为实体 73
--         当前进度:  22 % - 参数化曲线 74
--         当前进度:  22 % - 转换为实体 74
--         当前进度:  22 % - 参数化曲线 75
--         当前进度:  22 % - 转换为实体 75
--         当前进度:  23 % - 参数化曲线 76
--         当前进度:  23 % - 转换为实体 76
--         当前进度:  23 % - 参数化曲线 77
--         当前进度:  23 % - 转换为实体 77
--         当前进度:  23 % - 参数化曲线 78
--         当前进度:  23 % - 转换为实体 78
--         当前进度:  24 % - 参数化曲线 79
--         当前进度:  24 % - 转换为实体 79
--         当前进度:  24 % - 参数化曲线 80
--         当前进度:  24 % - 转换为实体 80
--         当前进度:  24 % - 参数化曲线 81
Memory: 1262/2756 1335/3042
--         当前进度:  24 % - 转换为实体 81
Memory: 1261/2756 1334/3042
--         当前进度:  24 % - 参数化曲线 82
--         当前进度:  24 % - 转换为实体 82
--         当前进度:  25 % - 参数化曲线 83
--         当前进度:  25 % - 转换为实体 83
--         当前进度:  25 % - 参数化曲线 84
--         当前进度:  25 % - 转换为实体 84
--         当前进度:  25 % - 参数化曲线 85
--         当前进度:  25 % - 转换为实体 85
--         当前进度:  26 % - 参数化曲线 86
--         当前进度:  26 % - 转换为实体 86
--         当前进度:  26 % - 参数化曲线 87
--         当前进度:  26 % - 转换为实体 87
--         当前进度:  26 % - 参数化曲线 88
--         当前进度:  26 % - 转换为实体 88
--         当前进度:  27 % - 参数化曲线 89
--         当前进度:  27 % - 转换为实体 89
--         当前进度:  27 % - 参数化曲线 90
--         当前进度:  27 % - 转换为实体 90
--         当前进度:  27 % - 参数化曲线 91
--         当前进度:  27 % - 转换为实体 91
--         当前进度:  27 % - 参数化曲线 92
--         当前进度:  27 % - 转换为实体 92
--         当前进度:  28 % - 参数化曲线 93
--         当前进度:  28 % - 转换为实体 93
--         当前进度:  28 % - 参数化曲线 94
--         当前进度:  28 % - 转换为实体 94
--         当前进度:  28 % - 参数化曲线 95
--         当前进度:  28 % - 转换为实体 95
--         当前进度:  29 % - 参数化曲线 96
--         当前进度:  29 % - 转换为实体 96
--         当前进度:  29 % - 参数化曲线 97
--         当前进度:  29 % - 转换为实体 97
Memory: 1263/2756 1336/3042
--         当前进度:  29 % - 参数化曲线 98
Memory: 1262/2756 1334/3042
--         当前进度:  29 % - 转换为实体 98
---        当前进度:  30 % - 参数化曲线 99
---        当前进度:  30 % - 转换为实体 99
---        当前进度:  30 % - 参数化曲线 100
---        当前进度:  30 % - 转换为实体 100
---        当前进度:  30 % - 参数化曲线 101
---        当前进度:  30 % - 转换为实体 101
---        当前进度:  30 % - 参数化曲线 102
---        当前进度:  30 % - 转换为实体 102
---        当前进度:  31 % - 参数化曲线 103
---        当前进度:  31 % - 转换为实体 103
---        当前进度:  31 % - 参数化曲线 104
---        当前进度:  31 % - 转换为实体 104
---        当前进度:  31 % - 参数化曲线 105
---        当前进度:  31 % - 转换为实体 105
---        当前进度:  32 % - 参数化曲线 106
---        当前进度:  32 % - 转换为实体 106
---        当前进度:  32 % - 参数化曲线 107
---        当前进度:  32 % - 转换为实体 107
---        当前进度:  32 % - 参数化曲线 108
---        当前进度:  32 % - 转换为实体 108
---        当前进度:  33 % - 参数化曲线 109
---        当前进度:  33 % - 转换为实体 109
---        当前进度:  33 % - 参数化曲线 110
---        当前进度:  33 % - 转换为实体 110
---        当前进度:  33 % - 参数化曲线 111
---        当前进度:  33 % - 转换为实体 111
---        当前进度:  33 % - 参数化曲线 112
---        当前进度:  33 % - 转换为实体 112
---        当前进度:  34 % - 参数化曲线 113
---        当前进度:  34 % - 转换为实体 113
---        当前进度:  34 % - 参数化曲线 114
---        当前进度:  34 % - 转换为实体 114
---        当前进度:  34 % - 参数化曲线 115
Memory: 1263/2756 1336/3042
---        当前进度:  34 % - 转换为实体 115
Memory: 1262/2756 1334/3042
---        当前进度:  35 % - 参数化曲线 116
---        当前进度:  35 % - 转换为实体 116
---        当前进度:  35 % - 参数化曲线 117
---        当前进度:  35 % - 转换为实体 117
---        当前进度:  35 % - 参数化曲线 118
---        当前进度:  35 % - 转换为实体 118
---        当前进度:  36 % - 参数化曲线 119
---        当前进度:  36 % - 转换为实体 119
---        当前进度:  36 % - 参数化曲线 120
---        当前进度:  36 % - 转换为实体 120
---        当前进度:  36 % - 参数化曲线 121
---        当前进度:  36 % - 转换为实体 121
---        当前进度:  36 % - 参数化曲线 122
---        当前进度:  37 % - 转换为实体 122
---        当前进度:  37 % - 参数化曲线 123
---        当前进度:  37 % - 转换为实体 123
---        当前进度:  37 % - 参数化曲线 124
---        当前进度:  37 % - 转换为实体 124
---        当前进度:  37 % - 参数化曲线 125
---        当前进度:  37 % - 转换为实体 125
---        当前进度:  38 % - 参数化曲线 126
---        当前进度:  38 % - 转换为实体 126
---        当前进度:  38 % - 参数化曲线 127
---        当前进度:  38 % - 转换为实体 127
---        当前进度:  38 % - 参数化曲线 128
---        当前进度:  38 % - 转换为实体 128
---        当前进度:  39 % - 参数化曲线 129
---        当前进度:  39 % - 转换为实体 129
---        当前进度:  39 % - 参数化曲线 130
---        当前进度:  39 % - 转换为实体 130
---        当前进度:  39 % - 参数化曲线 131
---        当前进度:  39 % - 转换为实体 131
---        当前进度:  39 % - 参数化曲线 132
----       当前进度:  40 % - 转换为实体 132
----       当前进度:  40 % - 参数化曲线 133
----       当前进度:  40 % - 转换为实体 133
----       当前进度:  40 % - 参数化曲线 134
----       当前进度:  40 % - 转换为实体 134
----       当前进度:  40 % - 参数化曲线 135
----       当前进度:  40 % - 转换为实体 135
----       当前进度:  41 % - 参数化曲线 136
----       当前进度:  41 % - 转换为实体 136
----       当前进度:  41 % - 参数化曲线 137
----       当前进度:  41 % - 转换为实体 137
----       当前进度:  41 % - 参数化曲线 138
----       当前进度:  41 % - 转换为实体 138
----       当前进度:  42 % - 参数化曲线 139
----       当前进度:  42 % - 转换为实体 139
----       当前进度:  42 % - 参数化曲线 140
----       当前进度:  42 % - 转换为实体 140
----       当前进度:  42 % - 参数化曲线 141
----       当前进度:  42 % - 转换为实体 141
----       当前进度:  42 % - 参数化曲线 142
----       当前进度:  43 % - 转换为实体 142
----       当前进度:  43 % - 参数化曲线 143
----       当前进度:  43 % - 转换为实体 143
----       当前进度:  43 % - 参数化曲线 144
----       当前进度:  43 % - 转换为实体 144
----       当前进度:  43 % - 参数化曲线 145
----       当前进度:  43 % - 转换为实体 145
----       当前进度:  44 % - 参数化曲线 146
----       当前进度:  44 % - 转换为实体 146
----       当前进度:  44 % - 参数化曲线 147
----       当前进度:  44 % - 转换为实体 147
----       当前进度:  44 % - 参数化曲线 148
----       当前进度:  44 % - 转换为实体 148
----       当前进度:  45 % - 参数化曲线 149
----       当前进度:  45 % - 转换为实体 149
----       当前进度:  45 % - 参数化曲线 150
----       当前进度:  45 % - 转换为实体 150
----       当前进度:  45 % - 参数化曲线 151
----       当前进度:  45 % - 转换为实体 151
----       当前进度:  46 % - 参数化曲线 152
----       当前进度:  46 % - 转换为实体 152
----       当前进度:  46 % - 参数化曲线 153
----       当前进度:  46 % - 转换为实体 153
----       当前进度:  46 % - 参数化曲线 154
----       当前进度:  46 % - 转换为实体 154
----       当前进度:  46 % - 参数化曲线 155
----       当前进度:  46 % - 转换为实体 155
----       当前进度:  47 % - 参数化曲线 156
----       当前进度:  47 % - 转换为实体 156
----       当前进度:  47 % - 参数化曲线 157
Memory: 1263/2756 1336/3042
----       当前进度:  47 % - 转换为实体 157
Memory: 1262/2756 1334/3042
----       当前进度:  47 % - 参数化曲线 158
----       当前进度:  47 % - 转换为实体 158
----       当前进度:  48 % - 参数化曲线 159
----       当前进度:  48 % - 转换为实体 159
----       当前进度:  48 % - 参数化曲线 160
----       当前进度:  48 % - 转换为实体 160
----       当前进度:  48 % - 参数化曲线 161
----       当前进度:  48 % - 转换为实体 161
----       当前进度:  49 % - 参数化曲线 162
----       当前进度:  49 % - 转换为实体 162
----       当前进度:  49 % - 参数化曲线 163
----       当前进度:  49 % - 转换为实体 163
Memory: 1262/2756 1336/3042
----       当前进度:  49 % - 参数化曲线 164
Memory: 1262/2756 1335/3042
----       当前进度:  49 % - 转换为实体 164
Memory: 1263/2756 1335/3042
----       当前进度:  49 % - 参数化曲线 165
Memory: 1265/2756 1337/3042
----       当前进度:  49 % - 转换为实体 165
Memory: 1264/2756 1336/3042
-----      当前进度:  50 % - 参数化曲线 166
-----      当前进度:  50 % - 转换为实体 166
Memory: 1266/2756 1337/3042
-----      当前进度:  50 % - 参数化曲线 167
Memory: 1264/2756 1336/3042
-----      当前进度:  50 % - 转换为实体 167
-----      当前进度:  50 % - 参数化曲线 168
-----      当前进度:  50 % - 转换为实体 168
Memory: 1265/2756 1338/3042
-----      当前进度:  51 % - 参数化曲线 169
Memory: 1265/2756 1336/3042
-----      当前进度:  51 % - 转换为实体 169
-----      当前进度:  51 % - 参数化曲线 170
-----      当前进度:  51 % - 转换为实体 170
-----      当前进度:  51 % - 参数化曲线 171
-----      当前进度:  51 % - 转换为实体 171
-----      当前进度:  52 % - 参数化曲线 172
-----      当前进度:  52 % - 转换为实体 172
Memory: 1266/2756 1338/3042
-----      当前进度:  52 % - 参数化曲线 173
Memory: 1265/2756 1336/3042
-----      当前进度:  52 % - 转换为实体 173
-----      当前进度:  52 % - 参数化曲线 174
-----      当前进度:  52 % - 转换为实体 174
-----      当前进度:  52 % - 参数化曲线 175
-----      当前进度:  52 % - 转换为实体 175
-----      当前进度:  53 % - 参数化曲线 176
-----      当前进度:  53 % - 转换为实体 176
-----      当前进度:  53 % - 参数化曲线 177
-----      当前进度:  53 % - 转换为实体 177
Memory: 1266/2756 1339/3042
-----      当前进度:  53 % - 参数化曲线 178
Memory: 1268/2756 1339/3042
-----      当前进度:  53 % - 转换为实体 178
-----      当前进度:  54 % - 参数化曲线 179
Memory: 1265/2756 1336/3042
-----      当前进度:  54 % - 转换为实体 179
-----      当前进度:  54 % - 参数化曲线 180
-----      当前进度:  54 % - 转换为实体 180
-----      当前进度:  54 % - 参数化曲线 181
-----      当前进度:  54 % - 转换为实体 181
-----      当前进度:  55 % - 参数化曲线 182
-----      当前进度:  55 % - 转换为实体 182
-----      当前进度:  55 % - 参数化曲线 183
-----      当前进度:  55 % - 转换为实体 183
-----      当前进度:  55 % - 参数化曲线 184
Memory: 1266/2756 1339/3042
-----      当前进度:  55 % - 转换为实体 184
Memory: 1267/2756 1339/3042
-----      当前进度:  55 % - 参数化曲线 185
-----      当前进度:  55 % - 转换为实体 185
-----      当前进度:  56 % - 参数化曲线 186
-----      当前进度:  56 % - 转换为实体 186
-----      当前进度:  56 % - 参数化曲线 187
-----      当前进度:  56 % - 转换为实体 187
-----      当前进度:  56 % - 参数化曲线 188
-----      当前进度:  56 % - 转换为实体 188
-----      当前进度:  57 % - 参数化曲线 189
Memory: 1266/2756 1339/3042
-----      当前进度:  57 % - 转换为实体 189
Memory: 1267/2756 1339/3042
-----      当前进度:  57 % - 参数化曲线 190
-----      当前进度:  57 % - 转换为实体 190
-----      当前进度:  57 % - 参数化曲线 191
-----      当前进度:  57 % - 转换为实体 191
-----      当前进度:  58 % - 参数化曲线 192
-----      当前进度:  58 % - 转换为实体 192
-----      当前进度:  58 % - 参数化曲线 193
-----      当前进度:  58 % - 转换为实体 193
-----      当前进度:  58 % - 参数化曲线 194
-----      当前进度:  58 % - 转换为实体 194
-----      当前进度:  58 % - 参数化曲线 195
-----      当前进度:  58 % - 转换为实体 195
-----      当前进度:  59 % - 参数化曲线 196
Memory: 1265/2756 1336/3042
-----      当前进度:  59 % - 转换为实体 196
-----      当前进度:  59 % - 参数化曲线 197
-----      当前进度:  59 % - 转换为实体 197
-----      当前进度:  59 % - 参数化曲线 198
-----      当前进度:  59 % - 转换为实体 198
------     当前进度:  60 % - 参数化曲线 199
------     当前进度:  60 % - 转换为实体 199
------     当前进度:  60 % - 参数化曲线 200
------     当前进度:  60 % - 转换为实体 200
------     当前进度:  60 % - 参数化曲线 201
------     当前进度:  60 % - 转换为实体 201
------     当前进度:  61 % - 参数化曲线 202
Memory: 1266/2756 1338/3042
------     当前进度:  61 % - 转换为实体 202
Memory: 1265/2756 1336/3042
------     当前进度:  61 % - 参数化曲线 203
------     当前进度:  61 % - 转换为实体 203
------     当前进度:  61 % - 参数化曲线 204
------     当前进度:  61 % - 转换为实体 204
------     当前进度:  61 % - 参数化曲线 205
------     当前进度:  62 % - 转换为实体 205
------     当前进度:  62 % - 参数化曲线 206
------     当前进度:  62 % - 转换为实体 206
------     当前进度:  62 % - 参数化曲线 207
------     当前进度:  62 % - 转换为实体 207
------     当前进度:  62 % - 参数化曲线 208
------     当前进度:  62 % - 转换为实体 208
------     当前进度:  63 % - 参数化曲线 209
------     当前进度:  63 % - 转换为实体 209
------     当前进度:  63 % - 参数化曲线 210
------     当前进度:  63 % - 转换为实体 210
------     当前进度:  63 % - 参数化曲线 211
------     当前进度:  63 % - 转换为实体 211
------     当前进度:  64 % - 参数化曲线 212
------     当前进度:  64 % - 转换为实体 212
------     当前进度:  64 % - 参数化曲线 213
------     当前进度:  64 % - 转换为实体 213
------     当前进度:  64 % - 参数化曲线 214
------     当前进度:  64 % - 转换为实体 214
------     当前进度:  64 % - 参数化曲线 215
------     当前进度:  65 % - 转换为实体 215
------     当前进度:  65 % - 参数化曲线 216
------     当前进度:  65 % - 转换为实体 216
------     当前进度:  65 % - 参数化曲线 217
------     当前进度:  65 % - 转换为实体 217
------     当前进度:  65 % - 参数化曲线 218
------     当前进度:  65 % - 转换为实体 218
------     当前进度:  66 % - 参数化曲线 219
------     当前进度:  66 % - 转换为实体 219
------     当前进度:  66 % - 参数化曲线 220
------     当前进度:  66 % - 转换为实体 220
------     当前进度:  66 % - 参数化曲线 221
------     当前进度:  66 % - 转换为实体 221
------     当前进度:  67 % - 参数化曲线 222
Memory: 1252/2756 1324/3042
------     当前进度:  67 % - 转换为实体 222
------     当前进度:  67 % - 参数化曲线 223
------     当前进度:  67 % - 转换为实体 223
------     当前进度:  67 % - 参数化曲线 224
------     当前进度:  67 % - 转换为实体 224
------     当前进度:  67 % - 参数化曲线 225
------     当前进度:  68 % - 转换为实体 225
------     当前进度:  68 % - 参数化曲线 226
------     当前进度:  68 % - 转换为实体 226
------     当前进度:  68 % - 参数化曲线 227
------     当前进度:  68 % - 转换为实体 227
------     当前进度:  68 % - 参数化曲线 228
------     当前进度:  68 % - 转换为实体 228
------     当前进度:  69 % - 参数化曲线 229
------     当前进度:  69 % - 转换为实体 229
------     当前进度:  69 % - 参数化曲线 230
------     当前进度:  69 % - 转换为实体 230
------     当前进度:  69 % - 参数化曲线 231
------     当前进度:  69 % - 转换为实体 231
-------    当前进度:  70 % - 参数化曲线 232
-------    当前进度:  70 % - 转换为实体 232
-------    当前进度:  70 % - 参数化曲线 233
-------    当前进度:  70 % - 转换为实体 233
-------    当前进度:  70 % - 参数化曲线 234
-------    当前进度:  70 % - 转换为实体 234
-------    当前进度:  71 % - 参数化曲线 235
-------    当前进度:  71 % - 转换为实体 235
-------    当前进度:  71 % - 参数化曲线 236
-------    当前进度:  71 % - 转换为实体 236
-------    当前进度:  71 % - 参数化曲线 237
-------    当前进度:  71 % - 转换为实体 237
-------    当前进度:  71 % - 参数化曲线 238
-------    当前进度:  71 % - 转换为实体 238
-------    当前进度:  72 % - 参数化曲线 239
-------    当前进度:  72 % - 转换为实体 239
-------    当前进度:  72 % - 参数化曲线 240
-------    当前进度:  72 % - 转换为实体 240
-------    当前进度:  72 % - 参数化曲线 241
-------    当前进度:  72 % - 转换为实体 241
Memory: 1255/2756 1328/3042
-------    当前进度:  73 % - 参数化曲线 242
Memory: 1257/2756 1328/3042
-------    当前进度:  73 % - 转换为实体 242
-------    当前进度:  73 % - 参数化曲线 243
-------    当前进度:  73 % - 转换为实体 243
-------    当前进度:  73 % - 参数化曲线 244
Memory: 1252/2756 1324/3042
-------    当前进度:  73 % - 转换为实体 244
-------    当前进度:  74 % - 参数化曲线 245
-------    当前进度:  74 % - 转换为实体 245
-------    当前进度:  74 % - 参数化曲线 246
-------    当前进度:  74 % - 转换为实体 246
-------    当前进度:  74 % - 参数化曲线 247
-------    当前进度:  74 % - 转换为实体 247
-------    当前进度:  74 % - 参数化曲线 248
-------    当前进度:  74 % - 转换为实体 248
-------    当前进度:  75 % - 参数化曲线 249
-------    当前进度:  75 % - 转换为实体 249
-------    当前进度:  75 % - 参数化曲线 250
-------    当前进度:  75 % - 转换为实体 250
-------    当前进度:  75 % - 参数化曲线 251
-------    当前进度:  75 % - 转换为实体 251
-------    当前进度:  76 % - 参数化曲线 252
-------    当前进度:  76 % - 转换为实体 252
-------    当前进度:  76 % - 参数化曲线 253
Memory: 1256/2756 1328/3042
-------    当前进度:  76 % - 转换为实体 253
-------    当前进度:  76 % - 参数化曲线 254
-------    当前进度:  76 % - 转换为实体 254
-------    当前进度:  77 % - 参数化曲线 255
-------    当前进度:  77 % - 转换为实体 255
-------    当前进度:  77 % - 参数化曲线 256
-------    当前进度:  77 % - 转换为实体 256
-------    当前进度:  77 % - 参数化曲线 257
-------    当前进度:  77 % - 转换为实体 257
-------    当前进度:  77 % - 参数化曲线 258
-------    当前进度:  77 % - 转换为实体 258
-------    当前进度:  78 % - 参数化曲线 259
-------    当前进度:  78 % - 转换为实体 259
-------    当前进度:  78 % - 参数化曲线 260
-------    当前进度:  78 % - 转换为实体 260
-------    当前进度:  78 % - 参数化曲线 261
-------    当前进度:  78 % - 转换为实体 261
-------    当前进度:  79 % - 参数化曲线 262
-------    当前进度:  79 % - 转换为实体 262
-------    当前进度:  79 % - 参数化曲线 263
-------    当前进度:  79 % - 转换为实体 263
-------    当前进度:  79 % - 参数化曲线 264
-------    当前进度:  79 % - 转换为实体 264
--------   当前进度:  80 % - 参数化曲线 265
--------   当前进度:  80 % - 转换为实体 265
--------   当前进度:  80 % - 参数化曲线 266
Memory: 1257/2756 1328/3042
--------   当前进度:  80 % - 转换为实体 266
--------   当前进度:  80 % - 参数化曲线 267
--------   当前进度:  80 % - 转换为实体 267
--------   当前进度:  80 % - 参数化曲线 268
--------   当前进度:  80 % - 转换为实体 268
--------   当前进度:  81 % - 参数化曲线 269
--------   当前进度:  81 % - 转换为实体 269
--------   当前进度:  81 % - 参数化曲线 270
--------   当前进度:  81 % - 转换为实体 270
--------   当前进度:  81 % - 参数化曲线 271
--------   当前进度:  81 % - 转换为实体 271
--------   当前进度:  82 % - 参数化曲线 272
--------   当前进度:  82 % - 转换为实体 272
--------   当前进度:  82 % - 参数化曲线 273
--------   当前进度:  82 % - 转换为实体 273
--------   当前进度:  82 % - 参数化曲线 274
--------   当前进度:  82 % - 转换为实体 274
--------   当前进度:  83 % - 参数化曲线 275
--------   当前进度:  83 % - 转换为实体 275
Memory: 1252/2756 1324/3042
--------   当前进度:  83 % - 参数化曲线 276
Memory: 1257/2756 1328/3042
--------   当前进度:  83 % - 转换为实体 276
--------   当前进度:  83 % - 参数化曲线 277
--------   当前进度:  83 % - 转换为实体 277
--------   当前进度:  83 % - 参数化曲线 278
--------   当前进度:  83 % - 转换为实体 278
--------   当前进度:  84 % - 参数化曲线 279
--------   当前进度:  84 % - 转换为实体 279
--------   当前进度:  84 % - 参数化曲线 280
--------   当前进度:  84 % - 转换为实体 280
--------   当前进度:  84 % - 参数化曲线 281
--------   当前进度:  84 % - 转换为实体 281
--------   当前进度:  85 % - 参数化曲线 282
--------   当前进度:  85 % - 转换为实体 282
--------   当前进度:  85 % - 参数化曲线 283
--------   当前进度:  85 % - 转换为实体 283
--------   当前进度:  85 % - 参数化曲线 284
--------   当前进度:  85 % - 转换为实体 284
--------   当前进度:  86 % - 参数化曲线 285
--------   当前进度:  86 % - 转换为实体 285
--------   当前进度:  86 % - 参数化曲线 286
--------   当前进度:  86 % - 转换为实体 286
--------   当前进度:  86 % - 参数化曲线 287
--------   当前进度:  86 % - 转换为实体 287
--------   当前进度:  86 % - 参数化曲线 288
--------   当前进度:  87 % - 转换为实体 288
--------   当前进度:  87 % - 参数化曲线 289
--------   当前进度:  87 % - 转换为实体 289
--------   当前进度:  87 % - 参数化曲线 290
--------   当前进度:  87 % - 转换为实体 290
--------   当前进度:  87 % - 参数化曲线 291
--------   当前进度:  87 % - 转换为实体 291
--------   当前进度:  88 % - 参数化曲线 292
--------   当前进度:  88 % - 转换为实体 292
--------   当前进度:  88 % - 参数化曲线 293
--------   当前进度:  88 % - 转换为实体 293
--------   当前进度:  88 % - 参数化曲线 294
--------   当前进度:  88 % - 转换为实体 294
--------   当前进度:  89 % - 参数化曲线 295
--------   当前进度:  89 % - 转换为实体 295
--------   当前进度:  89 % - 参数化曲线 296
--------   当前进度:  89 % - 转换为实体 296
--------   当前进度:  89 % - 参数化曲线 297
--------   当前进度:  89 % - 转换为实体 297
--------   当前进度:  89 % - 参数化曲线 298
---------  当前进度:  90 % - 转换为实体 298
---------  当前进度:  90 % - 参数化曲线 299
---------  当前进度:  90 % - 转换为实体 299
---------  当前进度:  90 % - 参数化曲线 300
Memory: 1252/2756 1324/3042
---------  当前进度:  90 % - 转换为实体 300
---------  当前进度:  90 % - 参数化曲线 301
---------  当前进度:  90 % - 转换为实体 301
---------  当前进度:  91 % - 参数化曲线 302
---------  当前进度:  91 % - 转换为实体 302
---------  当前进度:  91 % - 参数化曲线 303
---------  当前进度:  91 % - 转换为实体 303
---------  当前进度:  91 % - 参数化曲线 304
---------  当前进度:  91 % - 转换为实体 304
---------  当前进度:  92 % - 参数化曲线 305
---------  当前进度:  92 % - 转换为实体 305
---------  当前进度:  92 % - 参数化曲线 306
---------  当前进度:  92 % - 转换为实体 306
---------  当前进度:  92 % - 参数化曲线 307
---------  当前进度:  92 % - 转换为实体 307
---------  当前进度:  92 % - 参数化曲线 308
Memory: 1253/2756 1324/3042
---------  当前进度:  93 % - 转换为实体 308
---------  当前进度:  93 % - 参数化曲线 309
---------  当前进度:  93 % - 转换为实体 309
---------  当前进度:  93 % - 参数化曲线 310
---------  当前进度:  93 % - 转换为实体 310
---------  当前进度:  93 % - 参数化曲线 311
---------  当前进度:  93 % - 转换为实体 311
---------  当前进度:  94 % - 参数化曲线 312
---------  当前进度:  94 % - 转换为实体 312
---------  当前进度:  94 % - 参数化曲线 313
---------  当前进度:  94 % - 转换为实体 313
---------  当前进度:  94 % - 参数化曲线 314
---------  当前进度:  94 % - 转换为实体 314
---------  当前进度:  95 % - 参数化曲线 315
---------  当前进度:  95 % - 转换为实体 315
---------  当前进度:  95 % - 参数化曲线 316
Memory: 1253/2756 1325/3042
---------  当前进度:  95 % - 转换为实体 316
Memory: 1253/2756 1324/3042
---------  当前进度:  95 % - 参数化曲线 317
---------  当前进度:  95 % - 转换为实体 317
Memory: 1254/2756 1325/3042
---------  当前进度:  96 % - 参数化曲线 318
Memory: 1253/2756 1324/3042
---------  当前进度:  96 % - 转换为实体 318
---------  当前进度:  96 % - 参数化曲线 319
---------  当前进度:  96 % - 转换为实体 319
---------  当前进度:  96 % - 参数化曲线 320
---------  当前进度:  96 % - 转换为实体 320
---------  当前进度:  96 % - 参数化曲线 321
---------  当前进度:  96 % - 转换为实体 321
---------  当前进度:  97 % - 参数化曲线 322
---------  当前进度:  97 % - 转换为实体 322
---------  当前进度:  97 % - 参数化曲线 323
---------  当前进度:  97 % - 转换为实体 323
---------  当前进度:  97 % - 参数化曲线 324
Memory: 1257/2756 1328/3042
---------  当前进度:  97 % - 转换为实体 324
---------  当前进度:  98 % - 参数化曲线 325
---------  当前进度:  98 % - 转换为实体 325
---------  当前进度:  98 % - 参数化曲线 326
Memory: 1253/2756 1324/3042
---------  当前进度:  98 % - 转换为实体 326
---------  当前进度:  98 % - 参数化曲线 327
---------  当前进度:  98 % - 转换为实体 327
---------  当前进度:  99 % - 参数化曲线 328
---------  当前进度:  99 % - 转换为实体 328
---------  当前进度:  99 % - 参数化曲线 329
---------  当前进度:  99 % - 转换为实体 329
Memory: 1254/2756 1326/3042
---------  当前进度:  99 % - 参数化曲线 330
Memory: 1255/2756 1326/3042
---------  当前进度:  99 % - 转换为实体 330
---------  当前进度:  99 % - 参数化曲线 331
---------  当前进度:  99 % - 转换为实体 331
---------- 当前进度: 100 % - 形成联合体
---------- 当前进度: 100 % - 处理边相交
Memory: 1253/2756 1324/3042
---------- 当前进度: 100 % - 解析域和空区域
---------- 当前进度: 100 % - 正在更新选择
<---- 200 kHz: naturally distributed strand currents/解 1 (sol1) 中的“编译方程: 频域” ---
开始于 2026年9月26日 上午11:01:21。
几何形函数: 二次拉格朗日单元
在 Intel64 Family 6 Model 183 Stepping 1, GenuineIntel 上运行。
在以下位置使用 1 个插槽： MIST 上（共 4 个内核）。
可用内存：16.11 GB。
           当前进度:   1 % - 编译方程: 频域
Memory: 1249/2756 1318/3042
时间：1。
物理内存: 1.25 GB
虚拟内存: 1.32 GB
结束时间：2026年9月26日 上午11:01:22。
----- 200 kHz: naturally distributed strand currents/解 1 (sol1) 中的“编译方程: 频域” -->
<---- 200 kHz: naturally distributed strand currents/解 1 (sol1) 中的“因变量 1” ------
开始于 2026年9月26日 上午11:01:22。
           当前进度:   1 % - 因变量 1
Memory: 1252/2756 1321/3042
求解时间：0 s。
物理内存: 1.25 GB
虚拟内存: 1.32 GB
结束时间：2026年9月26日 上午11:01:22。
----- 200 kHz: naturally distributed strand currents/解 1 (sol1) 中的“因变量 1” ----->
<---- 200 kHz: naturally distributed strand currents/解 1 (sol1) 中的“稳态求解器 1” ----
开始于 2026年9月26日 上午11:01:22。
           当前进度:   2 % - 稳态求解器 1
Memory: 1304/2756 1373/3042
线性求解器
求解的自由度数：660587。
-          当前进度:  16 % - 组装稀疏模式
Memory: 1390/2756 1459/3042
--         当前进度:  21 % - 组装矩阵
Memory: 1759/2756 1866/3042
---        当前进度:  31 % - 组装矩阵
Memory: 1683/2756 1752/3042
找到对称矩阵。
缩放因变量：
磁矢势 (comp1.A): 0.0001
---        当前进度:  31 % - 
Memory: 1579/2756 1654/3042
已使用正交零空间函数。
---        当前进度:  31 % - 矩阵分解
Memory: 1494/2756 1569/3042
----       当前进度:  40 % - 矩阵分解
Memory: 2018/2756 3035/3042
-----      当前进度:  52 % - 矩阵分解
Memory: 2182/2756 3035/3042
------     当前进度:  63 % - 矩阵分解
Memory: 2354/2756 3035/3042
-------    当前进度:  75 % - 矩阵分解
Memory: 2501/2756 3035/3042
--------   当前进度:  89 % - 矩阵分解
Memory: 2682/2756 3035/3042
Iter      SolEst     Damping    Stepsize #Res #Jac #Sol   LinErr   LinRes
---------- 当前进度: 100 % - 求解线性方程组
Memory: 2714/2776 2982/3042
   1        0.99   1.0000000        0.99    1    1    1  0.00015  2.2e-09
求解时间：9 s。
物理内存: 2.73 GB
虚拟内存: 3.04 GB
结束时间：2026年9月26日 上午11:01:31。
----- 200 kHz: naturally distributed strand currents/解 1 (sol1) 中的“稳态求解器 1” --->
<---- 200 kHz: naturally distributed strand currents/解 1 (sol1) 中的“编译方程: 频域” ---
开始于 2026年9月26日 上午11:01:31。
几何形函数: 二次拉格朗日单元
在 Intel64 Family 6 Model 183 Stepping 1, GenuineIntel 上运行。
在以下位置使用 1 个插槽： MIST 上（共 4 个内核）。
可用内存：16.11 GB。
           当前进度:   1 % - 编译方程: 频域
Memory: 1237/2776 1309/3063
时间：1。
物理内存: 1.24 GB
虚拟内存: 1.31 GB
结束时间：2026年9月26日 上午11:01:32。
----- 200 kHz: naturally distributed strand currents/解 1 (sol1) 中的“编译方程: 频域” -->
<---- 200 kHz: naturally distributed strand currents/解 1 (sol1) 中的“因变量 1” ------
开始于 2026年9月26日 上午11:01:32。
           当前进度:   1 % - 因变量 1
Memory: 1266/2776 1337/3063
求解时间：0 s。
物理内存: 1.27 GB
虚拟内存: 1.34 GB
结束时间：2026年9月26日 上午11:01:32。
----- 200 kHz: naturally distributed strand currents/解 1 (sol1) 中的“因变量 1” ----->
<---- 200 kHz: naturally distributed strand currents/解 1 (sol1) 中的“稳态求解器 1” ----
开始于 2026年9月26日 上午11:01:32。
           当前进度:   2 % - 稳态求解器 1
Memory: 1318/2776 1390/3063
线性求解器
求解的自由度数：660587。
-          当前进度:  16 % - 组装稀疏模式
Memory: 1446/2776 1519/3063
--         当前进度:  21 % - 组装矩阵
Memory: 1703/2776 1872/3063
---        当前进度:  31 % - 组装矩阵
Memory: 1682/2776 1752/3063
---        当前进度:  31 % - 
Memory: 1706/2776 1777/3063
找到对称矩阵。
缩放因变量：
磁矢势 (comp1.A): 0.0001
已使用正交零空间函数。
---        当前进度:  31 % - 矩阵分解
Memory: 1563/2776 1635/3063
---        当前进度:  35 % - 矩阵分解
Memory: 1912/2776 3011/3063
----       当前进度:  44 % - 矩阵分解
Memory: 2052/2776 3011/3063
-----      当前进度:  50 % - 矩阵分解
Memory: 2125/2776 3011/3063
-----      当前进度:  56 % - 矩阵分解
Memory: 2244/2776 3011/3063
------     当前进度:  62 % - 矩阵分解
Memory: 2299/2776 3011/3063
------     当前进度:  69 % - 矩阵分解
Memory: 2383/2776 3011/3063
-------    当前进度:  74 % - 矩阵分解
Memory: 2474/2776 3011/3063
--------   当前进度:  82 % - 矩阵分解
Memory: 2575/2776 3011/3063
---------  当前进度:  90 % - 矩阵分解
Memory: 2710/2776 3011/3063
Iter      SolEst     Damping    Stepsize #Res #Jac #Sol   LinErr   LinRes
---------- 当前进度: 100 % - 求解线性方程组
Memory: 2645/2776 2910/3063
   1        0.98   1.0000000        0.98    1    1    1  0.00015  2.2e-09
求解时间：10 s。
物理内存: 2.71 GB
虚拟内存: 3.01 GB
结束时间：2026年9月26日 上午11:01:42。
----- 200 kHz: naturally distributed strand currents/解 1 (sol1) 中的“稳态求解器 1” --->
           当前进度:   0 % - 参数化曲线 1
Memory: 1241/2776 1312/3063
           当前进度:   0 % - 转换为实体 1
Memory: 1242/2776 1313/3063
           当前进度:   0 % - 参数化曲线 2
           当前进度:   0 % - 转换为实体 2
           当前进度:   1 % - 参数化曲线 3
           当前进度:   1 % - 转换为实体 3
           当前进度:   1 % - 参数化曲线 4
           当前进度:   1 % - 转换为实体 4
           当前进度:   1 % - 参数化曲线 5
           当前进度:   1 % - 转换为实体 5
Memory: 1243/2776 1314/3063
           当前进度:   2 % - 参数化曲线 6
           当前进度:   2 % - 转换为实体 6
Memory: 1244/2776 1315/3063
           当前进度:   2 % - 参数化曲线 7
           当前进度:   2 % - 转换为实体 7
Memory: 1245/2776 1315/3063
           当前进度:   2 % - 参数化曲线 8
           当前进度:   2 % - 转换为实体 8
           当前进度:   2 % - 参数化曲线 9
           当前进度:   2 % - 转换为实体 9
           当前进度:   3 % - 参数化曲线 10
           当前进度:   3 % - 转换为实体 10
           当前进度:   3 % - 参数化曲线 11
           当前进度:   3 % - 转换为实体 11
           当前进度:   3 % - 参数化曲线 12
           当前进度:   3 % - 转换为实体 12
Memory: 1247/2776 1317/3063
           当前进度:   4 % - 参数化曲线 13
           当前进度:   4 % - 转换为实体 13
           当前进度:   4 % - 参数化曲线 14
           当前进度:   4 % - 转换为实体 14
Memory: 1249/2776 1319/3063
           当前进度:   4 % - 参数化曲线 15
           当前进度:   4 % - 转换为实体 15
Memory: 1250/2776 1320/3063
           当前进度:   5 % - 参数化曲线 16
           当前进度:   5 % - 转换为实体 16
Memory: 1251/2776 1321/3063
           当前进度:   5 % - 参数化曲线 17
           当前进度:   5 % - 转换为实体 17
Memory: 1253/2776 1323/3063
           当前进度:   5 % - 参数化曲线 18
           当前进度:   5 % - 转换为实体 18
           当前进度:   5 % - 参数化曲线 19
           当前进度:   5 % - 转换为实体 19
Memory: 1259/2776 1329/3063
           当前进度:   6 % - 参数化曲线 20
           当前进度:   6 % - 转换为实体 20
Memory: 1252/2776 1322/3063
           当前进度:   6 % - 参数化曲线 21
           当前进度:   6 % - 转换为实体 21
           当前进度:   6 % - 参数化曲线 22
           当前进度:   6 % - 转换为实体 22
           当前进度:   7 % - 参数化曲线 23
           当前进度:   7 % - 转换为实体 23
Memory: 1253/2776 1323/3063
           当前进度:   7 % - 参数化曲线 24
           当前进度:   7 % - 转换为实体 24
           当前进度:   7 % - 参数化曲线 25
           当前进度:   7 % - 转换为实体 25
           当前进度:   8 % - 参数化曲线 26
           当前进度:   8 % - 转换为实体 26
           当前进度:   8 % - 参数化曲线 27
           当前进度:   8 % - 转换为实体 27
           当前进度:   8 % - 参数化曲线 28
           当前进度:   8 % - 转换为实体 28
           当前进度:   8 % - 参数化曲线 29
           当前进度:   8 % - 转换为实体 29
           当前进度:   9 % - 参数化曲线 30
           当前进度:   9 % - 转换为实体 30
           当前进度:   9 % - 参数化曲线 31
           当前进度:   9 % - 转换为实体 31
           当前进度:   9 % - 参数化曲线 32
           当前进度:   9 % - 转换为实体 32
-          当前进度:  10 % - 参数化曲线 33
-          当前进度:  10 % - 转换为实体 33
-          当前进度:  10 % - 参数化曲线 34
-          当前进度:  10 % - 转换为实体 34
-          当前进度:  10 % - 参数化曲线 35
-          当前进度:  10 % - 转换为实体 35
-          当前进度:  11 % - 参数化曲线 36
-          当前进度:  11 % - 转换为实体 36
-          当前进度:  11 % - 参数化曲线 37
-          当前进度:  11 % - 转换为实体 37
-          当前进度:  11 % - 参数化曲线 38
-          当前进度:  11 % - 转换为实体 38
-          当前进度:  11 % - 参数化曲线 39
-          当前进度:  11 % - 转换为实体 39
-          当前进度:  12 % - 参数化曲线 40
-          当前进度:  12 % - 转换为实体 40
-          当前进度:  12 % - 参数化曲线 41
-          当前进度:  12 % - 转换为实体 41
-          当前进度:  12 % - 参数化曲线 42
-          当前进度:  12 % - 转换为实体 42
-          当前进度:  13 % - 参数化曲线 43
-          当前进度:  13 % - 转换为实体 43
-          当前进度:  13 % - 参数化曲线 44
-          当前进度:  13 % - 转换为实体 44
-          当前进度:  13 % - 参数化曲线 45
-          当前进度:  13 % - 转换为实体 45
-          当前进度:  14 % - 参数化曲线 46
-          当前进度:  14 % - 转换为实体 46
-          当前进度:  14 % - 参数化曲线 47
-          当前进度:  14 % - 转换为实体 47
Memory: 1254/2776 1323/3063
-          当前进度:  14 % - 参数化曲线 48
-          当前进度:  14 % - 转换为实体 48
-          当前进度:  14 % - 参数化曲线 49
-          当前进度:  14 % - 转换为实体 49
-          当前进度:  15 % - 参数化曲线 50
-          当前进度:  15 % - 转换为实体 50
-          当前进度:  15 % - 参数化曲线 51
-          当前进度:  15 % - 转换为实体 51
Memory: 1254/2776 1324/3063
-          当前进度:  15 % - 参数化曲线 52
-          当前进度:  15 % - 转换为实体 52
-          当前进度:  16 % - 参数化曲线 53
-          当前进度:  16 % - 转换为实体 53
-          当前进度:  16 % - 参数化曲线 54
-          当前进度:  16 % - 转换为实体 54
Memory: 1255/2776 1325/3063
-          当前进度:  16 % - 参数化曲线 55
-          当前进度:  16 % - 转换为实体 55
-          当前进度:  17 % - 参数化曲线 56
-          当前进度:  17 % - 转换为实体 56
Memory: 1258/2776 1328/3063
-          当前进度:  17 % - 参数化曲线 57
-          当前进度:  17 % - 转换为实体 57
Memory: 1259/2776 1328/3063
-          当前进度:  17 % - 参数化曲线 58
-          当前进度:  17 % - 转换为实体 58
-          当前进度:  17 % - 参数化曲线 59
-          当前进度:  18 % - 参数化曲线 59
Memory: 1255/2776 1325/3063
-          当前进度:  18 % - 转换为实体 59
-          当前进度:  18 % - 参数化曲线 60
-          当前进度:  18 % - 转换为实体 60
Memory: 1256/2776 1325/3063
-          当前进度:  18 % - 参数化曲线 61
-          当前进度:  18 % - 转换为实体 61
-          当前进度:  18 % - 参数化曲线 62
-          当前进度:  18 % - 转换为实体 62
-          当前进度:  19 % - 参数化曲线 63
-          当前进度:  19 % - 转换为实体 63
-          当前进度:  19 % - 参数化曲线 64
-          当前进度:  19 % - 转换为实体 64
Memory: 1258/2776 1328/3063
-          当前进度:  19 % - 参数化曲线 65
-          当前进度:  19 % - 转换为实体 65
--         当前进度:  20 % - 参数化曲线 66
--         当前进度:  20 % - 转换为实体 66
Memory: 1259/2776 1328/3063
--         当前进度:  20 % - 参数化曲线 67
--         当前进度:  20 % - 转换为实体 67
Memory: 1259/2776 1329/3063
--         当前进度:  20 % - 参数化曲线 68
--         当前进度:  20 % - 转换为实体 68
--         当前进度:  20 % - 参数化曲线 69
--         当前进度:  21 % - 参数化曲线 69
Memory: 1256/2776 1326/3063
--         当前进度:  21 % - 转换为实体 69
--         当前进度:  21 % - 参数化曲线 70
--         当前进度:  21 % - 转换为实体 70
--         当前进度:  21 % - 参数化曲线 71
--         当前进度:  21 % - 转换为实体 71
--         当前进度:  21 % - 参数化曲线 72
--         当前进度:  21 % - 转换为实体 72
--         当前进度:  22 % - 参数化曲线 73
--         当前进度:  22 % - 转换为实体 73
--         当前进度:  22 % - 参数化曲线 74
--         当前进度:  22 % - 转换为实体 74
--         当前进度:  22 % - 参数化曲线 75
--         当前进度:  22 % - 转换为实体 75
--         当前进度:  23 % - 参数化曲线 76
--         当前进度:  23 % - 转换为实体 76
--         当前进度:  23 % - 参数化曲线 77
--         当前进度:  23 % - 转换为实体 77
--         当前进度:  23 % - 参数化曲线 78
--         当前进度:  23 % - 转换为实体 78
--         当前进度:  24 % - 参数化曲线 79
--         当前进度:  24 % - 转换为实体 79
--         当前进度:  24 % - 参数化曲线 80
--         当前进度:  24 % - 转换为实体 80
--         当前进度:  24 % - 参数化曲线 81
--         当前进度:  24 % - 转换为实体 81
--         当前进度:  24 % - 参数化曲线 82
--         当前进度:  24 % - 转换为实体 82
--         当前进度:  25 % - 参数化曲线 83
--         当前进度:  25 % - 转换为实体 83
--         当前进度:  25 % - 参数化曲线 84
--         当前进度:  25 % - 转换为实体 84
--         当前进度:  25 % - 参数化曲线 85
--         当前进度:  25 % - 转换为实体 85
--         当前进度:  26 % - 参数化曲线 86
--         当前进度:  26 % - 转换为实体 86
--         当前进度:  26 % - 参数化曲线 87
--         当前进度:  26 % - 转换为实体 87
--         当前进度:  26 % - 参数化曲线 88
--         当前进度:  26 % - 转换为实体 88
--         当前进度:  27 % - 参数化曲线 89
--         当前进度:  27 % - 转换为实体 89
--         当前进度:  27 % - 参数化曲线 90
--         当前进度:  27 % - 转换为实体 90
--         当前进度:  27 % - 参数化曲线 91
--         当前进度:  27 % - 转换为实体 91
--         当前进度:  27 % - 参数化曲线 92
--         当前进度:  27 % - 转换为实体 92
--         当前进度:  28 % - 参数化曲线 93
--         当前进度:  28 % - 转换为实体 93
--         当前进度:  28 % - 参数化曲线 94
--         当前进度:  28 % - 转换为实体 94
Memory: 1260/2776 1329/3063
--         当前进度:  28 % - 参数化曲线 95
--         当前进度:  28 % - 转换为实体 95
Memory: 1258/2776 1328/3063
--         当前进度:  29 % - 参数化曲线 96
--         当前进度:  29 % - 转换为实体 96
Memory: 1259/2776 1328/3063
--         当前进度:  29 % - 参数化曲线 97
--         当前进度:  29 % - 转换为实体 97
Memory: 1256/2776 1326/3063
--         当前进度:  29 % - 参数化曲线 98
--         当前进度:  29 % - 转换为实体 98
---        当前进度:  30 % - 参数化曲线 99
---        当前进度:  30 % - 转换为实体 99
---        当前进度:  30 % - 参数化曲线 100
---        当前进度:  30 % - 转换为实体 100
---        当前进度:  30 % - 参数化曲线 101
---        当前进度:  30 % - 转换为实体 101
---        当前进度:  30 % - 参数化曲线 102
---        当前进度:  30 % - 转换为实体 102
---        当前进度:  31 % - 参数化曲线 103
---        当前进度:  31 % - 转换为实体 103
---        当前进度:  31 % - 参数化曲线 104
---        当前进度:  31 % - 转换为实体 104
---        当前进度:  31 % - 参数化曲线 105
---        当前进度:  31 % - 转换为实体 105
---        当前进度:  32 % - 参数化曲线 106
---        当前进度:  32 % - 转换为实体 106
---        当前进度:  32 % - 参数化曲线 107
---        当前进度:  32 % - 转换为实体 107
---        当前进度:  32 % - 参数化曲线 108
---        当前进度:  32 % - 转换为实体 108
---        当前进度:  33 % - 参数化曲线 109
---        当前进度:  33 % - 转换为实体 109
---        当前进度:  33 % - 参数化曲线 110
---        当前进度:  33 % - 转换为实体 110
---        当前进度:  33 % - 参数化曲线 111
---        当前进度:  33 % - 转换为实体 111
---        当前进度:  33 % - 参数化曲线 112
---        当前进度:  33 % - 转换为实体 112
---        当前进度:  34 % - 参数化曲线 113
---        当前进度:  34 % - 转换为实体 113
---        当前进度:  34 % - 参数化曲线 114
---        当前进度:  34 % - 转换为实体 114
---        当前进度:  34 % - 参数化曲线 115
---        当前进度:  34 % - 转换为实体 115
---        当前进度:  35 % - 参数化曲线 116
Memory: 1256/2776 1327/3063
---        当前进度:  35 % - 转换为实体 116
Memory: 1256/2776 1326/3063
---        当前进度:  35 % - 参数化曲线 117
---        当前进度:  35 % - 转换为实体 117
---        当前进度:  35 % - 参数化曲线 118
---        当前进度:  35 % - 转换为实体 118
Memory: 1259/2776 1328/3063
---        当前进度:  36 % - 参数化曲线 119
---        当前进度:  36 % - 转换为实体 119
---        当前进度:  36 % - 参数化曲线 120
---        当前进度:  36 % - 转换为实体 120
Memory: 1256/2776 1326/3063
---        当前进度:  36 % - 参数化曲线 121
---        当前进度:  36 % - 转换为实体 121
---        当前进度:  36 % - 参数化曲线 122
---        当前进度:  36 % - 转换为实体 122
---        当前进度:  37 % - 参数化曲线 123
---        当前进度:  37 % - 转换为实体 123
Memory: 1258/2776 1327/3063
---        当前进度:  37 % - 参数化曲线 124
---        当前进度:  37 % - 转换为实体 124
---        当前进度:  37 % - 参数化曲线 125
---        当前进度:  37 % - 转换为实体 125
Memory: 1256/2776 1325/3063
---        当前进度:  38 % - 参数化曲线 126
---        当前进度:  38 % - 转换为实体 126
---        当前进度:  38 % - 参数化曲线 127
---        当前进度:  38 % - 转换为实体 127
---        当前进度:  38 % - 参数化曲线 128
---        当前进度:  38 % - 转换为实体 128
---        当前进度:  39 % - 参数化曲线 129
---        当前进度:  39 % - 转换为实体 129
---        当前进度:  39 % - 参数化曲线 130
---        当前进度:  39 % - 转换为实体 130
---        当前进度:  39 % - 参数化曲线 131
---        当前进度:  39 % - 转换为实体 131
---        当前进度:  39 % - 参数化曲线 132
---        当前进度:  39 % - 转换为实体 132
----       当前进度:  40 % - 参数化曲线 133
----       当前进度:  40 % - 转换为实体 133
----       当前进度:  40 % - 参数化曲线 134
----       当前进度:  40 % - 转换为实体 134
----       当前进度:  40 % - 参数化曲线 135
----       当前进度:  40 % - 转换为实体 135
----       当前进度:  41 % - 参数化曲线 136
----       当前进度:  41 % - 转换为实体 136
----       当前进度:  41 % - 参数化曲线 137
----       当前进度:  41 % - 转换为实体 137
----       当前进度:  41 % - 参数化曲线 138
----       当前进度:  41 % - 转换为实体 138
----       当前进度:  42 % - 参数化曲线 139
----       当前进度:  42 % - 转换为实体 139
Memory: 1259/2776 1328/3063
----       当前进度:  42 % - 参数化曲线 140
----       当前进度:  42 % - 转换为实体 140
----       当前进度:  42 % - 参数化曲线 141
----       当前进度:  42 % - 转换为实体 141
Memory: 1256/2776 1325/3063
----       当前进度:  42 % - 参数化曲线 142
----       当前进度:  43 % - 参数化曲线 142
----       当前进度:  43 % - 转换为实体 142
----       当前进度:  43 % - 参数化曲线 143
----       当前进度:  43 % - 转换为实体 143
----       当前进度:  43 % - 参数化曲线 144
----       当前进度:  43 % - 转换为实体 144
----       当前进度:  43 % - 参数化曲线 145
----       当前进度:  43 % - 转换为实体 145
----       当前进度:  44 % - 参数化曲线 146
----       当前进度:  44 % - 转换为实体 146
----       当前进度:  44 % - 参数化曲线 147
----       当前进度:  44 % - 转换为实体 147
----       当前进度:  44 % - 参数化曲线 148
----       当前进度:  44 % - 转换为实体 148
----       当前进度:  45 % - 参数化曲线 149
----       当前进度:  45 % - 转换为实体 149
----       当前进度:  45 % - 参数化曲线 150
----       当前进度:  45 % - 转换为实体 150
----       当前进度:  45 % - 参数化曲线 151
----       当前进度:  45 % - 转换为实体 151
----       当前进度:  45 % - 参数化曲线 152
----       当前进度:  46 % - 参数化曲线 152
----       当前进度:  46 % - 转换为实体 152
----       当前进度:  46 % - 参数化曲线 153
----       当前进度:  46 % - 转换为实体 153
----       当前进度:  46 % - 参数化曲线 154
----       当前进度:  46 % - 转换为实体 154
----       当前进度:  46 % - 参数化曲线 155
----       当前进度:  46 % - 转换为实体 155
----       当前进度:  47 % - 参数化曲线 156
----       当前进度:  47 % - 转换为实体 156
----       当前进度:  47 % - 参数化曲线 157
----       当前进度:  47 % - 转换为实体 157
----       当前进度:  47 % - 参数化曲线 158
----       当前进度:  47 % - 转换为实体 158
----       当前进度:  48 % - 参数化曲线 159
----       当前进度:  48 % - 转换为实体 159
----       当前进度:  48 % - 参数化曲线 160
----       当前进度:  48 % - 转换为实体 160
Memory: 1258/2776 1327/3063
----       当前进度:  48 % - 参数化曲线 161
----       当前进度:  48 % - 转换为实体 161
Memory: 1258/2776 1328/3063
----       当前进度:  49 % - 参数化曲线 162
----       当前进度:  49 % - 转换为实体 162
Memory: 1256/2776 1325/3063
----       当前进度:  49 % - 参数化曲线 163
----       当前进度:  49 % - 转换为实体 163
----       当前进度:  49 % - 参数化曲线 164
----       当前进度:  49 % - 转换为实体 164
----       当前进度:  49 % - 参数化曲线 165
----       当前进度:  49 % - 转换为实体 165
-----      当前进度:  50 % - 参数化曲线 166
-----      当前进度:  50 % - 转换为实体 166
-----      当前进度:  50 % - 参数化曲线 167
-----      当前进度:  50 % - 转换为实体 167
-----      当前进度:  50 % - 参数化曲线 168
-----      当前进度:  50 % - 转换为实体 168
-----      当前进度:  51 % - 参数化曲线 169
-----      当前进度:  51 % - 转换为实体 169
-----      当前进度:  51 % - 参数化曲线 170
-----      当前进度:  51 % - 转换为实体 170
-----      当前进度:  51 % - 参数化曲线 171
-----      当前进度:  51 % - 转换为实体 171
-----      当前进度:  52 % - 参数化曲线 172
-----      当前进度:  52 % - 转换为实体 172
-----      当前进度:  52 % - 参数化曲线 173
-----      当前进度:  52 % - 转换为实体 173
-----      当前进度:  52 % - 参数化曲线 174
-----      当前进度:  52 % - 转换为实体 174
-----      当前进度:  52 % - 参数化曲线 175
-----      当前进度:  52 % - 转换为实体 175
-----      当前进度:  53 % - 参数化曲线 176
-----      当前进度:  53 % - 转换为实体 176
-----      当前进度:  53 % - 参数化曲线 177
-----      当前进度:  53 % - 转换为实体 177
-----      当前进度:  53 % - 参数化曲线 178
-----      当前进度:  53 % - 转换为实体 178
-----      当前进度:  54 % - 参数化曲线 179
-----      当前进度:  54 % - 转换为实体 179
-----      当前进度:  54 % - 参数化曲线 180
-----      当前进度:  54 % - 转换为实体 180
Memory: 1256/2776 1326/3063
-----      当前进度:  54 % - 参数化曲线 181
-----      当前进度:  54 % - 转换为实体 181
-----      当前进度:  55 % - 参数化曲线 182
-----      当前进度:  55 % - 转换为实体 182
-----      当前进度:  55 % - 参数化曲线 183
-----      当前进度:  55 % - 转换为实体 183
-----      当前进度:  55 % - 参数化曲线 184
-----      当前进度:  55 % - 转换为实体 184
-----      当前进度:  55 % - 参数化曲线 185
-----      当前进度:  55 % - 转换为实体 185
-----      当前进度:  56 % - 参数化曲线 186
-----      当前进度:  56 % - 转换为实体 186
-----      当前进度:  56 % - 参数化曲线 187
-----      当前进度:  56 % - 转换为实体 187
-----      当前进度:  56 % - 参数化曲线 188
-----      当前进度:  56 % - 转换为实体 188
-----      当前进度:  57 % - 参数化曲线 189
-----      当前进度:  57 % - 转换为实体 189
-----      当前进度:  57 % - 参数化曲线 190
-----      当前进度:  57 % - 转换为实体 190
-----      当前进度:  57 % - 参数化曲线 191
-----      当前进度:  57 % - 转换为实体 191
-----      当前进度:  58 % - 参数化曲线 192
-----      当前进度:  58 % - 转换为实体 192
-----      当前进度:  58 % - 参数化曲线 193
-----      当前进度:  58 % - 转换为实体 193
-----      当前进度:  58 % - 参数化曲线 194
-----      当前进度:  58 % - 转换为实体 194
-----      当前进度:  58 % - 参数化曲线 195
-----      当前进度:  58 % - 转换为实体 195
-----      当前进度:  59 % - 参数化曲线 196
-----      当前进度:  59 % - 转换为实体 196
-----      当前进度:  59 % - 参数化曲线 197
-----      当前进度:  59 % - 转换为实体 197
-----      当前进度:  59 % - 参数化曲线 198
-----      当前进度:  59 % - 转换为实体 198
------     当前进度:  60 % - 参数化曲线 199
------     当前进度:  60 % - 转换为实体 199
------     当前进度:  60 % - 参数化曲线 200
------     当前进度:  60 % - 转换为实体 200
------     当前进度:  60 % - 参数化曲线 201
------     当前进度:  60 % - 转换为实体 201
------     当前进度:  61 % - 参数化曲线 202
------     当前进度:  61 % - 转换为实体 202
------     当前进度:  61 % - 参数化曲线 203
------     当前进度:  61 % - 转换为实体 203
------     当前进度:  61 % - 参数化曲线 204
------     当前进度:  61 % - 转换为实体 204
------     当前进度:  61 % - 参数化曲线 205
------     当前进度:  61 % - 转换为实体 205
------     当前进度:  62 % - 参数化曲线 206
------     当前进度:  62 % - 转换为实体 206
------     当前进度:  62 % - 参数化曲线 207
------     当前进度:  62 % - 转换为实体 207
------     当前进度:  62 % - 参数化曲线 208
------     当前进度:  62 % - 转换为实体 208
------     当前进度:  63 % - 参数化曲线 209
------     当前进度:  63 % - 转换为实体 209
------     当前进度:  63 % - 参数化曲线 210
------     当前进度:  63 % - 转换为实体 210
------     当前进度:  63 % - 参数化曲线 211
------     当前进度:  63 % - 转换为实体 211
------     当前进度:  64 % - 参数化曲线 212
------     当前进度:  64 % - 转换为实体 212
------     当前进度:  64 % - 参数化曲线 213
------     当前进度:  64 % - 转换为实体 213
------     当前进度:  64 % - 参数化曲线 214
------     当前进度:  64 % - 转换为实体 214
------     当前进度:  64 % - 参数化曲线 215
------     当前进度:  65 % - 参数化曲线 215
------     当前进度:  65 % - 转换为实体 215
------     当前进度:  65 % - 参数化曲线 216
------     当前进度:  65 % - 转换为实体 216
------     当前进度:  65 % - 参数化曲线 217
------     当前进度:  65 % - 转换为实体 217
------     当前进度:  65 % - 参数化曲线 218
------     当前进度:  65 % - 转换为实体 218
------     当前进度:  66 % - 参数化曲线 219
------     当前进度:  66 % - 转换为实体 219
------     当前进度:  66 % - 参数化曲线 220
------     当前进度:  66 % - 转换为实体 220
------     当前进度:  66 % - 参数化曲线 221
------     当前进度:  66 % - 转换为实体 221
------     当前进度:  67 % - 参数化曲线 222
------     当前进度:  67 % - 转换为实体 222
------     当前进度:  67 % - 参数化曲线 223
------     当前进度:  67 % - 转换为实体 223
------     当前进度:  67 % - 参数化曲线 224
------     当前进度:  67 % - 转换为实体 224
------     当前进度:  67 % - 参数化曲线 225
------     当前进度:  68 % - 参数化曲线 225
------     当前进度:  68 % - 转换为实体 225
------     当前进度:  68 % - 参数化曲线 226
------     当前进度:  68 % - 转换为实体 226
------     当前进度:  68 % - 参数化曲线 227
------     当前进度:  68 % - 转换为实体 227
------     当前进度:  68 % - 参数化曲线 228
------     当前进度:  68 % - 转换为实体 228
------     当前进度:  69 % - 参数化曲线 229
------     当前进度:  69 % - 转换为实体 229
------     当前进度:  69 % - 参数化曲线 230
------     当前进度:  69 % - 转换为实体 230
------     当前进度:  69 % - 参数化曲线 231
------     当前进度:  69 % - 转换为实体 231
-------    当前进度:  70 % - 参数化曲线 232
-------    当前进度:  70 % - 转换为实体 232
-------    当前进度:  70 % - 参数化曲线 233
-------    当前进度:  70 % - 转换为实体 233
-------    当前进度:  70 % - 参数化曲线 234
-------    当前进度:  70 % - 转换为实体 234
-------    当前进度:  71 % - 参数化曲线 235
-------    当前进度:  71 % - 转换为实体 235
-------    当前进度:  71 % - 参数化曲线 236
-------    当前进度:  71 % - 转换为实体 236
-------    当前进度:  71 % - 参数化曲线 237
-------    当前进度:  71 % - 转换为实体 237
-------    当前进度:  71 % - 参数化曲线 238
-------    当前进度:  71 % - 转换为实体 238
-------    当前进度:  72 % - 参数化曲线 239
-------    当前进度:  72 % - 转换为实体 239
-------    当前进度:  72 % - 参数化曲线 240
-------    当前进度:  72 % - 转换为实体 240
-------    当前进度:  72 % - 参数化曲线 241
-------    当前进度:  72 % - 转换为实体 241
-------    当前进度:  73 % - 参数化曲线 242
-------    当前进度:  73 % - 转换为实体 242
-------    当前进度:  73 % - 参数化曲线 243
-------    当前进度:  73 % - 转换为实体 243
-------    当前进度:  73 % - 参数化曲线 244
-------    当前进度:  73 % - 转换为实体 244
-------    当前进度:  74 % - 参数化曲线 245
-------    当前进度:  74 % - 转换为实体 245
-------    当前进度:  74 % - 参数化曲线 246
-------    当前进度:  74 % - 转换为实体 246
-------    当前进度:  74 % - 参数化曲线 247
-------    当前进度:  74 % - 转换为实体 247
-------    当前进度:  74 % - 参数化曲线 248
-------    当前进度:  74 % - 转换为实体 248
-------    当前进度:  75 % - 参数化曲线 249
-------    当前进度:  75 % - 转换为实体 249
-------    当前进度:  75 % - 参数化曲线 250
-------    当前进度:  75 % - 转换为实体 250
-------    当前进度:  75 % - 参数化曲线 251
-------    当前进度:  75 % - 转换为实体 251
-------    当前进度:  76 % - 参数化曲线 252
-------    当前进度:  76 % - 转换为实体 252
-------    当前进度:  76 % - 参数化曲线 253
-------    当前进度:  76 % - 转换为实体 253
-------    当前进度:  76 % - 参数化曲线 254
-------    当前进度:  76 % - 转换为实体 254
-------    当前进度:  77 % - 参数化曲线 255
-------    当前进度:  77 % - 转换为实体 255
-------    当前进度:  77 % - 参数化曲线 256
-------    当前进度:  77 % - 转换为实体 256
-------    当前进度:  77 % - 参数化曲线 257
-------    当前进度:  77 % - 转换为实体 257
-------    当前进度:  77 % - 参数化曲线 258
-------    当前进度:  77 % - 转换为实体 258
-------    当前进度:  78 % - 参数化曲线 259
-------    当前进度:  78 % - 转换为实体 259
-------    当前进度:  78 % - 参数化曲线 260
-------    当前进度:  78 % - 转换为实体 260
-------    当前进度:  78 % - 参数化曲线 261
-------    当前进度:  78 % - 转换为实体 261
-------    当前进度:  79 % - 参数化曲线 262
-------    当前进度:  79 % - 转换为实体 262
-------    当前进度:  79 % - 参数化曲线 263
-------    当前进度:  79 % - 转换为实体 263
-------    当前进度:  79 % - 参数化曲线 264
-------    当前进度:  79 % - 转换为实体 264
--------   当前进度:  80 % - 参数化曲线 265
--------   当前进度:  80 % - 转换为实体 265
--------   当前进度:  80 % - 参数化曲线 266
--------   当前进度:  80 % - 转换为实体 266
--------   当前进度:  80 % - 参数化曲线 267
--------   当前进度:  80 % - 转换为实体 267
--------   当前进度:  80 % - 参数化曲线 268
--------   当前进度:  80 % - 转换为实体 268
--------   当前进度:  81 % - 参数化曲线 269
--------   当前进度:  81 % - 转换为实体 269
--------   当前进度:  81 % - 参数化曲线 270
--------   当前进度:  81 % - 转换为实体 270
--------   当前进度:  81 % - 参数化曲线 271
--------   当前进度:  81 % - 转换为实体 271
--------   当前进度:  82 % - 参数化曲线 272
--------   当前进度:  82 % - 转换为实体 272
--------   当前进度:  82 % - 参数化曲线 273
--------   当前进度:  82 % - 转换为实体 273
--------   当前进度:  82 % - 参数化曲线 274
--------   当前进度:  82 % - 转换为实体 274
--------   当前进度:  83 % - 参数化曲线 275
--------   当前进度:  83 % - 转换为实体 275
--------   当前进度:  83 % - 参数化曲线 276
--------   当前进度:  83 % - 转换为实体 276
--------   当前进度:  83 % - 参数化曲线 277
--------   当前进度:  83 % - 转换为实体 277
--------   当前进度:  83 % - 参数化曲线 278
--------   当前进度:  83 % - 转换为实体 278
--------   当前进度:  84 % - 参数化曲线 279
--------   当前进度:  84 % - 转换为实体 279
--------   当前进度:  84 % - 参数化曲线 280
--------   当前进度:  84 % - 转换为实体 280
--------   当前进度:  84 % - 参数化曲线 281
--------   当前进度:  84 % - 转换为实体 281
--------   当前进度:  85 % - 参数化曲线 282
--------   当前进度:  85 % - 转换为实体 282
--------   当前进度:  85 % - 参数化曲线 283
--------   当前进度:  85 % - 转换为实体 283
--------   当前进度:  85 % - 参数化曲线 284
--------   当前进度:  85 % - 转换为实体 284
--------   当前进度:  86 % - 参数化曲线 285
--------   当前进度:  86 % - 转换为实体 285
--------   当前进度:  86 % - 参数化曲线 286
--------   当前进度:  86 % - 转换为实体 286
--------   当前进度:  86 % - 参数化曲线 287
--------   当前进度:  86 % - 转换为实体 287
--------   当前进度:  86 % - 参数化曲线 288
--------   当前进度:  86 % - 转换为实体 288
--------   当前进度:  87 % - 参数化曲线 289
--------   当前进度:  87 % - 转换为实体 289
--------   当前进度:  87 % - 参数化曲线 290
--------   当前进度:  87 % - 转换为实体 290
--------   当前进度:  87 % - 参数化曲线 291
--------   当前进度:  87 % - 转换为实体 291
--------   当前进度:  88 % - 参数化曲线 292
--------   当前进度:  88 % - 转换为实体 292
--------   当前进度:  88 % - 参数化曲线 293
--------   当前进度:  88 % - 转换为实体 293
--------   当前进度:  88 % - 参数化曲线 294
--------   当前进度:  88 % - 转换为实体 294
--------   当前进度:  89 % - 参数化曲线 295
--------   当前进度:  89 % - 转换为实体 295
--------   当前进度:  89 % - 参数化曲线 296
--------   当前进度:  89 % - 转换为实体 296
--------   当前进度:  89 % - 参数化曲线 297
--------   当前进度:  89 % - 转换为实体 297
--------   当前进度:  89 % - 参数化曲线 298
---------  当前进度:  90 % - 参数化曲线 298
---------  当前进度:  90 % - 转换为实体 298
---------  当前进度:  90 % - 参数化曲线 299
---------  当前进度:  90 % - 转换为实体 299
---------  当前进度:  90 % - 参数化曲线 300
---------  当前进度:  90 % - 转换为实体 300
---------  当前进度:  90 % - 参数化曲线 301
---------  当前进度:  90 % - 转换为实体 301
---------  当前进度:  91 % - 参数化曲线 302
---------  当前进度:  91 % - 转换为实体 302
---------  当前进度:  91 % - 参数化曲线 303
---------  当前进度:  91 % - 转换为实体 303
---------  当前进度:  91 % - 参数化曲线 304
---------  当前进度:  91 % - 转换为实体 304
---------  当前进度:  92 % - 参数化曲线 305
---------  当前进度:  92 % - 转换为实体 305
---------  当前进度:  92 % - 参数化曲线 306
---------  当前进度:  92 % - 转换为实体 306
---------  当前进度:  92 % - 参数化曲线 307
---------  当前进度:  92 % - 转换为实体 307
---------  当前进度:  92 % - 参数化曲线 308
---------  当前进度:  93 % - 参数化曲线 308
---------  当前进度:  93 % - 转换为实体 308
---------  当前进度:  93 % - 参数化曲线 309
---------  当前进度:  93 % - 转换为实体 309
---------  当前进度:  93 % - 参数化曲线 310
---------  当前进度:  93 % - 转换为实体 310
---------  当前进度:  93 % - 参数化曲线 311
---------  当前进度:  93 % - 转换为实体 311
---------  当前进度:  94 % - 参数化曲线 312
---------  当前进度:  94 % - 转换为实体 312
---------  当前进度:  94 % - 参数化曲线 313
---------  当前进度:  94 % - 转换为实体 313
---------  当前进度:  94 % - 参数化曲线 314
---------  当前进度:  94 % - 转换为实体 314
---------  当前进度:  95 % - 参数化曲线 315
---------  当前进度:  95 % - 转换为实体 315
---------  当前进度:  95 % - 参数化曲线 316
---------  当前进度:  95 % - 转换为实体 316
---------  当前进度:  95 % - 参数化曲线 317
---------  当前进度:  95 % - 转换为实体 317
---------  当前进度:  96 % - 参数化曲线 318
---------  当前进度:  96 % - 转换为实体 318
---------  当前进度:  96 % - 参数化曲线 319
---------  当前进度:  96 % - 转换为实体 319
---------  当前进度:  96 % - 参数化曲线 320
---------  当前进度:  96 % - 转换为实体 320
---------  当前进度:  96 % - 参数化曲线 321
---------  当前进度:  96 % - 转换为实体 321
---------  当前进度:  97 % - 参数化曲线 322
---------  当前进度:  97 % - 转换为实体 322
---------  当前进度:  97 % - 参数化曲线 323
---------  当前进度:  97 % - 转换为实体 323
---------  当前进度:  97 % - 参数化曲线 324
---------  当前进度:  97 % - 转换为实体 324
---------  当前进度:  98 % - 参数化曲线 325
---------  当前进度:  98 % - 转换为实体 325
---------  当前进度:  98 % - 参数化曲线 326
---------  当前进度:  98 % - 转换为实体 326
---------  当前进度:  98 % - 参数化曲线 327
---------  当前进度:  98 % - 转换为实体 327
---------  当前进度:  99 % - 参数化曲线 328
---------  当前进度:  99 % - 转换为实体 328
---------  当前进度:  99 % - 参数化曲线 329
---------  当前进度:  99 % - 转换为实体 329
---------  当前进度:  99 % - 参数化曲线 330
---------  当前进度:  99 % - 转换为实体 330
---------  当前进度:  99 % - 参数化曲线 331
---------  当前进度:  99 % - 转换为实体 331
---------- 当前进度: 100 % - 形成联合体
---------- 当前进度: 100 % - 解析域和空区域
Memory: 1235/2776 1303/3063
---------- 当前进度: 100 % - 正在更新选择
顶点单元数：666
边界单元数：8658
-          当前进度:  10 % - 插入内部点
Memory: 1238/2776 1312/3063
-          当前进度:  11 % - 插入内部点
Memory: 1237/2776 1311/3063
单元数：93712
---------  当前进度:  99 % - 正在定型网格
Memory: 1241/2776 1315/3063
最小单元质量：0.4789
---------- 当前进度: 100 % - 正在定型网格
Memory: 1237/2776 1309/3063
<---- 200 kHz: naturally distributed strand currents/解 1 (sol1) 中的“编译方程: 频域” ---
开始于 2026年9月26日 上午11:02:07。
几何形函数: 二次拉格朗日单元
在 Intel64 Family 6 Model 183 Stepping 1, GenuineIntel 上运行。
在以下位置使用 1 个插槽： MIST 上（共 4 个内核）。
可用内存：16.11 GB。
           当前进度:   1 % - 编译方程: 频域
Memory: 1263/2776 1337/3063
时间：2。
物理内存: 1.26 GB
虚拟内存: 1.34 GB
结束时间：2026年9月26日 上午11:02:08。
----- 200 kHz: naturally distributed strand currents/解 1 (sol1) 中的“编译方程: 频域” -->
<---- 200 kHz: naturally distributed strand currents/解 1 (sol1) 中的“因变量 1” ------
开始于 2026年9月26日 上午11:02:08。
           当前进度:   1 % - 因变量 1
Memory: 1273/2776 1345/3063
求解时间：0 s。
物理内存: 1.27 GB
虚拟内存: 1.35 GB
结束时间：2026年9月26日 上午11:02:08。
----- 200 kHz: naturally distributed strand currents/解 1 (sol1) 中的“因变量 1” ----->
<---- 200 kHz: naturally distributed strand currents/解 1 (sol1) 中的“稳态求解器 1” ----
开始于 2026年9月26日 上午11:02:08。
           当前进度:   2 % - 稳态求解器 1
Memory: 1339/2776 1413/3063
线性求解器
求解的自由度数：656065。
-          当前进度:  15 % - 组装稀疏模式
Memory: 1393/2776 1467/3063
-          当前进度:  16 % - 组装稀疏模式
Memory: 1479/2776 1553/3063
--         当前进度:  24 % - 组装矩阵
Memory: 1708/2776 1782/3063
---        当前进度:  31 % - 组装矩阵
Memory: 1913/2776 1988/3063
找到对称矩阵。
缩放因变量：
磁矢势 (comp1.A): 0.0001
已使用正交零空间函数。
---        当前进度:  31 % - 约束处理
Memory: 1568/2776 1665/3063
---        当前进度:  31 % - 矩阵分解
Memory: 1657/2776 1795/3063
----       当前进度:  41 % - 矩阵分解
Memory: 1710/2776 2357/3063
------     当前进度:  60 % - 矩阵分解
Memory: 1828/2776 2357/3063
-------    当前进度:  77 % - 矩阵分解
Memory: 1925/2776 2358/3063
--------   当前进度:  85 % - 矩阵分解
Memory: 2033/2776 2358/3063
Iter      SolEst     Damping    Stepsize #Res #Jac #Sol   LinErr   LinRes
---------- 当前进度: 100 % - 求解线性方程组
Memory: 2107/2776 2353/3063
   1       0.042   1.0000000       0.042    1    1    1    1e-14  3.1e-13
求解时间：7 s。
物理内存: 2.14 GB
虚拟内存: 2.39 GB
结束时间：2026年9月26日 上午11:02:15。
----- 200 kHz: naturally distributed strand currents/解 1 (sol1) 中的“稳态求解器 1” --->
<---- 200 kHz: naturally distributed strand currents/解 1 (sol1) 中的“编译方程: 频域” ---
开始于 2026年9月26日 上午11:02:15。
几何形函数: 二次拉格朗日单元
在 Intel64 Family 6 Model 183 Stepping 1, GenuineIntel 上运行。
在以下位置使用 1 个插槽： MIST 上（共 4 个内核）。
可用内存：16.11 GB。
           当前进度:   1 % - 编译方程: 频域
Memory: 1263/2776 1379/3063
时间：1。
物理内存: 1.26 GB
虚拟内存: 1.38 GB
结束时间：2026年9月26日 上午11:02:16。
----- 200 kHz: naturally distributed strand currents/解 1 (sol1) 中的“编译方程: 频域” -->
<---- 200 kHz: naturally distributed strand currents/解 1 (sol1) 中的“因变量 1” ------
开始于 2026年9月26日 上午11:02:16。
           当前进度:   1 % - 因变量 1
Memory: 1292/2776 1409/3063
求解时间：0 s。
物理内存: 1.29 GB
虚拟内存: 1.41 GB
结束时间：2026年9月26日 上午11:02:16。
----- 200 kHz: naturally distributed strand currents/解 1 (sol1) 中的“因变量 1” ----->
<---- 200 kHz: naturally distributed strand currents/解 1 (sol1) 中的“稳态求解器 1” ----
开始于 2026年9月26日 上午11:02:16。
           当前进度:   2 % - 稳态求解器 1
Memory: 1343/2776 1460/3063
线性求解器
求解的自由度数：656065。
-          当前进度:  15 % - 组装稀疏模式
Memory: 1465/2776 1594/3063
--         当前进度:  21 % - 组装矩阵
Memory: 1594/2776 1935/3063
---        当前进度:  31 % - 组装矩阵
Memory: 1686/2776 1802/3063
找到对称矩阵。
缩放因变量：
磁矢势 (comp1.A): 0.0001
---        当前进度:  31 % - 
Memory: 1640/2776 1756/3063
已使用正交零空间函数。
---        当前进度:  31 % - 矩阵分解
Memory: 1623/2776 1806/3063
---        当前进度:  35 % - 矩阵分解
Memory: 1745/2776 2422/3063
-----      当前进度:  56 % - 矩阵分解
Memory: 1867/2776 2422/3063
-------    当前进度:  71 % - 矩阵分解
Memory: 1958/2776 2422/3063
--------   当前进度:  83 % - 矩阵分解
Memory: 2075/2776 2422/3063
---------  当前进度:  90 % - 矩阵分解
Memory: 2179/2776 2422/3063
Iter      SolEst     Damping    Stepsize #Res #Jac #Sol   LinErr   LinRes
---------- 当前进度: 100 % - 求解线性方程组
Memory: 2173/2776 2417/3063
   1        0.53   1.0000000        0.53    1    1    1  7.2e-15    3e-13
求解时间：7 s。
物理内存: 2.21 GB
虚拟内存: 2.45 GB
结束时间：2026年9月26日 上午11:02:23。
----- 200 kHz: naturally distributed strand currents/解 1 (sol1) 中的“稳态求解器 1” --->
类运行时: 213 s.
总时间: 213 s.
---------- 当前进度: 100 % - 完成
Memory: 1308/2776 1422/3063
