r_m,z_m,J_rms_A_m2,Jz_real_rms_A_m2,Jz_imag_rms_A_m2,loss_W_m3,Jr_rms_A_m2
0.00000000000000,0.500000000000000,279468.696218890,220126.765658455,172182.923680120,1346.59917528079,0.00000000000000
5.00000000000000e-07,0.500000000000000,279468.675470880,220108.267329778,172206.536526726,1346.59897533531,7.52402129776725e-14
1.00000000000000e-06,0.500000000000000,279468.657942387,220089.769001102,172230.149373333,1346.59880641585,1.50715571570588e-13
1.50000000000000e-06,0.500000000000000,279468.643633413,220071.270672426,172253.762219939,1346.59866852241,2.25211446304201e-13
2.00000000000000e-06,0.500000000000000,279468.632543958,220052.772343750,172277.375066546,1346.59856165499,3.01362358457073e-13
2.50000000000000e-06,0.500000000000000,279468.624674021,220034.274015074,172300.987913152,1346.59848581360,3.75808691973765e-13
3.00000000000000e-06,0.500000000000000,279468.620023604,220015.775686398,172324.600759759,1346.59844099823,4.50919186264344e-13
3.50000000000000e-06,0.500000000000000,279468.618592706,219997.277357722,172348.213606365,1346.59842720889,5.25574867427487e-13
4.00000000000000e-06,0.500000000000000,279468.620381328,219978.779029045,172371.826452972,1346.59844444557,6.00189055998979e-13
4.50000000000000e-06,0.500000000000000,279468.625389470,219960.280700369,172395.439299579,1346.59849270827,6.74881739229399e-13
5.00000000000000e-06,0.500000000000000,279468.633617131,219941.782371693,172419.052146185,1346.59857199700,7.49028450518837e-13
5.50000000000000e-06,0.500000000000000,279468.645064311,219923.284043017,172442.664992792,1346.59868231175,8.24391096301489e-13
6.00000000000000e-06,0.500000000000000,279468.659731009,219904.785714341,172466.277839398,1346.59882365253,8.97273992536851e-13
6.50000000000000e-06,0.500000000000000,279468.677617226,219886.287385665,172489.890686005,1346.59899601933,9.73210586005451e-13
7.00000000000000e-06,0.500000000000000,279468.698722960,219867.789056988,172513.503532611,1346.59919941215,1.04957161307293e-12
7.50000000000000e-06,0.500000000000000,279468.723048211,219849.290728312,172537.116379218,1346.59943383100,1.12144968088526e-12
8.00000000000000e-06,0.500000000000000,279468.945150833,219833.571774091,172557.503530750,1346.60157420206,1.19567491752520e-12
8.50000000000000e-06,0.500000000000000,279468.936676510,219791.606280377,172610.939328278,1346.60149253619,1.27063112941521e-12
9.00000000000000e-06,0.500000000000000,279468.941610921,219748.425421800,172665.916873504,1346.60154008842,1.34187794907772e-12
9.50000000000000e-06,0.500000000000000,279468.961837738,219704.221098076,172722.192732581,1346.60173501143,1.41645468244858e-12
1.00000000000000e-05,0.500000000000000,279468.998890545,219659.146828975,172779.572158431,1346.60209208420,1.49060465242995e-12
1.05000000000000e-05,0.500000000000000,279469.054030154,219613.326892410,172837.897498658,1346.60262345705,1.56657465878770e-12
1.10000000000000e-05,0.500000000000000,279469.128302393,219566.862970306,172897.039764937,1346.60333920862,1.63563766769209e-12
1.15000000000000e-05,0.500000000000000,279469.222581884,219519.839060779,172956.892401698,1346.60424776764,1.71091158168260e-12
1.20000000000000e-05,0.500000000000000,279469.337605570,219472.325162255,173017.366612630,1346.60535623614,1.78902549110123e-12
1.25000000000000e-05,0.500000000000000,279469.473998694,219424.380073415,173078.387808831,1346.60667063977,1.86120081924071e-12
1.30000000000000e-05,0.500000000000000,279469.632295133,219376.053546986,173139.892876618,1346.60819612374,1.93564009707201e-12
1.35000000000000e-05,0.500000000000000,279469.812953452,219327.387964925,173201.828052481,1346.60993710755,2.01333856546638e-12
1.40000000000000e-05,0.500000000000000,279470.016369697,219278.419654618,173264.147253411,1346.61189740825,2.08411158444915e-12
1.45000000000000e-05,0.500000000000000,279470.242887673,219229.179932783,173326.810752678,1346.61408033957,2.15843300576584e-12
1.50000000000000e-05,0.500000000000000,279470.492807266,219179.695940571,173389.784120447,1346.61648879200,2.23345642865844e-12
1.55000000000000e-05,0.500000000000000,279470.766391222,219129.991317051,173453.037369445,1346.61912529822,2.30895855970304e-12
1.60000000000000e-05,0.500000000000000,279471.359609503,219069.222349222,173530.736935251,1346.62484210318,2.37397394115306e-12
1.65000000000000e-05,0.500000000000000,279471.554944875,218995.264693933,173624.376355799,1346.62672453976,2.45129261465189e-12
1.70000000000000e-05,0.500000000000000,279471.798150773,218920.499001016,173719.029121085,1346.62906830390,2.52017024941993e-12
1.75000000000000e-05,0.500000000000000,279472.091120130,218844.994530840,173814.608372987,1346.63189163893,2.59314278744885e-12
1.80000000000000e-05,0.500000000000000,279472.435549778,218768.812848175,173911.036904289,1346.63521089870,2.66478810502350e-12
1.85000000000000e-05,0.500000000000000,279472.832965064,218692.008862143,174008.245854497,1346.63904078480,2.74149263649637e-12
1.90000000000000e-05,0.500000000000000,279473.284740871,218614.631701956,174106.173611593,1346.64339454918,2.80656399576056e-12
1.95000000000000e-05,0.500000000000000,279473.792119633,218536.725457935,174204.764882740,1346.64828416772,2.87735560136394e-12
2.00000000000000e-05,0.500000000000000,279474.356226829,218458.329811367,174303.969904384,1346.65372048966,2.95145275645056e-12
2.05000000000000e-05,0.500000000000000,279474.978084369,218379.480572194,174403.743767952,1346.65971336653,3.02564423534046e-12
2.10000000000000e-05,0.500000000000000,279475.658622184,218300.210139888,174504.045841877,1346.66627176385,3.10381178076188e-12
2.15000000000000e-05,0.500000000000000,279476.398688296,218220.547900017,174604.839274275,1346.67340385826,3.17434053921477e-12
2.20000000000000e-05,0.500000000000000,279477.199057603,218140.520566732,174706.090563431,1346.68111712212,3.24684515325426e-12
2.25000000000000e-05,0.500000000000000,279478.060439558,218060.152479596,174807.769185562,1346.68941839754,3.32126247488795e-12
2.30000000000000e-05,0.500000000000000,279478.983484900,217979.465861684,174909.847271125,1346.69831396126,3.38985485313177e-12
2.35000000000000e-05,0.500000000000000,279480.531455159,217900.139352472,175011.133167668,1346.71323211135,3.47312379985603e-12
2.40000000000000e-05,0.500000000000000,279481.272230380,217795.009379439,175143.128374830,1346.72037116400,3.53909609506365e-12
2.45000000000000e-05,0.500000000000000,279482.110618119,217689.142899005,175276.031503041,1346.72845095790,3.61501784109634e-12
2.50000000000000e-05,0.500000000000000,279483.048962843,217582.584101613,175409.788077039,1346.73749409598,3.69294078960146e-12
2.55000000000000e-05,0.500000000000000,279484.089437409,217475.373711789,175544.347894130,1346.74752152858,3.75710889859092e-12
2.60000000000000e-05,0.500000000000000,279485.234058366,217367.549321407,175679.664613367,1346.75855270102,3.82887560688427e-12
2.65000000000000e-05,0.500000000000000,279486.484699656,217259.145685213,175815.695391232,1346.77060568571,3.90945362419093e-12
2.70000000000000e-05,0.500000000000000,279487.843104917,217150.194983532,175952.400557801,1346.78369730067,3.98745244117453e-12
2.75000000000000e-05,0.500000000000000,279489.310898521,217040.727056297,176089.743328236,1346.79784321604,4.05322725758053e-12
2.80000000000000e-05,0.500000000000000,279490.889595527,216930.769612022,176227.689545186,1346.81305804998,4.12623861902017e-12
2.85000000000000e-05,0.500000000000000,279492.580610647,216820.348414761,176366.207448310,1346.82935545515,4.19779311354171e-12
2.90000000000000e-05,0.500000000000000,279494.385266350,216709.487451738,176505.267467632,1346.84674819681,4.27129582342941e-12
2.95000000000000e-05,0.500000000000000,279496.304800198,216598.209083923,176644.842037922,1346.86524822353,4.34330603599347e-12
3.00000000000000e-05,0.500000000000000,279498.340371482,216486.534181556,176784.905431631,1346.88486673125,4.42011215368955e-12
3.05000000000000e-05,0.500000000000000,279500.493067261,216374.482246336,176925.433608264,1346.90561422142,4.49205576247482e-12
3.10000000000000e-05,0.500000000000000,279502.763907843,216262.071521788,177066.404078325,1346.92750055386,4.56875128692846e-12
3.15000000000000e-05,0.500000000000000,279505.675931932,216140.960542147,177218.814052245,1346.95556686493,4.63691766998713e-12
3.20000000000000e-05,0.500000000000000,279507.658181483,216003.393639294,177389.585146380,1346.97467210511,4.70800063660826e-12
3.25000000000000e-05,0.500000000000000,279509.807856871,215865.154047437,177561.166802488,1346.99539117560,4.77176831723623e-12
3.30000000000000e-05,0.500000000000000,279512.127616215,215726.272343348,177733.522176844,1347.01774973350,4.83806137922688e-12
3.35000000000000e-05,0.500000000000000,279514.619968850,215586.777278321,177906.616625347,1347.04177200570,4.92263088811682e-12
3.40000000000000e-05,0.500000000000000,279517.287285465,215446.695912397,178080.417541784,1347.06748088664,4.99332677264061e-12
3.45000000000000e-05,0.500000000000000,279520.131807426,215306.053736920,178254.894210159,1347.09489802829,5.05223435491564e-12
3.50000000000000e-05,0.500000000000000,279523.155655354,215164.874786585,178430.017669675,1347.12404392288,5.13077606935887e-12
3.55000000000000e-05,0.500000000000000,279526.360837035,215023.181742020,178605.760591127,1347.15493797925,5.20789107412811e-12
3.60000000000000e-05,0.500000000000000,279529.749254714,214880.996023817,178782.097163602,1347.18759859316,5.28774860832927e-12
3.65000000000000e-05,0.500000000000000,279533.322711826,214738.337878838,178959.002990483,1347.22204321231,5.37376911700852e-12
3.70000000000000e-05,0.500000000000000,279537.082919227,214595.226459521,179136.454993889,1347.25828839639,5.43809970944653e-12
3.75000000000000e-05,0.500000000000000,279541.031500949,214451.679896839,179314.431326757,1347.29634987266,5.53315766326881e-12
3.80000000000000e-05,0.500000000000000,279545.169999539,214307.715367503,179492.911291874,1347.33624258744,5.60421101685016e-12
3.85000000000000e-05,0.500000000000000,279549.499881000,214163.349155929,179671.875267202,1347.37798075375,5.67910824462856e-12
3.90000000000000e-05,0.500000000000000,279554.022539383,214018.596711433,179851.304636965,1347.42157789569,5.78010247508040e-12
3.95000000000000e-05,0.500000000000000,279558.987197135,213854.993960328,180053.516713548,1347.46943659806,5.83876099021303e-12
4.00000000000000e-05,0.500000000000000,279563.090279461,213684.330133810,180262.387929005,1347.50899045865,5.89540723288082e-12
4.05000000000000e-05,0.500000000000000,279567.448649789,213513.025247568,180472.010002061,1347.55100594056,5.98850520513761e-12
4.10000000000000e-05,0.500000000000000,279572.065307201,213341.102755007,180682.355462317,1347.59551207127,6.05667015348087e-12
4.15000000000000e-05,0.500000000000000,279576.943114237,213168.584979248,180893.398163246,1347.64253657072,6.12803585183385e-12
4.20000000000000e-05,0.500000000000000,279582.084804408,212995.493180405,181105.113203397,1347.69210592378,6.19760601627210e-12
4.25000000000000e-05,0.500000000000000,279587.492989190,212821.847618115,181317.476853149,1347.74424544794,6.27914869632746e-12
4.30000000000000e-05,0.500000000000000,279593.170164593,212647.667609709,181530.466486586,1347.79897935667,6.35418896210071e-12
4.35000000000000e-05,0.500000000000000,279599.118717287,212472.971584362,181744.060518065,1347.85633081868,6.44224974037287e-12
4.40000000000000e-05,0.500000000000000,279605.340930352,212297.777133562,181958.238343106,1347.91632201342,6.52218678184392e-12
4.45000000000000e-05,0.500000000000000,279611.838988662,212122.101058166,182172.980283275,1347.97897418313,6.59171596612768e-12
4.50000000000000e-05,0.500000000000000,279618.614983934,211945.959412328,182388.267534734,1348.04430768161,6.67552265012733e-12
4.55000000000000e-05,0.500000000000000,279625.670919470,211769.367544523,182604.082120187,1348.11234202006,6.76766615443603e-12
4.60000000000000e-05,0.500000000000000,279633.008714600,211592.340135903,182820.406843962,1348.18309590999,6.85521858483200e-12
4.65000000000000e-05,0.500000000000000,279640.630208872,211414.891236171,183037.225249982,1348.25658730370,6.92808772680842e-12
4.70000000000000e-05,0.500000000000000,279649.423838489,211233.712865677,183259.703159695,1348.34138367584,7.02700803061703e-12
4.75000000000000e-05,0.500000000000000,279656.397801024,211029.742111031,183505.173702532,1348.40863501801,7.09146393653586e-12
4.80000000000000e-05,0.500000000000000,279663.729434924,210825.125942928,183751.375049546,1348.47933726639,7.19712663129756e-12
4.85000000000000e-05,0.500000000000000,279671.422221285,210619.884322608,183998.284598546,1348.55352426339,7.28333155486118e-12
4.90000000000000e-05,0.500000000000000,279679.479505587,210414.036396569,184245.880669879,1348.63122856062,7.36910263548761e-12
4.95000000000000e-05,0.500000000000000,279687.904503954,210207.600537710,184494.142459839,1348.71248147953,7.45413865935748e-12
5.00000000000000e-05,0.500000000000000,279696.700309075,210000.594384016,184743.049996866,1348.79731316870,7.53908403192021e-12
5.05000000000000e-05,0.500000000000000,279705.869895796,209793.034874938,184992.584100355,1348.88575265800,7.62146484848740e-12
5.10000000000000e-05,0.500000000000000,279715.416126401,209584.938285634,185242.726341880,1348.97782790975,7.72058848660646e-12
5.15000000000000e-05,0.500000000000000,279725.341755617,209376.320259218,185493.459008683,1349.07356586718,7.80683772186950e-12
5.20000000000000e-05,0.500000000000000,279735.649435339,209167.195837144,185744.765069265,1349.17299250019,7.90127418419432e-12
5.25000000000000e-05,0.500000000000000,279746.341719114,208957.579487860,185996.628140948,1349.27613284875,7.98474483908877e-12
5.30000000000000e-05,0.500000000000000,279757.421066382,208747.485133835,186249.032459265,1349.38301106402,8.08551213323265e-12
5.35000000000000e-05,0.500000000000000,279768.889846494,208536.926177069,186501.962849078,1349.49365044723,8.15578412153658e-12
5.40000000000000e-05,0.500000000000000,279780.750342525,208325.915523196,186755.404697290,1349.60807348666,8.25645232027673e-12
5.45000000000000e-05,0.500000000000000,279793.004754893,208114.465604245,187009.343927064,1349.72630189261,8.36629637235032e-12
5.50000000000000e-05,0.500000000000000,279805.995105847,207888.985618626,187279.375681446,1349.85163615816,8.44327680598003e-12
5.55000000000000e-05,0.500000000000000,279817.408610275,207650.027522634,187561.318589998,1349.96176140292,8.56898190768458e-12
5.60000000000000e-05,0.500000000000000,279829.303174299,207410.433200023,187843.954160874,1350.07653301747,8.66986187074292e-12
5.65000000000000e-05,0.500000000000000,279841.682611647,207170.219541766,188127.264004807,1350.19598839513,8.77403038921717e-12
5.70000000000000e-05,0.500000000000000,279854.550605734,206929.402846170,188411.230377769,1350.32016370237,8.86902082864747e-12
5.75000000000000e-05,0.500000000000000,279867.910714772,206687.998844643,188695.836152917,1350.44909392847,8.97477256214643e-12
5.80000000000000e-05,0.500000000000000,279881.766376639,206446.022726132,188981.064793987,1350.58281293289,9.09375703341712e-12
5.85000000000000e-05,0.500000000000000,279896.120913511,206203.489160302,189266.900330058,1350.72135349019,9.20562378222992e-12
5.90000000000000e-05,0.500000000000000,279910.977536279,205960.412319544,189553.327331595,1350.86474733303,9.29112903586502e-12
5.95000000000000e-05,0.500000000000000,279926.339348758,205716.805899865,189840.330887705,1351.01302519304,9.38405372736972e-12
6.00000000000000e-05,0.500000000000000,279942.209351696,205472.683140737,190127.896584524,1351.16621683981,9.49165183730897e-12
6.05000000000000e-05,0.500000000000000,279958.590446606,205228.056843964,190416.010484678,1351.32435111811,9.58845188288959e-12
6.10000000000000e-05,0.500000000000000,279975.485439413,204982.939391620,190704.659107758,1351.48745598336,9.67883393129831e-12
6.15000000000000e-05,0.500000000000000,279992.897043943,204737.342763110,190993.829411741,1351.65555853552,9.78702399925479e-12
6.20000000000000e-05,0.500000000000000,280010.827885251,204491.278551404,191283.508775315,1351.82868505145,9.87247450082993e-12
6.25000000000000e-05,0.500000000000000,280030.882325026,204247.645055037,191572.948364857,1352.02232854711,9.96985652644427e-12
6.30000000000000e-05,0.500000000000000,280047.658005035,203973.171902447,191889.645104054,1352.18432334664,1.00363491851322e-11
6.35000000000000e-05,0.500000000000000,280065.051487934,203698.049215859,192207.018109623,1352.35229422309,1.01149777795796e-11
6.40000000000000e-05,0.500000000000000,280083.067033251,203422.292218723,192525.051531568,1352.52628342677,1.01951242950223e-11
6.45000000000000e-05,0.500000000000000,280101.708768499,203145.915662449,192843.730011370,1352.70633198333,1.02564827257584e-11
6.50000000000000e-05,0.500000000000000,280120.980693665,202868.933844555,193163.038663079,1352.89247973760,1.03468474137372e-11
6.55000000000000e-05,0.500000000000000,280140.886685505,202591.360625994,193482.963055276,1353.08476539553,1.04250661964027e-11
6.60000000000000e-05,0.500000000000000,280161.430501665,202313.209447690,193803.489193860,1353.28322656447,1.04807704536665e-11
6.65000000000000e-05,0.500000000000000,280182.615784627,202034.493346329,194124.603505604,1353.48789979165,1.05663887501331e-11
6.70000000000000e-05,0.500000000000000,280204.446065484,201755.224969442,194446.292822452,1353.69882060112,1.06244034961466e-11
6.75000000000000e-05,0.500000000000000,280226.924767574,201475.416589820,194768.544366513,1353.91602352917,1.06880237260401e-11
6.80000000000000e-05,0.500000000000000,280250.055209947,201195.080119285,195091.345735716,1354.13954215824,1.07512331761102e-11
6.85000000000000e-05,0.500000000000000,280273.840610705,200914.227121875,195414.684890094,1354.36940914957,1.08296917904591e-11
6.90000000000000e-05,0.500000000000000,280298.284090203,200632.868826433,195738.550138666,1354.60565627435,1.08864321290269e-11
6.95000000000000e-05,0.500000000000000,280323.388674110,200351.016138672,196062.930126880,1354.84831444373,1.09483695626967e-11
7.00000000000000e-05,0.500000000000000,280349.157296373,200068.679652714,196387.813824601,1355.09741373770,1.09977016421379e-11
7.05000000000000e-05,0.500000000000000,280376.337654729,199778.036443682,196722.207367102,1355.36018477032,1.10583897930531e-11
7.10000000000000e-05,0.500000000000000,280400.695142866,199466.070319873,197073.175819923,1355.59568683798,1.11238172770792e-11
7.15000000000000e-05,0.500000000000000,280425.828381262,199153.453034442,197424.789142031,1355.83871074684,1.11935842198972e-11
7.20000000000000e-05,0.500000000000000,280451.741908254,198840.198153257,197777.033898649,1356.08930240300,1.12577264624491e-11
7.25000000000000e-05,0.500000000000000,280478.440131574,198526.318867953,198129.897025615,1356.34750652829,1.13157591557927e-11
7.30000000000000e-05,0.500000000000000,280505.927332192,198211.828008751,198483.365816690,1356.61336669815,1.14162990161327e-11
7.35000000000000e-05,0.500000000000000,280534.207668008,197896.738056753,198837.427911381,1356.88692537788,1.14658045240951e-11
7.40000000000000e-05,0.500000000000000,280563.285177412,197581.061155732,199192.071283264,1357.16822395762,1.15345625838808e-11
7.45000000000000e-05,0.500000000000000,280593.163782707,197264.809123451,199547.284228770,1357.45730278602,1.16124577298879e-11
7.50000000000000e-05,0.500000000000000,280623.847293410,196947.993462537,199903.055356428,1357.75420120267,1.17250266245131e-11
7.55000000000000e-05,0.500000000000000,280655.339409422,196630.625370910,200259.373576526,1358.05895756928,1.18203810857751e-11
7.60000000000000e-05,0.500000000000000,280687.643724096,196312.715751808,200616.228091187,1358.37160929974,1.18899185453367e-11
7.65000000000000e-05,0.500000000000000,280720.763727180,195994.275223415,200973.608384831,1358.69219288916,1.19694517097960e-11
7.70000000000000e-05,0.500000000000000,280754.702807660,195675.314128122,201331.504215010,1359.02074394168,1.20239086959139e-11
7.75000000000000e-05,0.500000000000000,280789.464256503,195355.842541415,201689.905603597,1359.35729719749,1.21337996073467e-11
7.80000000000000e-05,0.500000000000000,280825.051269299,195035.870280439,202048.802828317,1359.70188655869,1.22543595902152e-11
7.85000000000000e-05,0.500000000000000,280860.878794273,194695.932043244,202426.103264632,1360.04884891536,1.23141871837657e-11
7.90000000000000e-05,0.500000000000000,280894.773715810,194345.002499033,202809.994587316,1360.37713622166,1.24049232390246e-11
7.95000000000000e-05,0.500000000000000,280929.619035853,193993.415775110,203194.501617378,1360.71466985568,1.24901111631862e-11
8.00000000000000e-05,0.500000000000000,280965.419523278,193641.184193593,203579.612810307,1361.06149944641,1.25813082010420e-11
8.05000000000000e-05,0.500000000000000,281002.179815809,193288.319770464,203965.316908408,1361.41767346960,1.26391330864597e-11
8.10000000000000e-05,0.500000000000000,281039.904423362,192934.834225011,204351.602931957,1361.78323928091,1.27569885462496e-11
8.15000000000000e-05,0.500000000000000,281078.597731275,192580.738988933,204738.460170669,1362.15824314793,1.28255298058119e-11
8.20000000000000e-05,0.500000000000000,281118.264003435,192226.045215108,205125.878175486,1362.54273028112,1.29362144249911e-11
8.25000000000000e-05,0.500000000000000,281158.907385294,191870.763786040,205513.846750661,1362.93674486366,1.30192591135387e-11
8.30000000000000e-05,0.500000000000000,281200.531906790,191514.905322004,205902.355946127,1363.34033008038,1.31144964964053e-11
8.35000000000000e-05,0.500000000000000,281243.141485168,191158.480188898,206291.396050142,1363.75352814562,1.31933643530450e-11
8.40000000000000e-05,0.500000000000000,281286.739927708,190801.498505814,206680.957582198,1364.17638033031,1.33082382965829e-11
8.45000000000000e-05,0.500000000000000,281331.330934368,190443.970152335,207071.031286173,1364.60892698798,1.34026002283685e-11
8.50000000000000e-05,0.500000000000000,281376.918100335,190085.904775588,207461.608123741,1365.05120758005,1.34986308802493e-11
8.55000000000000e-05,0.500000000000000,281423.504918499,189727.311797031,207852.679267997,1365.50326070021,1.35940047562699e-11
8.60000000000000e-05,0.500000000000000,281472.768669189,189367.236151377,208247.375432890,1365.98137072929,1.36957056461227e-11
8.65000000000000e-05,0.500000000000000,281517.224521710,188976.412857915,208662.078696063,1366.41289142081,1.37738898325469e-11
8.70000000000000e-05,0.500000000000000,281562.816285216,188584.911259093,209077.379837854,1366.85550887004,1.38876182375500e-11
8.75000000000000e-05,0.500000000000000,281609.549028285,188192.742983005,209493.268608914,1367.30927765369,1.39813039333526e-11
8.80000000000000e-05,0.500000000000000,281657.427682913,187799.919393467,209909.734992837,1367.77425118889,1.40780582499032e-11
8.85000000000000e-05,0.500000000000000,281706.457047564,187406.451597486,210326.769199573,1368.25048176364,1.41873976176524e-11
8.90000000000000e-05,0.500000000000000,281756.641790127,187012.350452475,210744.361659074,1368.73802056638,1.42559850207955e-11
8.95000000000000e-05,0.500000000000000,281807.986450784,186617.626573221,211162.503015150,1369.23691771457,1.44163564425941e-11
9.00000000000000e-05,0.500000000000000,281860.495444793,186222.290338630,211581.184119523,1369.74722228249,1.44820114929446e-11
9.05000000000000e-05,0.500000000000000,281914.173065183,185826.351898236,212000.396026091,1370.26898232804,1.46126625359122e-11
9.10000000000000e-05,0.500000000000000,281969.023485371,185429.821178510,212420.129985365,1370.80224491885,1.46698049274507e-11
9.15000000000000e-05,0.500000000000000,282025.050761696,185032.707888947,212840.377439105,1371.34705615754,1.48018342151685e-11
9.20000000000000e-05,0.500000000000000,282082.258835893,184635.021527971,213261.130015118,1371.90346120620,1.48973753038610e-11
9.25000000000000e-05,0.500000000000000,282140.651537473,184236.771388630,213682.379522233,1372.47150431017,1.50105680375183e-11
9.30000000000000e-05,0.500000000000000,282200.232586055,183837.966564123,214104.117945432,1373.05122882109,1.51047289414634e-11
9.35000000000000e-05,0.500000000000000,282261.005593609,183438.615953145,214526.337441140,1373.64267721923,1.51843448124823e-11
9.40000000000000e-05,0.500000000000000,282322.886925893,183025.406923849,214960.258891103,1374.24504279604,1.53019337219431e-11
9.45000000000000e-05,0.500000000000000,282381.184854176,182592.284426173,215404.714961581,1374.81264758014,1.54196240412912e-11
9.50000000000000e-05,0.500000000000000,282440.824111992,182158.472054013,215849.739828448,1375.39343319071,1.55234714603409e-11
9.55000000000000e-05,0.500000000000000,282501.809846075,181723.980643098,216295.324557732,1375.98745803979,1.56594382404281e-11
9.60000000000000e-05,0.500000000000000,282564.147062751,181288.820803407,216741.460401581,1376.59477940172,1.58035087722327e-11
9.65000000000000e-05,0.500000000000000,282627.840630680,180853.002925026,217188.138793447,1377.21545344071,1.58740930872213e-11
9.70000000000000e-05,0.500000000000000,282692.895283500,180416.537183810,217635.351343413,1377.84953523738,1.60130857208146e-11
9.75000000000000e-05,0.500000000000000,282759.315622408,179979.433546879,218083.089833662,1378.49707881470,1.61548869006093e-11
9.80000000000000e-05,0.500000000000000,282827.106118670,179541.701777944,218531.346214088,1379.15813716313,1.62476149892869e-11
9.85000000000000e-05,0.500000000000000,282896.271116063,179103.351442467,218980.112598038,1379.83276226505,1.63918944368289e-11
9.90000000000000e-05,0.500000000000000,282966.814833247,178664.391912666,219429.381258185,1380.52100511850,1.65198179600667e-11
9.95000000000000e-05,0.500000000000000,283038.741366084,178224.832372379,219879.144622528,1381.22291576030,1.66604488080637e-11
0.000100000000000000,0.500000000000000,283112.054689888,177784.681821760,220329.395270503,1381.93854328845,1.67710845548548e-11
0.000100500000000000,0.500000000000000,283186.758661615,177343.949081860,220780.125929220,1382.66793588399,1.69096071837797e-11
0.000101000000000000,0.500000000000000,283262.857022005,176902.642799056,221231.329469807,1383.41114083222,1.70772091520029e-11
0.000101500000000000,0.500000000000000,283340.353397656,176460.771449349,221682.998903861,1384.16820454325,1.72272496667762e-11
0.000102000000000000,0.500000000000000,283416.781071353,175991.481297305,222153.258593313,1384.91503091116,1.73408013374867e-11
0.000102500000000000,0.500000000000000,283491.433033772,175514.201898429,222625.599461291,1385.64470006106,1.74458050410534e-11
0.000103000000000000,0.500000000000000,283567.645474941,175036.218473554,223098.480009794,1386.38982000348,1.75863620022733e-11
0.000103500000000000,0.500000000000000,283645.423509589,174557.541225956,223571.892417367,1387.15045306783,1.77095105827060e-11
0.000104000000000000,0.500000000000000,283724.772106460,174078.180162695,224045.829012965,1387.92666046314,1.78735566613762e-11
0.000104500000000000,0.500000000000000,283805.696090791,173598.145099304,224520.282272358,1388.71850230308,1.80008986660110e-11
0.000105000000000000,0.500000000000000,283888.200146730,173117.445664359,224995.244814635,1389.52603763017,1.81265168977526e-11
0.000105500000000000,0.500000000000000,283972.288819683,172636.091303899,225470.709398807,1390.34932443948,1.82481967755420e-11
0.000106000000000000,0.500000000000000,284057.966518618,172154.091285739,225946.668920507,1391.18841970159,1.84074613961457e-11
0.000106500000000000,0.500000000000000,284145.237518304,171671.454703649,226423.116408785,1392.04337938506,1.85605195995347e-11
0.000107000000000000,0.500000000000000,284234.105961508,171188.190481423,226900.045022988,1392.91425847824,1.86585006530306e-11
0.000107500000000000,0.500000000000000,284324.575861129,170704.307376830,227377.448049730,1393.80111101053,1.88061649411845e-11
0.000108000000000000,0.500000000000000,284416.651102288,170219.813985457,227855.318899948,1394.70399007311,1.89510752416823e-11
0.000108500000000000,0.500000000000000,284510.335444375,169734.718744451,228333.651106036,1395.62294783915,1.90907938092858e-11
0.000109000000000000,0.500000000000000,284605.632523042,169249.029936145,228812.438319062,1396.55803558346,1.92484820581114e-11
0.000109500000000000,0.500000000000000,284703.654805482,168756.892952692,229297.366187561,1397.52019068274,1.93763563897878e-11
0.000110000000000000,0.500000000000000,284795.542481898,168234.216442283,229795.016124392,1398.42243133721,1.95302831411589e-11
0.000110500000000000,0.500000000000000,284889.216845930,167710.809677833,230293.183121631,1399.34251508772,1.97133645579145e-11
0.000111000000000000,0.500000000000000,284984.683001508,167186.682527639,230791.860191975,1400.28050940465,1.98761006511536e-11
0.000111500000000000,0.500000000000000,285081.945897019,166661.844682991,231291.040473455,1401.23648062812,2.00587825557454e-11
0.000112000000000000,0.500000000000000,285181.010327641,166136.305662116,231790.717226636,1402.21049399128,2.02121804616682e-11
0.000112500000000000,0.500000000000000,285281.880937628,165610.074814031,232290.883831893,1403.20261364330,2.03783779038565e-11
0.000113000000000000,0.500000000000000,285384.562222548,165083.161322285,232791.533786767,1404.21290267164,2.05230174344779e-11
0.000113500000000000,0.500000000000000,285489.058531466,164555.574208598,233292.660703378,1405.24142312384,2.07125062739128e-11
0.000114000000000000,0.500000000000000,285595.374069094,164027.322336417,233794.258305912,1406.28823602872,2.08676925352082e-11
0.000114500000000000,0.500000000000000,285703.512897892,163498.414414368,234296.320428178,1407.35340141717,2.10383492897315e-11
0.000115000000000000,0.500000000000000,285813.478940119,162968.858999626,234798.841011224,1408.43697834231,2.11756555097593e-11
0.000115500000000000,0.500000000000000,285925.275979855,162438.664501184,235301.814101014,1409.53902489925,2.13701355050659e-11
0.000116000000000000,0.500000000000000,286038.907664975,161907.839183057,235805.233846166,1410.65959824434,2.15175816584482e-11
0.000116500000000000,0.500000000000000,286154.377509087,161376.391167386,236309.094495755,1411.79875461402,2.17035793312645e-11
0.000117000000000000,0.500000000000000,286271.688893435,160844.328437474,236813.390397159,1412.95654934309,2.18633255073127e-11
0.000117500000000000,0.500000000000000,286389.039277122,160291.363036174,237329.645754757,1414.11520375988,2.20199172003678e-11
0.000118000000000000,0.500000000000000,286502.508197179,159720.503788337,237850.894202385,1415.23598626335,2.21701510180901e-11
0.000118500000000000,0.500000000000000,286618.005731250,159148.896452427,238372.628393726,1416.37726223033,2.22958920443427e-11
0.000119000000000000,0.500000000000000,286735.536667172,158576.550458126,238894.842205964,1417.53910323812,2.25019719893176e-11
0.000119500000000000,0.500000000000000,286855.105628687,158003.475077294,239417.529618748,1418.72157974560,2.26318710590254e-11
0.000120000000000000,0.500000000000000,286976.717077659,157429.679427265,239940.684712074,1419.92476111501,2.27712807735970e-11
0.000120500000000000,0.500000000000000,287100.375316212,156855.172474045,240464.301664192,1421.14871563293,2.29262067020236e-11
0.000121000000000000,0.500000000000000,287226.084488863,156279.963035442,240988.374749581,1422.39351053110,2.31086559244718e-11
0.000121500000000000,0.500000000000000,287353.848584591,155704.059784115,241512.898336964,1423.65921200648,2.32360147511673e-11
0.000122000000000000,0.500000000000000,287483.671438891,155127.471250548,242037.866887383,1424.94588524110,2.33856834812126e-11
0.000122500000000000,0.500000000000000,287615.556735785,154550.205825954,242563.274952311,1426.25359442130,2.35212432514968e-11
0.000123000000000000,0.500000000000000,287749.508009792,153972.271765099,243089.117171814,1427.58240275651,2.36192341123549e-11
0.000123500000000000,0.500000000000000,287885.528647888,153393.677189073,243615.388272762,1428.93237249783,2.38406417850162e-11
0.000124000000000000,0.500000000000000,288023.621891403,152814.430087977,244142.083067071,1430.30356495589,2.39967571397069e-11
0.000124500000000000,0.500000000000000,288163.790837915,152234.538323562,244669.196450002,1431.69604051858,2.41478719712365e-11
0.000125000000000000,0.500000000000000,288309.228292293,151657.173171800,245198.517418104,1433.14157100858,2.42793960394488e-11
0.000125500000000000,0.500000000000000,288444.900898804,151036.744735042,245740.437442360,1434.49070438829,2.43776492024841e-11
0.000126000000000000,0.500000000000000,288582.847905006,150415.539420090,246282.816302573,1435.86310525800,2.44988695557716e-11
0.000126500000000000,0.500000000000000,288723.073779310,149793.566438937,246825.648557998,1437.25885056160,2.46417236543147e-11
0.000127000000000000,0.500000000000000,288865.582814130,149170.834858506,247368.928853572,1438.67801611288,2.47833141906901e-11
0.000127500000000000,0.500000000000000,289010.379128042,148547.353603495,247912.651918236,1440.12067661611,2.48672133674079e-11
0.000128000000000000,0.500000000000000,289157.466667889,147923.131459153,248456.812563290,1441.58690568606,2.50282338500686e-11
0.000128500000000000,0.500000000000000,289306.849210889,147298.177073993,249001.405680792,1443.07677586779,2.51637987137978e-11
0.000129000000000000,0.500000000000000,289458.530366680,146672.498962444,249546.426241992,1444.59035865583,2.53113412681371e-11
0.000129500000000000,0.500000000000000,289612.513579366,146046.105507437,250091.869295804,1446.12772451308,2.54178141094078e-11
0.000130000000000000,0.500000000000000,289768.802129523,145419.004962935,250637.729967314,1447.68894288928,2.56030975497285e-11
0.000130500000000000,0.500000000000000,289927.399136166,144791.205456402,251184.003456319,1449.27408223900,2.57138874292934e-11
0.000131000000000000,0.500000000000000,290088.307558723,144162.714991222,251730.685035900,1450.88321003938,2.58460402373490e-11
0.000131500000000000,0.500000000000000,290251.530198943,143533.541449051,252277.770051032,1452.51639280738,2.59707428049926e-11
0.000132000000000000,0.500000000000000,290417.069702821,142903.692592129,252825.253917221,1454.17369611678,2.61350392407813e-11
0.000132500000000000,0.500000000000000,290584.928562462,142273.176065528,253373.132119170,1455.85518461467,2.62526574744663e-11
0.000133000000000000,0.500000000000000,290754.828061627,141629.803780269,253927.880947148,1457.55810415769,2.63732195965664e-11
0.000133500000000000,0.500000000000000,290917.693923644,140956.806437208,254488.277444904,1459.19145927329,2.64661452987313e-11
0.000134000000000000,0.500000000000000,291083.091076633,140283.011437890,255049.098435270,1460.85113639185,2.66312732046764e-11
0.000134500000000000,0.500000000000000,291251.023305633,139608.427678109,255610.339184127,1462.53721683756,2.67705826983002e-11
0.000135000000000000,0.500000000000000,291421.494209133,138933.063921871,256171.995027491,1464.24978081178,2.68426189222389e-11
0.000135500000000000,0.500000000000000,291594.507201203,138256.928803821,256734.061370220,1465.98890741229,2.70351393075924e-11
0.000136000000000000,0.500000000000000,291770.065513616,137580.030831630,257296.533684749,1467.75467465206,2.71628338900305e-11
0.000136500000000000,0.500000000000000,291948.172197919,136902.378388307,257859.407509849,1469.54715947768,2.73479329104980e-11
0.000137000000000000,0.500000000000000,292128.830127519,136223.979734486,258422.678449417,1471.36643778746,2.75149066727202e-11
0.000137500000000000,0.500000000000000,292312.041999726,135544.843010646,258986.342171298,1473.21258444913,2.76456880894037e-11
0.000138000000000000,0.500000000000000,292497.810337777,134864.976239286,259550.394406117,1475.08567331714,2.78131549756201e-11
0.000138500000000000,0.500000000000000,292686.137492850,134184.387327058,260114.830946152,1476.98577724971,2.79913985372660e-11
0.000139000000000000,0.500000000000000,292877.025646053,133503.084066850,260679.647644227,1478.91296812550,2.81643155478886e-11
0.000139500000000000,0.500000000000000,293070.476810392,132821.074139821,261244.840412619,1480.86731685984,2.83666957068699e-11
0.000140000000000000,0.500000000000000,293266.492832733,132138.365117405,261810.405222005,1482.84889342088,2.85385405472768e-11
0.000140500000000000,0.500000000000000,293465.075395725,131454.964463250,262376.338100416,1484.85776684514,2.87229129676678e-11
0.000141000000000000,0.500000000000000,293661.674867863,130741.876863308,262951.974551358,1486.84791872756,2.89124408429336e-11
0.000141500000000000,0.500000000000000,293854.743509881,130014.000912498,263527.929923914,1488.80362557342,2.90811544519498e-11
0.000142000000000000,0.500000000000000,294050.603941350,129285.305164609,264104.274003218,1490.78892548746,2.92468156245743e-11
0.000142500000000000,0.500000000000000,294249.259051701,128555.798249083,264681.002697618,1492.80390435302,2.94576575084835e-11
0.000143000000000000,0.500000000000000,294450.711532908,127825.488674673,265258.111972691,1494.84864693510,2.95627547799989e-11
0.000143500000000000,0.500000000000000,294654.963881664,127094.384831542,265835.597850245,1496.92323689836,2.97193003166188e-11
0.000144000000000000,0.500000000000000,294862.018401555,126362.494993321,266413.456407333,1499.02775682481,2.99849191881935e-11
0.000144500000000000,0.500000000000000,295071.877205215,125629.827319128,266991.683775310,1501.16228823119,3.01920115224993e-11
0.000145000000000000,0.500000000000000,295284.542216474,124896.389855546,267570.276138894,1503.32691158608,3.03210696180943e-11
0.000145500000000000,0.500000000000000,295500.015172475,124162.190538544,268149.229735242,1505.52170632643,3.04632737827928e-11
0.000146000000000000,0.500000000000000,295718.297625797,123427.237195385,268728.540853058,1507.74675087413,3.06618111287448e-11
0.000146500000000000,0.500000000000000,295939.390946549,122691.537546473,269308.205831714,1510.00212265197,3.08551221539663e-11
0.000147000000000000,0.500000000000000,296163.296324459,121955.099207173,269888.221060382,1512.28789809947,3.09998358806254e-11
0.000147500000000000,0.500000000000000,296390.014770951,121217.929689589,270468.582977200,1514.60415268836,3.11911759461541e-11
0.000148000000000000,0.500000000000000,296619.547121210,120480.036404314,271049.288068437,1516.95096093779,3.13852561725541e-11
0.000148500000000000,0.500000000000000,296854.163229280,119739.072586333,271633.850472876,1519.35162459579,3.15748625430657e-11
0.000149000000000000,0.500000000000000,297077.400763795,118954.806205523,272221.850932615,1521.63762145814,3.17106526393681e-11
0.000149500000000000,0.500000000000000,297303.689559715,118169.688205436,272810.206215327,1523.95661768654,3.18346907719258e-11
0.000150000000000000,0.500000000000000,297533.031601132,117383.727102263,273398.912772786,1526.30870506483,3.19374538354813e-11
0.000150500000000000,0.500000000000000,297765.428661695,116596.931299024,273987.967103911,1528.69397424281,3.21510256434819e-11
0.000151000000000000,0.500000000000000,298000.882306941,115809.309087443,274577.365753997,1531.11251475371,3.23162633322600e-11
0.000151500000000000,0.500000000000000,298239.393896592,115020.868649780,275167.105313946,1533.56441503114,3.24815775466271e-11
0.000152000000000000,0.500000000000000,298480.964586861,114231.618060636,275757.182419519,1536.04976242592,3.25720955779699e-11
0.000152500000000000,0.500000000000000,298725.595332731,113441.565288711,276347.593750591,1538.56864322232,3.27687350647173e-11
0.000153000000000000,0.500000000000000,298973.286890247,112650.718198545,276938.336030442,1541.12114265445,3.28847266769477e-11
0.000153500000000000,0.500000000000000,299224.039818783,111859.084552204,277529.406025047,1543.70734492194,3.30456292812830e-11
0.000154000000000000,0.500000000000000,299477.854483301,111066.672010950,278120.800542378,1546.32733320554,3.31946555885104e-11
0.000154500000000000,0.500000000000000,299734.731056609,110273.488136868,278712.516431727,1548.98118968237,3.33230416190131e-11
0.000155000000000000,0.500000000000000,299994.669521613,109479.540394472,279304.550583046,1551.66899554107,3.34840201528735e-11
0.000155500000000000,0.500000000000000,300257.669673545,108684.836152265,279896.899926282,1554.39083099634,3.36013086661878e-11
0.000156000000000000,0.500000000000000,300523.731122196,107889.382684284,280489.561430742,1557.14677530355,3.37086176813871e-11
0.000156500000000000,0.500000000000000,300790.231213271,107073.026812186,281087.406552855,1559.90971022988,3.38763867986612e-11
0.000157000000000000,0.500000000000000,301049.416868289,106229.140326547,281684.435392194,1562.59916201270,3.40215280214847e-11
0.000157500000000000,0.500000000000000,301311.914874465,105384.378139318,282281.779237531,1565.32534560891,3.43043351185714e-11
0.000158000000000000,0.500000000000000,301577.725889834,104538.748564119,282879.435098297,1568.08835780834,3.44027232477473e-11
0.000158500000000000,0.500000000000000,301846.850352098,103692.259809670,283477.400021669,1570.88829426693,3.46044301214582e-11
0.000159000000000000,0.500000000000000,302119.288481118,102844.919981436,284075.671091963,1573.72524952305,3.47389590974738e-11
0.000159500000000000,0.500000000000000,302395.040281413,101996.737083246,284674.245430050,1576.59931701375,3.48862136439701e-11
0.000160000000000000,0.500000000000000,302674.105544655,101147.719018880,285273.120192798,1579.51058909063,3.50184097708521e-11
0.000160500000000000,0.500000000000000,302956.483852153,100297.873593630,285872.292572499,1582.45915703552,3.51680667270893e-11
0.000161000000000000,0.500000000000000,303242.174577339,99447.2085158271,286471.759796325,1585.44511107575,3.53092731443557e-11
0.000161500000000000,0.500000000000000,303531.176888237,98595.7313983429,287071.519125782,1588.46854039928,3.54266242254087e-11
0.000162000000000000,0.500000000000000,303823.489749951,97743.4497600639,287671.567856193,1591.52953316963,3.55828426534627e-11
0.000162500000000000,0.500000000000000,304119.111927116,96890.3710273351,288271.903316162,1594.62817654030,3.56348452727606e-11
0.000163000000000000,0.500000000000000,304418.041986372,96036.5025353826,288872.522867074,1597.76455666925,3.57408533474899e-11
0.000163500000000000,0.500000000000000,304720.278298822,95181.8515297033,289473.423902591,1600.93875873296,3.58088094427053e-11
0.000164000000000000,0.500000000000000,305025.819042476,94326.4251674350,290074.603848158,1604.15086694023,3.58748404294729e-11
0.000164500000000000,0.500000000000000,305326.285637564,93430.7547323262,290679.952475879,1607.31277071088,3.59749032029967e-11
0.000165000000000000,0.500000000000000,305624.349239465,92524.8243608517,291282.336788621,1610.45246289735,3.61193422905098e-11
0.000165500000000000,0.500000000000000,305925.982271444,91617.9933798222,291884.994334760,1613.63287290945,3.61541708312422e-11
0.000166000000000000,0.500000000000000,306231.183852417,90710.2699272745,292487.922645318,1616.85410282160,3.62617314244522e-11
0.000166500000000000,0.500000000000000,306539.952872620,89801.6620434937,293091.119280975,1620.11625357152,3.63360929856589e-11
0.000167000000000000,0.500000000000000,306852.287996370,88892.1776724728,293694.581831625,1623.41942497599,3.64475621966361e-11
0.000167500000000000,0.500000000000000,307168.187664802,87981.8246633515,294298.307915941,1626.76371574619,3.65245704945027e-11
0.000168000000000000,0.500000000000000,307487.650098613,87070.6107718262,294902.295180943,1630.14922350288,3.66056173097064e-11
0.000168500000000000,0.500000000000000,307810.673300815,86158.5436615391,295506.541301582,1633.57604479139,3.66980066540503e-11
0.000169000000000000,0.500000000000000,308137.255059465,85245.6309054383,296111.043980321,1637.04427509623,3.67652850983660e-11
0.000169500000000000,0.500000000000000,308467.392950409,84331.8799871132,296715.800946733,1640.55400885555,3.68979849315225e-11
0.000170000000000000,0.500000000000000,308801.084340024,83417.2983021158,297320.809957108,1644.10533947543,3.69561057953936e-11
0.000170500000000000,0.500000000000000,309138.326387935,82501.8931592416,297926.068794046,1647.69835934368,3.70948292766808e-11
0.000171000000000000,0.500000000000000,309479.116049759,81585.6717818050,298531.575266087,1651.33315984379,3.71342019732659e-11
0.000171500000000000,0.500000000000000,309823.450079824,80668.6413088848,299137.327207327,1655.00983136836,3.72743025843133e-11
0.000172000000000000,0.500000000000000,310171.774776014,79741.3555980064,299746.302854756,1658.73327358108,3.73385604182323e-11
0.000172500000000000,0.500000000000000,310507.730724256,78771.8866162774,300349.863856203,1662.32846275047,3.73134411259182e-11
0.000173000000000000,0.500000000000000,310847.509242194,77801.4833976064,300953.656205084,1665.96851727717,3.74549338635994e-11
0.000173500000000000,0.500000000000000,311191.107951030,76830.1540189688,301557.677901278,1669.65354599637,3.75239470663731e-11
0.000174000000000000,0.500000000000000,311538.524234135,75857.9064645048,302161.926967653,1673.38365658591,3.75660604892821e-11
0.000174500000000000,0.500000000000000,311889.755240101,74884.7486268429,302766.401449739,1677.15895558155,3.76548754527429e-11
0.000175000000000000,0.500000000000000,312244.797885779,73910.6883084088,303371.099415400,1680.97954839192,3.77071983998675e-11
0.000175500000000000,0.500000000000000,312603.648859339,72935.7332227141,303976.018954518,1684.84553931332,3.78120686560353e-11
0.000176000000000000,0.500000000000000,312966.304623310,71959.8909956166,304581.158178686,1688.75703154432,3.79044842094227e-11
0.000176500000000000,0.500000000000000,313332.761417633,70983.1691665615,305186.515220890,1692.71412719999,3.79892250536986e-11
0.000177000000000000,0.500000000000000,313703.015262700,70005.5751898025,305792.088235217,1696.71692732603,3.81134745315097e-11
0.000177500000000000,0.500000000000000,314077.061962399,69027.1164356017,306397.875396548,1700.76553191263,3.82161089647734e-11
0.000178000000000000,0.500000000000000,314454.897107158,68047.8001914106,307003.874900274,1704.86003990816,3.83410130921494e-11
0.000178500000000000,0.500000000000000,314836.516076979,67067.6336630253,307610.084962005,1709.00054923259,3.83989088391542e-11
0.000179000000000000,0.500000000000000,315221.914044477,66086.6239757349,308216.503817290,1713.18715679076,3.85317980208049e-11
0.000179500000000000,0.500000000000000,315611.085977905,65104.7781754330,308823.129721335,1717.41995848539,3.86075734629512e-11
0.000180000000000000,0.500000000000000,315998.073077126,64092.3510123777,309430.044970043,1721.63417566305,3.87799538002332e-11
0.000180500000000000,0.500000000000000,316378.216103257,63056.0196840074,310030.827509603,1725.77889008068,3.88326554572687e-11
0.000181000000000000,0.500000000000000,316762.426086685,62018.7282508893,310631.794777136,1729.97301000556,3.89540498081059e-11
0.000181500000000000,0.500000000000000,317150.698744863,60980.4846477727,311232.945245964,1734.21665024749,3.90881103798930e-11
0.000182000000000000,0.500000000000000,317543.029553759,59941.2967222143,311834.277406188,1738.50992445137,3.92449568368043e-11
0.000182500000000000,0.500000000000000,317939.413751241,58901.1722357659,312435.789764450,1742.85294511177,3.93035287692185e-11
0.000183000000000000,0.500000000000000,318339.846340465,57860.1188651571,313037.480843717,1747.24582358743,3.94536972721812e-11
0.000183500000000000,0.500000000000000,318744.322093267,56818.1442034479,313639.349183059,1751.68867011546,3.94486044440765e-11
0.000184000000000000,0.500000000000000,319152.835553541,55775.2557611624,314241.393337419,1756.18159382527,3.95655481248129e-11
0.000184500000000000,0.500000000000000,319565.381040620,54731.4609674108,314843.611877404,1760.72470275236,3.96199153709346e-11
0.000185000000000000,0.500000000000000,319981.952652671,53686.7671709897,315446.003389081,1765.31810385200,3.97017148460890e-11
0.000185500000000000,0.500000000000000,320402.544270053,52641.1816414608,316048.566473753,1769.96190301247,3.98166803103555e-11
0.000186000000000000,0.500000000000000,320827.149558710,51594.7115702222,316651.299747770,1774.65620506839,3.98566469072708e-11
0.000186500000000000,0.500000000000000,321255.761973518,50547.3640715494,317254.201842315,1779.40111381355,3.99101487980091e-11
0.000187000000000000,0.500000000000000,321688.374761668,49499.1461836296,317857.271403212,1784.19673201385,3.99797703805867e-11
0.000187500000000000,0.500000000000000,322129.729923646,48453.2018239161,318464.833433288,1789.09591208071,3.99850019837291e-11
0.000188000000000000,0.500000000000000,322552.336563576,47348.6209477298,319058.173248971,1793.79327280383,4.00130864435662e-11
0.000188500000000000,0.500000000000000,322979.250988276,46243.0459198375,319651.649883124,1798.54476843013,4.01693192297497e-11
0.000189000000000000,0.500000000000000,323410.467113054,45136.4846303328,320245.262249888,1803.35052134972,4.01629401091344e-11
0.000189500000000000,0.500000000000000,323845.978607508,44028.9448860385,320839.009274865,1808.21065276301,4.03347675504692e-11
0.000190000000000000,0.500000000000000,324285.778899271,42920.4344115948,321432.889894962,1813.12528269495,4.04181079961952e-11
0.000190500000000000,0.500000000000000,324729.861177768,41810.9608505470,322026.903058248,1818.09453000918,4.05317885817837e-11
0.000191000000000000,0.500000000000000,325178.218397971,40700.5317664039,322621.047723812,1823.11851242204,4.05631856983757e-11
0.000191500000000000,0.500000000000000,325630.843284129,39589.1546436789,323215.322861605,1828.19734651609,4.06390696174678e-11
0.000192000000000000,0.500000000000000,326087.728333527,38476.8368889240,323809.727452316,1833.33114775380,4.07012841728815e-11
0.000192500000000000,0.500000000000000,326548.865820210,37363.5858317394,324404.260487219,1838.52003049078,4.07864800950497e-11
0.000193000000000000,0.500000000000000,327014.247798718,36249.4087257703,324998.920968045,1843.76410798899,4.08411697634884e-11
0.000193500000000000,0.500000000000000,327483.866107810,35134.3127496915,325593.707906841,1849.06349242963,4.09435579513241e-11
0.000194000000000000,0.500000000000000,327957.712374173,34018.3050081659,326188.620325836,1854.41829492588,4.10151231474810e-11
0.000194500000000000,0.500000000000000,328435.778016137,32901.3925328059,326783.657257317,1859.82862553561,4.11002879964499e-11
0.000195000000000000,0.500000000000000,328918.054247376,31783.5822831031,327378.817743502,1865.29459327379,4.11633934309249e-11
0.000195500000000000,0.500000000000000,329402.229640825,30646.7739166019,327973.480849979,1870.79015331632,4.12378170060058e-11
0.000196000000000000,0.500000000000000,329873.810741627,29470.6491973571,328554.731892708,1876.15053471040,4.12367880645608e-11
0.000196500000000000,0.500000000000000,330349.925856181,28293.5041939161,329136.067810279,1881.57023298593,4.11964435164843e-11
0.000197000000000000,0.500000000000000,330830.566740149,27115.3466749397,329717.487956442,1887.04937740704,4.13266623768696e-11
0.000197500000000000,0.500000000000000,331315.724906062,25936.1843304198,330298.991691480,1892.58809603499,4.13997577888189e-11
0.000198000000000000,0.500000000000000,331805.391627458,24756.0247726713,330880.578382149,1898.18651574225,4.14076811323623e-11
0.000198500000000000,0.500000000000000,332299.557942987,23574.8755373100,331462.247401578,1903.84476222594,4.14098503644819e-11
0.000199000000000000,0.500000000000000,332798.214660541,22392.7440842165,332043.998129197,1909.56296002144,4.14832732962843e-11
0.000199500000000000,0.500000000000000,333301.352361357,21209.6377984883,332625.829950662,1915.34123251568,4.15183182674883e-11
0.000200000000000000,0.500000000000000,333808.961404111,20025.5639913695,333207.742257768,1921.17970196020,4.15357160547635e-11
0.000200500000000000,0.500000000000000,334321.031929004,18840.5299011742,333789.734448376,1927.07848948404,4.16032245266787e-11
0.000201000000000000,0.500000000000000,334837.553861847,17654.5426941938,334371.805926343,1933.03771510664,4.16337324398093e-11
0.000201500000000000,0.500000000000000,335358.516918115,16467.6094655931,334953.956101441,1939.05749775030,4.16776592990836e-11
0.000202000000000000,0.500000000000000,335883.910606998,15279.7372402819,335536.184389281,1945.13795525258,4.16776184153003e-11
0.000202500000000000,0.500000000000000,336413.724235449,14090.9329737925,336118.490211254,1951.27920437871,4.17531852481874e-11
0.000203000000000000,0.500000000000000,336947.946912193,12901.2035531289,336700.872994447,1957.48136083349,4.17289595628792e-11
0.000203500000000000,0.500000000000000,337476.338847967,11669.8376618830,337274.508629355,1963.62550486599,4.17405435396341e-11
0.000204000000000000,0.500000000000000,337999.172967133,10419.9208137449,337838.520859746,1969.71449873217,4.17139053396929e-11
0.000204500000000000,0.500000000000000,338526.756256827,9168.95764004931,338402.563402768,1975.86835692706,4.16900486448614e-11
0.000205000000000000,0.500000000000000,339059.078237213,7916.95579683272,338966.636036616,1982.08721612187,4.16341154077142e-11
0.000205500000000000,0.500000000000000,339596.128191413,6663.92286562558,339530.738541652,1988.37121176894,4.16104543859939e-11
0.000206000000000000,0.500000000000000,340137.895169989,5409.86635435117,340094.870700365,1994.72047811500,4.16829520664870e-11
0.000206500000000000,0.500000000000000,340684.367995433,4154.79369821607,340659.032297359,2001.13514821462,4.16235460233085e-11
0.000207000000000000,0.500000000000000,341235.535266624,2898.71226058852,341223.223119308,2007.61535394309,4.15295805615395e-11
0.000207500000000000,0.500000000000000,341791.385363281,1641.62933386332,341787.442954947,2014.16122600950,4.15624748229506e-11
0.000208000000000000,0.500000000000000,342351.906450413,383.552140319401,342351.691595044,2020.77289396953,4.15423567692615e-11
0.000208500000000000,0.500000000000000,342917.086482725,-875.512167045865,342915.968832374,2027.45048623794,4.14315105968845e-11
0.000209000000000000,0.500000000000000,343486.913209017,-2135.55650368282,343480.274461691,2034.19413010102,4.14405123205293e-11
0.000209500000000000,0.500000000000000,344061.374176584,-3396.57385267423,344044.608279715,2041.00395172895,4.13659954402831e-11
0.000210000000000000,0.500000000000000,344640.456735550,-4658.55726393503,344608.970085091,2047.88007618773,4.12735875173185e-11
0.000210500000000000,0.500000000000000,345224.148043241,-5921.49985340779,345173.359678391,2054.82262745141,4.12476526995752e-11
0.000211000000000000,0.500000000000000,345815.052323413,-7190.04580687569,345740.297990760,2061.86293816284,4.11679449950645e-11
0.000211500000000000,0.500000000000000,346386.291687792,-8514.82098246692,346281.620784091,2068.68039774518,4.11102528773071e-11
0.000212000000000000,0.500000000000000,346962.496877100,-9840.67584941888,346822.916396853,2075.56852136538,4.10627385444093e-11
0.000212500000000000,0.500000000000000,347543.655368975,-11167.6027863832,347364.185020900,2082.52745495222,4.10259656342239e-11
0.000213000000000000,0.500000000000000,348129.754408618,-12495.5942435722,347905.426846298,2089.55734318284,4.09229334085982e-11
0.000213500000000000,0.500000000000000,348720.781013632,-13824.6427419172,348446.642061329,2096.65832949582,4.09172596430592e-11
0.000214000000000000,0.500000000000000,349316.721978845,-15154.7408722547,348987.830852510,2103.83055610423,4.08969701211918e-11
0.000214500000000000,0.500000000000000,349917.563881137,-16485.8812944986,349528.993404630,2111.07416400879,4.07956340674264e-11
0.000215000000000000,0.500000000000000,350523.293084212,-17818.0567368464,350070.129900743,2118.38929301036,4.07783905213917e-11
0.000215500000000000,0.500000000000000,351133.895743385,-19151.2599949811,350611.240522221,2125.77608172286,4.07258305761058e-11
0.000216000000000000,0.500000000000000,351749.357810304,-20485.4839312930,351152.325448746,2133.23466758554,4.06484862519915e-11
0.000216500000000000,0.500000000000000,352369.665037682,-21820.7214741088,351693.384858342,2140.76518687532,4.06459965622186e-11
0.000217000000000000,0.500000000000000,352994.802983989,-23156.9656169313,352234.418927397,2148.36777471905,4.05478743670232e-11
0.000217500000000000,0.500000000000000,353624.757018098,-24494.2094176947,352775.427830668,2156.04256510532,4.05490870988568e-11
0.000218000000000000,0.500000000000000,354259.512323950,-25832.4459980142,353316.411741321,2163.78969089660,4.04542191695460e-11
0.000218500000000000,0.500000000000000,354899.053905128,-27171.6685424723,353857.370830923,2171.60928384061,4.04423451482771e-11
0.000219000000000000,0.500000000000000,355537.421057107,-28539.9042919558,354390.083996357,2179.42858227481,4.03803729564582e-11
0.000219500000000000,0.500000000000000,356163.801681864,-29942.6097733495,354902.935671767,2187.11471773238,4.03378073695701e-11
0.000220000000000000,0.500000000000000,356795.344110961,-31346.4200751539,355415.699607841,2194.87788929757,4.04109189449759e-11
0.000220500000000000,0.500000000000000,357432.033528997,-32751.3276815857,355928.376401443,2202.71825159783,4.03092246693456e-11
0.000221000000000000,0.500000000000000,358073.854900342,-34157.3251448742,356440.966644042,2210.63595798606,4.03653389689413e-11
0.000221500000000000,0.500000000000000,358720.792974291,-35564.4050844999,356953.470921758,2218.63116055352,4.03724978682772e-11
0.000222000000000000,0.500000000000000,359372.832290203,-36972.5601864326,357465.889815438,2226.70401014280,4.03135442585283e-11
0.000222500000000000,0.500000000000000,360029.957182585,-38381.7832023894,357978.223900699,2234.85465636025,4.03655548333105e-11
0.000223000000000000,0.500000000000000,360692.151786190,-39792.0669490894,358490.473748008,2243.08324758883,4.03509448991867e-11
0.000223500000000000,0.500000000000000,361359.400041027,-41203.4043075357,359002.639922718,2251.38993100019,4.03375711866523e-11
0.000224000000000000,0.500000000000000,362031.685697379,-42615.7882222924,359514.722985135,2259.77485256699,4.03037262331705e-11
0.000224500000000000,0.500000000000000,362708.992320774,-44029.2117007784,360026.723490576,2268.23815707502,4.03144491914838e-11
0.000225000000000000,0.500000000000000,363391.303296920,-45443.6678125678,360538.641989420,2276.77998813508,4.03076440680857e-11
0.000225500000000000,0.500000000000000,364078.601836604,-46859.1496887057,361050.479027169,2285.40048819477,4.03253980224686e-11
0.000226000000000000,0.500000000000000,364770.870980549,-48275.6505210178,361562.235144492,2294.09979855014,4.03134625761550e-11
0.000226500000000000,0.500000000000000,365468.093604236,-49693.1635614533,362073.910877281,2302.87805935715,4.03117452365060e-11
0.000227000000000000,0.500000000000000,366154.903274556,-51164.1770928437,362562.601731635,2311.54160675862,4.02571172819675e-11
0.000227500000000000,0.500000000000000,366838.264573764,-52646.6748631646,363040.824124978,2320.17779923260,4.02841608146930e-11
0.000228000000000000,0.500000000000000,367526.974244982,-54130.3018546678,363518.895270651,2328.89787582193,4.02233830822937e-11
0.000228500000000000,0.500000000000000,368221.015200158,-55615.0506545227,363996.816161529,2337.70200060405,4.01968856842142e-11
0.000229000000000000,0.500000000000000,368920.370145926,-57100.9139146392,364474.587781809,2346.59033635529,4.01314394054878e-11
0.000229500000000000,0.500000000000000,369625.021589043,-58587.8843509627,364952.211107124,2355.56304456380,4.01439693370820e-11
0.000230000000000000,0.500000000000000,370334.951841746,-60075.9547427800,365429.687104608,2364.62028544186,4.01497007368729e-11
0.000230500000000000,0.500000000000000,371050.143027110,-61565.1179320287,365907.016733014,2373.76221793860,4.00608200231804e-11
0.000231000000000000,0.500000000000000,371770.577084336,-63055.3668226223,366384.200942788,2382.98899975208,3.99546106595910e-11
0.000231500000000000,0.500000000000000,372496.235774020,-64546.6943797772,366861.240676169,2392.30078734163,3.99439374639189e-11
0.000232000000000000,0.500000000000000,373227.100683357,-66039.0936293579,367338.136867271,2401.69773593974,3.98583054013550e-11
0.000232500000000000,0.500000000000000,373963.153231326,-67532.5576572190,367814.890442177,2411.17999956407,3.98088693682401e-11
0.000233000000000000,0.500000000000000,374704.374673796,-69027.0796085644,368291.502319010,2420.74773102897,3.97174221492215e-11
0.000233500000000000,0.500000000000000,375450.746108631,-70522.6526873127,368767.973408040,2430.40108195738,3.96661489342825e-11
0.000234000000000000,0.500000000000000,376202.248480714,-72019.2701554658,369244.304611756,2440.14020279216,3.96277910884361e-11
0.000234500000000000,0.500000000000000,376958.480092482,-73530.6433528968,369717.378820286,2449.96027092472,3.95368464281006e-11
0.000235000000000000,0.500000000000000,377694.999513777,-75093.4500922774,370154.679034253,2459.54332168469,3.93777208613603e-11
0.000235500000000000,0.500000000000000,378437.065014655,-76657.4168666891,370591.760049024,2469.21745132597,3.93024523219600e-11
0.000236000000000000,0.500000000000000,379184.657472140,-78222.5363030285,371028.623257810,2478.98283555628,3.91283864122431e-11
0.000236500000000000,0.500000000000000,379937.757569419,-79788.8010905431,371465.270042049,2488.83964873929,3.90678371830433e-11
0.000237000000000000,0.500000000000000,380696.345801494,-81356.2039801760,371901.701771512,2498.78806390709,3.89942806126622e-11
0.000237500000000000,0.500000000000000,381460.402480823,-82924.7377839126,372337.919804445,2508.82825277296,3.88319115176233e-11
0.000238000000000000,0.500000000000000,382229.907742878,-84494.3953741433,372773.925487670,2518.96038574360,3.87462177372797e-11
0.000238500000000000,0.500000000000000,383004.841551680,-86065.1696830287,373209.720156722,2529.18463193151,3.86844517031283e-11
0.000239000000000000,0.500000000000000,383785.183705270,-87637.0537018741,373645.305135957,2539.50115916703,3.85522612518027e-11
0.000239500000000000,0.500000000000000,384570.913841136,-89210.0404805131,374080.681738675,2549.91013401046,3.84817215015409e-11
0.000240000000000000,0.500000000000000,385362.011441577,-90784.1231266960,374515.851267226,2560.41172176377,3.83817339666043e-11
0.000240500000000000,0.500000000000000,386158.455839026,-92359.2948054912,374950.815013134,2571.00608648243,3.82429124201582e-11
0.000241000000000000,0.500000000000000,386960.226221312,-93935.5487386871,375385.574257204,2581.69339098706,3.81491990371215e-11
0.000241500000000000,0.500000000000000,387767.301636866,-95512.8782042055,375820.130269634,2592.47379687476,3.80670430822889e-11
0.000242000000000000,0.500000000000000,388579.660999873,-97091.2765355265,376254.484310125,2603.34746453063,3.79569831194705e-11
0.000242500000000000,0.500000000000000,389386.881232239,-98709.3673419214,376667.763519428,2614.17488406500,3.78903444171809e-11
0.000243000000000000,0.500000000000000,390183.564036377,-100355.081381121,377057.119393226,2624.88299386430,3.77574637358283e-11
0.000243500000000000,0.500000000000000,390985.967451905,-102001.977589164,377446.185981792,2635.69011628107,3.76735981099996e-11
0.000244000000000000,0.500000000000000,391794.070169241,-103650.048698617,377834.965063524,2646.59643827207,3.75866271000846e-11
0.000244500000000000,0.500000000000000,392607.850703587,-105299.287501497,378223.458402261,2657.60214541535,3.74477460654995e-11
0.000245000000000000,0.500000000000000,393427.287400780,-106949.686848662,378611.667747455,2668.70742192303,3.73396702020426e-11
0.000245500000000000,0.500000000000000,394252.358443050,-108601.239649207,378999.594834298,2679.91245065357,3.72616720422905e-11
0.000246000000000000,0.500000000000000,395083.041854739,-110253.938869883,379387.241383879,2691.21741312403,3.71787071573266e-11
0.000246500000000000,0.500000000000000,395919.315507961,-111907.777534500,379774.609103322,2702.62248952228,3.71299880421926e-11
0.000247000000000000,0.500000000000000,396761.157128185,-113562.748723359,380161.699685925,2714.12785871890,3.69801246017956e-11
0.000247500000000000,0.500000000000000,397608.544299782,-115218.845572677,380548.514811307,2725.73369827917,3.68993432751832e-11
0.000248000000000000,0.500000000000000,398461.454471488,-116876.061274023,380935.056145539,2737.44018447472,3.68169198685642e-11
0.000248500000000000,0.500000000000000,399319.864961815,-118534.389073763,381321.325341282,2749.24749229522,3.67284729280345e-11
0.000249000000000000,0.500000000000000,400183.752964402,-120193.822272510,381707.324037930,2761.15579545989,3.66418374654581e-11
0.000249500000000000,0.500000000000000,401053.095553281,-121854.354224578,382093.053861726,2773.16526642878,3.65675505209351e-11
0.000250000000000000,0.500000000000000,401934.320908360,-123514.201390528,382485.869515364,2785.36548834593,3.64749401580242e-11
0.000250500000000000,0.500000000000000,402786.830718690,-125242.825524981,382820.409141057,2797.19363793805,3.64050290943060e-11
0.000251000000000000,0.500000000000000,403645.254594321,-126972.659724605,383154.583998383,2809.12916476749,3.62905263666212e-11
0.000251500000000000,0.500000000000000,404509.569270190,-128703.696772310,383488.396262906,2821.17226950267,3.62584326673239e-11
0.000252000000000000,0.500000000000000,405379.751319858,-130435.929508289,383821.848092912,2833.32315138189,3.61893049958221e-11
0.000252500000000000,0.500000000000000,406255.777161529,-132169.350829442,384154.941629601,2845.58200822618,3.61401945146130e-11
0.000253000000000000,0.500000000000000,407137.623063971,-133903.953688821,384487.678997237,2857.94903645139,3.60501397716239e-11
0.000253500000000000,0.500000000000000,408025.265152398,-135639.731095076,384820.062303332,2870.42443108077,3.60241606337159e-11
0.000254000000000000,0.500000000000000,408918.679414264,-137376.676111906,385152.093638798,2883.00838575699,3.59745058074753e-11
0.000254500000000000,0.500000000000000,409817.841705001,-139114.781857520,385483.775078122,2895.70109275423,3.59290613768226e-11
0.000255000000000000,0.500000000000000,410722.727753681,-140854.041504102,385815.108679513,2908.50274299007,3.59493034657022e-11
0.000255500000000000,0.500000000000000,411633.313168605,-142594.448277282,386146.096485075,2921.41352603730,3.58961946092979e-11
0.000256000000000000,0.500000000000000,412549.573442833,-144335.995455615,386476.740520953,2934.43363013558,3.58540387452697e-11
0.000256500000000000,0.500000000000000,413471.483959627,-146078.676370065,386807.042797498,2947.56324220303,3.58859129478173e-11
0.000257000000000000,0.500000000000000,414399.019997829,-147822.484403496,387137.005309411,2960.80254784760,3.58371162404007e-11
0.000257500000000000,0.500000000000000,415332.156737176,-149567.412990165,387466.630035908,2974.15173137852,3.58680861027484e-11
0.000258000000000000,0.500000000000000,416266.684454580,-151336.893486366,387782.280741018,2987.55090666912,3.59224974026429e-11
0.000258500000000000,0.500000000000000,417182.312020521,-153150.548549389,388054.108265598,3000.70830108254,3.58941160772200e-11
0.000259000000000000,0.500000000000000,418104.023656733,-154965.432525353,388325.494038417,3013.98232065432,3.59213891830805e-11
0.000259500000000000,0.500000000000000,419031.794034927,-156781.538310717,388596.440612951,3027.37317951947,3.59601880309208e-11
0.000260000000000000,0.500000000000000,419965.597685919,-158598.858856579,388866.950523032,3040.88109033950,3.59720750987386e-11
0.000260500000000000,0.500000000000000,420905.409005721,-160417.387168156,389137.026283049,3054.50626431505,3.60551306971379e-11
0.000261000000000000,0.500000000000000,421851.202261510,-162237.116304268,389406.670388113,3068.24891119795,3.60694874455340e-11
0.000261500000000000,0.500000000000000,422802.951597569,-164058.039376820,389675.885314257,3082.10923930373,3.61350511439853e-11
0.000262000000000000,0.500000000000000,423760.631041118,-165880.149550296,389944.673518614,3096.08745552357,3.61420442368267e-11
0.000262500000000000,0.500000000000000,424724.214508080,-167703.440041264,390213.037439592,3110.18376533631,3.62064053822265e-11
0.000263000000000000,0.500000000000000,425693.675808770,-169527.904117873,390480.979497060,3124.39837282038,3.62648144098926e-11
0.000263500000000000,0.500000000000000,426668.988653497,-171353.535099373,390748.502092518,3138.73148066549,3.63205959071279e-11
0.000264000000000000,0.500000000000000,427650.126658096,-173180.326355620,391015.607609270,3153.18329018424,3.63934991917868e-11
0.000264500000000000,0.500000000000000,428637.063349378,-175008.271306607,391282.298412606,3167.75400132377,3.65284057464894e-11
0.000265000000000000,0.500000000000000,429629.772170492,-176837.363421985,391548.576849961,3182.44381267705,3.66096344949985e-11
0.000265500000000000,0.500000000000000,430628.226486209,-178667.596220603,391814.445251078,3197.25292149410,3.67369856359821e-11
0.000266000000000000,0.500000000000000,431616.789723231,-180547.860835623,392040.205997636,3211.94919260325,3.68889159343288e-11
0.000266500000000000,0.500000000000000,432597.083091594,-182447.158955255,392241.342146020,3226.55579826475,3.69874466117921e-11
0.000267000000000000,0.500000000000000,433583.630372315,-184347.702838917,392441.956198430,3241.28904356614,3.71575196526169e-11
0.000267500000000000,0.500000000000000,434576.404246327,-186249.485501014,392642.051082502,3256.14915737357,3.72565500882288e-11
0.000268000000000000,0.500000000000000,435575.377274488,-188152.500008087,392841.629704031,3271.13636703125,3.74242472812812e-11
0.000268500000000000,0.500000000000000,436580.521903670,-190056.739478320,393040.694947165,3286.25089837381,3.75860348614584e-11
0.000269000000000000,0.500000000000000,437591.810472773,-191962.197081062,393239.249674611,3301.49297573861,3.77684090557062e-11
0.000269500000000000,0.500000000000000,438609.215218654,-193868.866036355,393437.296727828,3316.86282197799,3.78840257705508e-11
0.000270000000000000,0.500000000000000,439632.708281962,-195776.739614465,393634.838927226,3332.36065847126,3.80487185095191e-11
0.000270500000000000,0.500000000000000,440662.261712910,-197685.811135410,393831.879072368,3347.98670513685,3.82236454021963e-11
0.000271000000000000,0.500000000000000,441697.847476926,-199596.073968512,394028.419942149,3363.74118044396,3.84646301452761e-11
0.000271500000000000,0.500000000000000,442739.437460252,-201507.521531936,394224.464294997,3379.62430142450,3.86009972185194e-11
0.000272000000000000,0.500000000000000,443787.003475433,-203420.147292241,394420.014869056,3395.63628368455,3.88228958324872e-11
0.000272500000000000,0.500000000000000,444840.517266734,-205333.944763942,394615.074382383,3411.77734141612,3.90443175111958e-11
0.000273000000000000,0.500000000000000,445899.950515439,-207248.907509062,394809.645533099,3428.04768740812,3.92952029958823e-11
0.000273500000000000,0.500000000000000,446968.569581408,-209172.613769005,395003.442823847,3444.49831368361,3.95952267558388e-11
0.000274000000000000,0.500000000000000,448008.652975925,-211156.542613919,395126.141444272,3460.54746795349,3.97318717055336e-11
0.000274500000000000,0.500000000000000,449055.191256203,-213141.738702585,395248.230884066,3476.73387576112,3.99937570890238e-11
0.000275000000000000,0.500000000000000,450108.155284623,-215128.195122765,395369.714466027,3493.05778368494,4.03818666030399e-11
0.000275500000000000,0.500000000000000,451167.515818092,-217115.905012400,395490.595488837,3509.51943671497,4.06059248762204e-11
0.000276000000000000,0.500000000000000,452233.243514219,-219104.861559155,395610.877227276,3526.11907826537,4.09651334840601e-11
0.000276500000000000,0.500000000000000,453305.308937398,-221095.057999972,395730.562932431,3542.85695018672,4.12244234028025e-11
0.000277000000000000,0.500000000000000,454383.682564811,-223086.487620623,395849.655831923,3559.73329277860,4.16458021277339e-11
0.000277500000000000,0.500000000000000,455468.334792325,-225079.143755272,395968.159130109,3576.74834480162,4.19236129006655e-11
0.000278000000000000,0.500000000000000,456559.235940302,-227073.019786037,396086.076008287,3593.90234348952,4.22310498610589e-11
0.000278500000000000,0.500000000000000,457656.356259317,-229068.109142561,396203.409624913,3611.19552456130,4.27788944719908e-11
0.000279000000000000,0.500000000000000,458759.665935784,-231064.405301589,396320.163115801,3628.62812223297,4.30814484645798e-11
0.000279500000000000,0.500000000000000,459869.135097488,-233061.901786542,396436.339594331,3646.20036922950,4.34779050475922e-11
0.000280000000000000,0.500000000000000,460984.733819007,-235060.592167101,396551.942151634,3663.91249679623,4.39330320686264e-11
0.000280500000000000,0.500000000000000,462106.432127088,-237060.470058799,396666.973856822,3681.76473471081,4.43640909818796e-11
0.000281000000000000,0.500000000000000,463234.200005844,-239061.529122608,396781.437757129,3699.75731129404,4.47773315882071e-11
0.000281500000000000,0.500000000000000,464359.260953979,-241096.540421702,396865.193019510,3717.75040058148,4.53482418572281e-11
0.000282000000000000,0.500000000000000,465467.052706588,-243166.213291483,396900.201396823,3735.50995095444,4.57287261619028e-11
0.000282500000000000,0.500000000000000,466581.477164345,-245237.165257782,396934.512998290,3753.41853160107,4.63074082840882e-11
0.000283000000000000,0.500000000000000,467702.503302325,-247309.389540936,396968.131517067,3771.47640681486,4.67026343677185e-11
0.000283500000000000,0.500000000000000,468830.100010642,-249382.879409109,397001.060620259,3789.68383924118,4.72608570918190e-11
0.000284000000000000,0.500000000000000,469964.236100598,-251457.628177874,397033.303949148,3808.04108988997,4.77678821675049e-11
0.000284500000000000,0.500000000000000,471104.880310730,-253533.629209792,397064.865119414,3826.54841814806,4.82403372497593e-11
0.000285000000000000,0.500000000000000,472252.001312770,-255610.875914007,397095.747721366,3845.20608179167,4.86913752868599e-11
0.000285500000000000,0.500000000000000,473405.567717494,-257689.361745829,397125.955320161,3864.01433699868,4.91490063757156e-11
0.000286000000000000,0.500000000000000,474565.548080480,-259769.080206338,397155.491456029,3882.97343836081,4.98082580497605e-11
0.000286500000000000,0.500000000000000,475731.910907748,-261850.024841979,397184.359644476,3902.08363889548,5.02408118298757e-11
0.000287000000000000,0.500000000000000,476904.624661335,-263932.189244173,397212.563376521,3921.34519005809,5.06847401776480e-11
0.000287500000000000,0.500000000000000,478083.657764733,-266015.567048920,397240.106118891,3940.75834175356,5.13734567680775e-11
0.000288000000000000,0.500000000000000,479268.978608257,-268100.151936415,397266.991314245,3960.32334234831,5.18123898446091e-11
0.000288500000000000,0.500000000000000,480460.555554282,-270185.937630664,397293.222381364,3980.04043868153,5.23418923227505e-11
0.000289000000000000,0.500000000000000,481658.356942428,-272272.917899107,397318.802715383,3999.90987607723,5.28236215123075e-11
0.000289500000000000,0.500000000000000,482840.786164211,-274418.449891174,397277.911723013,4019.57284109781,5.34857611831430e-11
0.000290000000000000,0.500000000000000,484018.013198104,-276573.289026612,397216.128697265,4039.19719138345,5.38822607983923e-11
0.000290500000000000,0.500000000000000,485202.056817614,-278729.416211124,397153.557806863,4058.98337827661,5.44438354659730e-11
0.000291000000000000,0.500000000000000,486392.884155899,-280886.824805282,397090.203112971,4078.93168547404,5.50246745688424e-11
0.000291500000000000,0.500000000000000,487590.462281204,-283045.508215211,397026.068648887,4099.04239495859,5.53934904192617e-11
0.000292000000000000,0.500000000000000,488794.758202960,-285205.459892200,396961.158420278,4119.31578701190,5.59534826962914e-11
0.000292500000000000,0.500000000000000,490005.738877788,-287366.673332315,396895.476405421,4139.75214022702,5.64125080671206e-11
0.000293000000000000,0.500000000000000,491223.371215391,-289529.142076018,396829.026555441,4160.35173152094,5.69700887341957e-11
0.000293500000000000,0.500000000000000,492447.622084337,-291692.859707789,396761.812794541,4181.11483614686,5.72756508398779e-11
0.000294000000000000,0.500000000000000,493678.458317734,-293857.819855748,396693.839020221,4202.04172770646,5.77422215002354e-11
0.000294500000000000,0.500000000000000,494915.846718815,-296024.016191292,396625.109103520,4223.13267816209,5.81311275974717e-11
0.000295000000000000,0.500000000000000,496159.754066399,-298191.442428720,396555.626889229,4244.38795784879,5.87182694319127e-11
0.000295500000000000,0.500000000000000,497410.147120265,-300360.092324875,396485.396196122,4265.80783548627,5.89205982654036e-11
0.000296000000000000,0.500000000000000,498666.992626393,-302529.959678785,396414.420817159,4287.39257819054,5.93752570729688e-11
0.000296500000000000,0.500000000000000,499930.257322144,-304701.038331304,396342.704519725,4309.14245148595,5.97004366615389e-11
0.000297000000000000,0.500000000000000,501199.288798096,-306890.010887355,396256.543553891,4331.04701882271,6.00749239578676e-11
0.000297500000000000,0.500000000000000,502440.752437081,-309127.656648233,396089.385877370,4352.52947775069,6.05198828701602e-11
0.000298000000000000,0.500000000000000,503689.259135922,-311366.602721315,395921.341277129,4374.18740980852,6.09221179781200e-11
0.000298500000000000,0.500000000000000,504944.774268741,-313606.842572369,395752.414210071,4396.02112174672,6.14267650880897e-11
0.000299000000000000,0.500000000000000,506207.263158061,-315848.369710869,395582.609103283,4418.03091851680,6.18164400876359e-11
0.000299500000000000,0.500000000000000,507476.691080968,-318091.177689634,395411.930354295,4440.21710328428,6.22401106906567e-11
0.000300000000000000,0.500000000000000,508753.023275144,-320335.260104462,395240.382331317,4462.57997744137,6.25687322946081e-11
0.000300500000000000,0.500000000000000,510036.224944803,-322580.610593776,395067.969373490,4485.11984061975,6.28857166694535e-11
0.000301000000000000,0.500000000000000,511326.261266504,-324827.222838266,394894.695791119,4507.83699070313,6.30456889399599e-11
0.000301500000000000,0.500000000000000,512623.097394858,-327075.090560545,394720.565865916,4530.73172383962,6.33777749836685e-11
0.000302000000000000,0.500000000000000,513926.698468131,-329324.207524796,394545.583851243,4553.80433445437,6.37416188197941e-11
0.000302500000000000,0.500000000000000,515237.029613721,-331574.567536429,394369.753972336,4577.05511526156,6.39631076386941e-11
0.000303000000000000,0.500000000000000,516554.055953540,-333826.164441746,394193.080426541,4600.48435727678,6.42440818838222e-11
0.000303500000000000,0.500000000000000,517877.742609278,-336078.992127598,394015.567383549,4624.09234982900,6.44165916170118e-11
0.000304000000000000,0.500000000000000,519208.054707557,-338333.044521054,393837.218985611,4647.87938057251,6.46451035638841e-11
0.000304500000000000,0.500000000000000,520544.957384991,-340588.315589073,393658.039347783,4671.84573549900,6.47118356039731e-11
0.000305000000000000,0.500000000000000,521874.335616738,-342885.016252686,393424.310134500,4695.73831336917,6.50170355691606e-11
0.000305500000000000,0.500000000000000,523188.863025591,-345205.181000568,393141.157098027,4719.42390334501,6.54134551768101e-11
0.000306000000000000,0.500000000000000,524510.636900982,-347526.648069647,392857.018651506,4743.30014176335,6.55989345541367e-11
0.000306500000000000,0.500000000000000,525839.620803527,-349849.411086408,392571.899617497,4767.36735873788,6.56380183411029e-11
0.000307000000000000,0.500000000000000,527175.778261144,-352173.463718861,392285.804787151,4791.62588250418,6.57490935118904e-11
0.000307500000000000,0.500000000000000,528519.072775130,-354498.799676197,391998.738920445,4816.07603943248,6.59030935598847e-11
0.000308000000000000,0.500000000000000,529869.467826150,-356825.412708458,391710.706746454,4840.71815404081,6.60205515596400e-11
0.000308500000000000,0.500000000000000,531226.926880078,-359153.296606201,391421.712963589,4865.55254900779,6.58539124777236e-11
0.000309000000000000,0.500000000000000,532591.413393756,-361482.445200179,391131.762239859,4890.57954518550,6.61120751937685e-11
0.000309500000000000,0.500000000000000,533962.890820597,-363812.852361007,390840.859213103,4915.79946161187,6.62581493632940e-11
0.000310000000000000,0.500000000000000,535341.322616102,-366144.511998845,390549.008491233,4941.21261552341,6.62358082680281e-11
0.000310500000000000,0.500000000000000,536726.672243267,-368477.418063080,390256.214652499,4966.81932236778,6.62357183721498e-11
0.000311000000000000,0.500000000000000,538118.903177824,-370811.564542008,389962.482245680,4992.61989581560,6.60443720487322e-11
0.000311500000000000,0.500000000000000,539517.978913451,-373146.945462525,389667.815790375,5018.61464777335,6.61190460687336e-11
0.000312000000000000,0.500000000000000,540923.862966798,-375483.554889818,389372.219777205,5044.80388839523,6.62392940569284e-11
0.000312500000000000,0.500000000000000,542345.337248510,-377823.214306528,389086.216109339,5071.35284198620,6.61938166499629e-11
0.000313000000000000,0.500000000000000,543727.571705082,-380222.436010978,388677.979034295,5097.23572814320,6.60429609213327e-11
0.000313500000000000,0.500000000000000,545117.305652483,-382622.964370274,388268.649337448,5123.32546416936,6.57246392421306e-11
0.000314000000000000,0.500000000000000,546514.500859231,-385024.793142435,387858.232238326,5149.62240774852,6.57561466431466e-11
0.000314500000000000,0.500000000000000,547919.119073247,-387427.916125173,387446.732923261,5176.12691458627,6.55855567418392e-11
0.000315000000000000,0.500000000000000,549331.122028018,-389832.327155582,387034.156545678,5202.83933842347,6.54672868764420e-11
0.000315500000000000,0.500000000000000,550750.471448585,-392238.020109821,386620.508226305,5229.76003104894,6.53242704223492e-11
0.000316000000000000,0.500000000000000,552177.129057480,-394644.988902807,386205.793053475,5256.88934231311,6.54298463563301e-11
0.000316500000000000,0.500000000000000,553611.056580503,-397053.227487915,385790.016083375,5284.22762014105,6.53517143665156e-11
0.000317000000000000,0.500000000000000,555052.215752358,-399462.729856661,385373.182340270,5311.77521054487,6.51769365147960e-11
0.000317500000000000,0.500000000000000,556500.568322230,-401873.490038416,384955.296816797,5339.53245763733,6.49659543695464e-11
0.000318000000000000,0.500000000000000,557956.076059171,-404285.502100098,384536.364474179,5367.49970364392,6.48750818666795e-11
0.000318500000000000,0.500000000000000,559418.700757421,-406698.760145884,384116.390242491,5395.67728891587,6.45096277287338e-11
0.000319000000000000,0.500000000000000,560888.404241591,-409113.258316916,383695.379020904,5424.06555194274,6.46730800926384e-11
0.000319500000000000,0.500000000000000,562365.148371710,-411528.990791007,383273.335677908,5452.66482936440,6.45648787982400e-11
0.000320000000000000,0.500000000000000,563848.895048191,-413945.951782363,382850.265051572,5481.47545598389,6.44631570750791e-11
0.000320500000000000,0.500000000000000,565334.295753261,-416388.124660997,382392.201275253,5510.39424060061,6.46046296183570e-11
0.000321000000000000,0.500000000000000,566793.836508865,-418864.939604526,381847.371962325,5538.88367421444,6.43314010832644e-11
0.000321500000000000,0.500000000000000,568261.106305162,-421343.054831917,381301.344193899,5567.59801619252,6.46497455454749e-11
0.000322000000000000,0.500000000000000,569736.065065140,-423822.464285947,380754.123552847,5596.53765234327,6.43996852427341e-11
0.000322500000000000,0.500000000000000,571218.672708891,-426303.161946958,380205.715587408,5625.70296640185,6.46570836020626e-11
0.000323000000000000,0.500000000000000,572708.889159714,-428785.141832563,379656.125811480,5655.09434004403,6.44232848302362e-11
0.000323500000000000,0.500000000000000,574206.674350065,-431268.397997363,379105.359704858,5684.71215289934,6.46320327009795e-11
0.000324000000000000,0.500000000000000,575711.988227408,-433752.924532659,378553.422713520,5714.55678256475,6.47739899968899e-11
0.000324500000000000,0.500000000000000,577224.790759915,-436238.715566167,378000.320249875,5744.62860461771,6.48325338798745e-11
0.000325000000000000,0.500000000000000,578745.041942055,-438725.765261741,377446.057693030,5774.92799262950,6.49753280864212e-11
0.000325500000000000,0.500000000000000,580272.701800048,-441214.067819096,376890.640389030,5805.45531817806,6.51456065516394e-11
0.000326000000000000,0.500000000000000,581807.730397213,-443703.617473530,376334.073651137,5836.21095086131,6.53325773625026e-11
0.000326500000000000,0.500000000000000,583350.087839162,-446194.408495655,375776.362760048,5867.19525830963,6.53376990855785e-11
0.000327000000000000,0.500000000000000,584899.734278911,-448686.435191122,375217.512964178,5898.40860619897,6.58133142847282e-11
0.000327500000000000,0.500000000000000,586456.629921834,-451179.691900359,374657.529479887,5929.85135826336,6.58888591022765e-11
0.000328000000000000,0.500000000000000,588020.735030522,-453674.172998304,374096.417491722,5961.52387630751,6.60640068829391e-11
0.000328500000000000,0.500000000000000,589571.740980352,-456213.545083319,373448.843946683,5993.01444418282,6.62115644893765e-11
0.000329000000000000,0.500000000000000,591111.109146477,-458764.509881055,372756.579861407,6024.35074752376,6.64488850702358e-11
0.000329500000000000,0.500000000000000,592658.450244751,-461316.763929100,372063.008057093,6055.93170080189,6.65122656033636e-11
0.000330000000000000,0.500000000000000,594213.722322310,-463870.301367227,371368.134477925,6087.75772062303,6.67193200786514e-11
0.000330500000000000,0.500000000000000,595776.883440565,-466425.116370669,370671.965032103,6119.82922141643,6.69366842795152e-11
0.000331000000000000,0.500000000000000,597347.891681249,-468981.203149857,369974.505592137,6152.14661544885,6.68952731359584e-11
0.000331500000000000,0.500000000000000,598926.705152320,-471538.555950147,369275.761995102,6184.71031283816,6.69289469084777e-11
0.000332000000000000,0.500000000000000,600513.281993739,-474097.169051565,368575.740042917,6217.52072156710,6.70278945897486e-11
0.000332500000000000,0.500000000000000,602107.580383115,-476657.036768544,367874.445502593,6250.57824749671,6.72519803947372e-11
0.000333000000000000,0.500000000000000,603709.558541215,-479218.153449659,367171.884106514,6283.88329437980,6.72839801548200e-11
0.000333500000000000,0.500000000000000,605319.174737351,-481780.513477384,366468.061552677,6317.43626387428,6.70753676705571e-11
0.000334000000000000,0.500000000000000,606936.387294643,-484344.111267824,365762.983504967,6351.23755555643,6.71382203769645e-11
0.000334500000000000,0.500000000000000,608561.154595144,-486908.941270475,365056.655593403,6385.28756693405,6.72000689869387e-11
0.000335000000000000,0.500000000000000,610193.435084848,-489474.997967968,364349.083414388,6419.58669345943,6.71373117820016e-11
0.000335500000000000,0.500000000000000,611833.187278571,-492042.275875826,363640.272530963,6454.13532854234,6.70405539660877e-11
0.000336000000000000,0.500000000000000,613485.198928960,-494620.954974660,362924.510339080,6489.03602249837,6.68818303267775e-11
0.000336500000000000,0.500000000000000,615098.861934057,-497240.625045795,362075.089942183,6523.21741297539,6.75567665959564e-11
0.000337000000000000,0.500000000000000,616720.801303386,-499861.573969993,361224.242858272,6557.66459931535,6.73307880178905e-11
0.000337500000000000,0.500000000000000,618350.973137706,-502483.796063463,360371.975428169,6592.37803414394,6.74605912321133e-11
0.000338000000000000,0.500000000000000,619989.333562657,-505107.285676042,359518.293955188,6627.35816778392,6.78471921705633e-11
0.000338500000000000,0.500000000000000,621635.838734888,-507732.037190956,358663.204705402,6662.60544826944,6.80608858464616e-11
0.000339000000000000,0.500000000000000,623290.444848047,-510358.045024566,357806.713907913,6698.12032135994,6.85829750012778e-11
0.000339500000000000,0.500000000000000,624953.108138641,-512985.303626129,356948.827755122,6733.90323055427,6.87073134600187e-11
0.000340000000000000,0.500000000000000,626623.784891755,-515613.807477547,356089.552403008,6769.95461710463,6.91156981615367e-11
0.000340500000000000,0.500000000000000,628302.431446649,-518243.551093142,355228.893971396,6806.27492003054,6.93900566683202e-11
0.000341000000000000,0.500000000000000,629989.004202199,-520874.529019404,354366.858544211,6842.86457613239,6.96593565818893e-11
0.000341500000000000,0.500000000000000,631683.459622221,-523506.735834762,353503.452169750,6879.72402000513,7.00385121145857e-11
0.000342000000000000,0.500000000000000,633385.754240661,-526140.166149353,352638.680860938,6916.85368405193,7.07586956251484e-11
0.000342500000000000,0.500000000000000,635095.844666657,-528774.814604786,351772.550595592,6954.25399849749,7.09665789873902e-11
0.000343000000000000,0.500000000000000,636813.687589463,-531410.675873915,350905.067316673,6991.92539140156,7.15127945265757e-11
0.000343500000000000,0.500000000000000,638539.239783250,-534047.744660611,350036.236932528,7029.86828867191,7.20034047769239e-11
0.000344000000000000,0.500000000000000,640261.591394929,-536713.380961700,349104.070603922,7067.84319682013,7.25265249265676e-11
0.000344500000000000,0.500000000000000,641960.530110708,-539398.116041111,348084.752081043,7105.40210724175,7.32350823345062e-11
0.000345000000000000,0.500000000000000,643668.023559574,-542084.108222804,347063.890610037,7143.25042332912,7.39354928835834e-11
0.000345500000000000,0.500000000000000,645384.025844020,-544771.352049025,346041.492889670,7181.38863473508,7.45219071211179e-11
0.000346000000000000,0.500000000000000,647108.491107833,-547459.842093572,345017.565579983,7219.81722868718,7.50173677265335e-11
0.000346500000000000,0.500000000000000,648841.373542195,-550149.572961559,343992.115302571,7258.53669000211,7.57260938241552e-11
0.000347000000000000,0.500000000000000,650582.627391649,-552840.539289194,342965.148640871,7297.54750110037,7.64687372353804e-11
0.000347500000000000,0.500000000000000,652332.206959918,-555532.735743562,341936.672140428,7336.85014202064,7.73263245894636e-11
0.000348000000000000,0.500000000000000,654090.066615569,-558226.157022389,340906.692309163,7376.44509043379,7.77596312249608e-11
0.000348500000000000,0.500000000000000,655856.160797574,-560920.797853835,339875.215617659,7416.33282165747,7.83846001976693e-11
0.000349000000000000,0.500000000000000,657630.444020691,-563616.652996269,338842.248499409,7456.51380866985,7.91418602243248e-11
0.000349500000000000,0.500000000000000,659412.870880743,-566313.717238058,337807.797351092,7496.98852212385,7.96847345189808e-11
0.000350000000000000,0.500000000000000,661203.396059741,-569011.985397346,336771.868532845,7537.75743036093,8.04043233911147e-11
0.000350500000000000,0.500000000000000,663001.974330872,-571711.452321847,335734.468368499,7578.82099942472,8.10007281440854e-11
0.000351000000000000,0.500000000000000,664808.560563378,-574412.112888631,334695.603145858,7620.17969307502,8.18727781248275e-11
0.000351500000000000,0.500000000000000,666623.109727285,-577113.962003924,333655.279116950,7661.83397280132,8.26975534760927e-11
0.000352000000000000,0.500000000000000,668418.110939389,-579857.417872086,332487.813266138,7703.15122468588,8.31386829368839e-11
0.000352500000000000,0.500000000000000,670205.544394228,-582601.453750120,331286.911641571,7744.40468511662,8.33306799909563e-11
0.000353000000000000,0.500000000000000,672001.828969195,-585346.719114200,330084.347644939,7785.97341617144,8.37127093395845e-11
0.000353500000000000,0.500000000000000,673806.916694330,-588093.208747271,328880.128330154,7827.85794801930,8.39902259180052e-11
0.000354000000000000,0.500000000000000,675620.759657169,-590840.917461754,327674.260711280,7870.05880827122,8.45668682828333e-11
0.000354500000000000,0.500000000000000,677443.310008824,-593589.840099335,326466.751762807,7912.57652199503,8.49272502927292e-11
0.000355000000000000,0.500000000000000,679274.519969916,-596339.971530761,325257.608419928,7955.41161173035,8.53191042853338e-11
0.000355500000000000,0.500000000000000,681114.341836366,-599091.306655635,324046.837578814,7998.56459750322,8.57062559715402e-11
0.000356000000000000,0.500000000000000,682962.727985055,-601843.840402216,322834.446096913,8042.03599684118,8.59841448316231e-11
0.000356500000000000,0.500000000000000,684819.630879306,-604597.567727216,321620.440793186,8085.82632478739,8.64242032420012e-11
0.000357000000000000,0.500000000000000,686685.003074247,-607352.483615596,320404.828448395,8129.93609391516,8.68346072166842e-11
0.000357500000000000,0.500000000000000,688558.797222047,-610108.583080383,319187.615805375,8174.36581434263,8.70933898823941e-11
0.000358000000000000,0.500000000000000,690440.966076970,-612865.861162453,317968.809569279,8219.11599374655,8.77163536710010e-11
0.000358500000000000,0.500000000000000,692331.462500338,-615624.312930352,316748.416407863,8264.18713737684,8.81902080678530e-11
0.000359000000000000,0.500000000000000,694230.239465341,-618383.933480104,315526.442951742,8309.57974807078,8.82136972139410e-11
0.000359500000000000,0.500000000000000,696137.244913167,-621159.641873582,314273.389046509,8355.29420267749,8.86505876056041e-11
0.000360000000000000,0.500000000000000,698007.442503675,-623955.129786043,312880.785290825,8400.24809983658,8.96530930151131e-11
0.000360500000000000,0.500000000000000,699886.856860222,-626751.818273185,311486.389264342,8445.54504147725,8.96104551306120e-11
0.000361000000000000,0.500000000000000,701775.437785378,-629549.702346463,310090.208414163,8491.18560480791,9.01241427682643e-11
0.000361500000000000,0.500000000000000,703673.135149096,-632348.777044944,308692.250146197,8537.17036431997,9.04237708684697e-11
0.000362000000000000,0.500000000000000,705579.898894917,-635149.037435094,307292.521825434,8583.49989180278,9.09063876567087e-11
0.000362500000000000,0.500000000000000,707495.679046058,-637950.478610604,305891.030776229,8630.17475635936,9.13128890004387e-11
0.000363000000000000,0.500000000000000,709420.425711336,-640753.095692197,304487.784282587,8677.19552442161,9.16927320007461e-11
0.000363500000000000,0.500000000000000,711354.089090931,-643556.883827439,303082.789588429,8724.56275976531,9.21033641353239e-11
0.000364000000000000,0.500000000000000,713296.619482021,-646361.838190562,301676.053897881,8772.27702352551,9.25232465913087e-11
0.000364500000000000,0.500000000000000,715247.967284250,-649167.953982273,300267.584375539,8820.33887421123,9.27745140443984e-11
0.000365000000000000,0.500000000000000,717208.083005051,-651975.226429574,298857.388146732,8868.74886772035,9.30083414254912e-11
0.000365500000000000,0.500000000000000,719176.917264858,-654783.650785595,297445.472297818,8917.50755735490,9.39003923090408e-11
0.000366000000000000,0.500000000000000,721154.420802104,-657593.222329394,296031.843876402,8966.61549383480,9.40339483245488e-11
0.000366500000000000,0.500000000000000,723140.544478174,-660403.936365800,294616.509891667,9016.07322531363,9.43020519277635e-11
0.000367000000000000,0.500000000000000,725135.239282117,-663215.788225218,293199.477314569,9065.88129739195,9.48500280318302e-11
0.000367500000000000,0.500000000000000,727121.014277919,-666052.829148304,291682.358376523,9115.60292076811,9.52285320057415e-11
0.000368000000000000,0.500000000000000,729086.621521946,-668893.422237801,290084.283216599,9164.95347728079,9.62003330070663e-11
0.000368500000000000,0.500000000000000,731061.783298097,-671735.175016113,288484.290118310,9214.67812067231,9.62971403374534e-11
0.000369000000000000,0.500000000000000,733046.447132285,-674578.082769049,286882.386878143,9264.77747678046,9.68990350269585e-11
0.000369500000000000,0.500000000000000,735040.560633948,-677422.140807951,285278.581250399,9315.25216857015,9.74169370709592e-11
0.000370000000000000,0.500000000000000,737044.071502252,-680267.344469496,283672.880947468,9366.10281614856,9.78112823223534e-11
0.000370500000000000,0.500000000000000,739056.927532179,-683113.689115534,282065.293640091,9417.33003678112,9.83419641148871e-11
0.000371000000000000,0.500000000000000,741079.076620460,-685961.170132919,280455.826957669,9468.93444490749,9.90052760287335e-11
0.000371500000000000,0.500000000000000,743110.466771335,-688809.782933346,278844.488488527,9520.91665215708,9.95084873734065e-11
0.000372000000000000,0.500000000000000,745151.046102161,-691659.522953170,277231.285780192,9573.27726736456,1.00268457628477e-10
0.000372500000000000,0.500000000000000,747200.762848880,-694510.385653253,275616.226339666,9626.01689658532,1.00787189263812e-10
0.000373000000000000,0.500000000000000,749259.565371328,-697362.366518796,273999.317633705,9679.13614311089,1.01276934103153e-10
0.000373500000000000,0.500000000000000,751327.402158391,-700215.461059174,272380.567089071,9732.63560748407,1.02188344265562e-10
0.000374000000000000,0.500000000000000,753404.221833027,-703069.664807778,270759.982092824,9786.51588751428,1.02619621413783e-10
0.000374500000000000,0.500000000000000,755489.973157123,-705924.973321847,269137.569992559,9840.77757829225,1.03361838749069e-10
0.000375000000000000,0.500000000000000,757597.091242311,-708789.943503168,267526.014898711,9895.74745963465,1.04290842621889e-10
0.000375500000000000,0.500000000000000,759652.178167964,-711665.947472188,265712.271082549,9949.50744474711,1.04621708612755e-10
0.000376000000000000,0.500000000000000,761717.233430973,-714543.067525343,263896.472801757,10003.6748914782,1.05234565045621e-10
0.000376500000000000,0.500000000000000,763792.202074489,-717421.299216075,262078.628241441,10058.2504818931,1.06049087842077e-10
0.000377000000000000,0.500000000000000,765877.029235056,-720300.638121428,260258.745543310,10113.2348949985,1.06643542242913e-10
0.000377500000000000,0.500000000000000,767971.660149001,-723181.079841873,258436.832805922,10168.6288067589,1.07200364340799e-10
0.000378000000000000,0.500000000000000,770076.040158712,-726062.620001159,256612.898084983,10224.4328901124,1.08195409909571e-10
0.000378500000000000,0.500000000000000,772190.114718722,-728945.254246158,254786.949393639,10280.6478149882,1.09119843510248e-10
0.000379000000000000,0.500000000000000,774313.829401661,-731828.978246719,252958.994702753,10337.2742483218,1.09549581409349e-10
0.000379500000000000,0.500000000000000,776447.129904006,-734713.787695506,251129.041941173,10394.3128540719,1.10501425603681e-10
0.000380000000000000,0.500000000000000,778589.962051708,-737599.678307853,249297.098996021,10451.7642932359,1.11127870754259e-10
0.000380500000000000,0.500000000000000,780742.271805649,-740486.645821620,247463.173712964,10509.6292238663,1.11848888524960e-10
0.000381000000000000,0.500000000000000,782904.005266935,-743374.685997036,245627.273896480,10567.9083010864,1.12745344359690e-10
0.000381500000000000,0.500000000000000,785075.108682051,-746263.794616560,243789.407310134,10626.6021771058,1.13402381998673e-10
0.000382000000000000,0.500000000000000,787255.528447852,-749153.967484727,241949.581676843,10685.7115012363,1.14245401656436e-10
0.000382500000000000,0.500000000000000,789445.211116430,-752045.200428021,240107.804679154,10745.2369199080,1.14951335877081e-10
0.000383000000000000,0.500000000000000,791638.264786940,-754950.747610933,238202.667820013,10805.0196943945,1.15945775627889e-10
0.000383500000000000,0.500000000000000,793796.758893163,-757853.702179101,236158.972987944,10864.0223177464,1.16954986399741e-10
0.000384000000000000,0.500000000000000,795965.604699406,-760757.716858236,234113.092553867,10923.4697218016,1.17841688799692e-10
0.000384500000000000,0.500000000000000,798144.744718449,-763662.787512666,232065.035044193,10983.3626469255,1.18929481862187e-10
0.000385000000000000,0.500000000000000,800334.121572985,-766568.910028198,230014.808941039,11043.7018302414,1.19783186072237e-10
0.000385500000000000,0.500000000000000,802533.678002105,-769476.080311992,227962.422682509,11104.4880056480,1.20722814430140e-10
0.000386000000000000,0.500000000000000,804743.356867572,-772384.294292408,225907.884662990,11165.7219038360,1.21911405063161e-10
0.000386500000000000,0.500000000000000,806963.101159956,-775293.547918876,223851.203233430,11227.4042523051,1.23022456163144e-10
0.000387000000000000,0.500000000000000,809192.854004586,-778203.837161760,221792.386701617,11289.5357753808,1.23833018011055e-10
0.000387500000000000,0.500000000000000,811432.558667342,-781115.158012223,219731.443332466,11352.1171942315,1.25160629774796e-10
0.000388000000000000,0.500000000000000,813682.158560277,-784027.506482093,217668.381348287,11415.1492268847,1.26111428541273e-10
0.000388500000000000,0.500000000000000,815941.597247077,-786940.878603726,215603.208929057,11478.6325882433,1.27267721162157e-10
0.000389000000000000,0.500000000000000,818210.818448365,-789855.270429875,213535.934212704,11542.5679901025,1.28381879250794e-10
0.000389500000000000,0.500000000000000,820489.766046858,-792770.678033572,211466.565295366,11606.9561411660,1.29543895848173e-10
0.000390000000000000,0.500000000000000,822778.384092334,-795687.097507973,209395.110231659,11671.7977470619,1.30711304165891e-10
0.000390500000000000,0.500000000000000,825076.616806487,-798604.524966256,207321.577034953,11737.0935103593,1.32055924049946e-10
0.000391000000000000,0.500000000000000,827359.156698718,-801533.569231809,205102.685423011,11802.1236926416,1.33057289404112e-10
0.000391500000000000,0.500000000000000,829625.693575784,-804452.738172658,202816.625274196,11866.8757145017,1.34032665522282e-10
0.000392000000000000,0.500000000000000,831902.988509184,-807372.903169263,200528.246186285,11932.1134877674,1.35076340159406e-10
0.000392500000000000,0.500000000000000,834190.981345234,-810294.060415038,198237.557021457,11997.8378165125,1.36106872704212e-10
0.000393000000000000,0.500000000000000,836489.612057156,-813216.206122775,195944.566596807,12064.0495013712,1.36875543341339e-10
0.000393500000000000,0.500000000000000,838798.820751576,-816139.336524514,193649.283684604,12130.7493395558,1.37634160211686e-10
0.000394000000000000,0.500000000000000,841118.547674868,-819063.447871416,191351.717012595,12197.9381248738,1.38414653452394e-10
0.000394500000000000,0.500000000000000,843448.733219321,-821988.536433653,189051.875264275,12265.6166477462,1.39069804042163e-10
0.000395000000000000,0.500000000000000,845789.317929122,-824914.598500283,186749.767079178,12333.7856952243,1.39546044457739e-10
0.000395500000000000,0.500000000000000,848140.242506167,-827841.630379125,184445.401053138,12402.4460510073,1.40241531932389e-10
0.000396000000000000,0.500000000000000,850501.447815715,-830769.628396644,182138.785738593,12471.5984954591,1.41194514586537e-10
0.000396500000000000,0.500000000000000,852872.874891875,-833698.588897852,179829.929644822,12541.2438056264,1.41365683167657e-10
0.000397000000000000,0.500000000000000,855254.464942887,-836628.508246146,177518.841238250,12611.3827552542,1.42094861439931e-10
0.000397500000000000,0.500000000000000,857646.159356310,-839559.382823239,175205.528942700,12682.0161148040,1.42808137918628e-10
0.000398000000000000,0.500000000000000,860047.899703998,-842491.209029024,172890.001139659,12753.1446514700,1.43267666195042e-10
0.000398500000000000,0.500000000000000,862467.184362391,-845434.609434918,170557.806246498,12824.9938638274,1.43301851489461e-10
0.000399000000000000,0.500000000000000,864835.475218826,-848357.160142394,168019.427543677,12895.5241240857,1.43959832376114e-10
0.000399500000000000,0.500000000000000,867215.017453585,-851280.637785004,165478.585410252,12966.5842499486,1.44418368813841e-10
0.000400000000000000,0.500000000000000,869605.747961913,-854205.038886731,162935.289084092,13038.1751187655,1.44279487866791e-10
0.000400500000000000,0.500000000000000,872007.603776720,-857130.359988927,160389.547756924,13110.2976042141,1.44544572432162e-10
0.000401000000000000,0.500000000000000,874420.522075345,-860056.597650200,157841.370574642,13182.9525763193,1.44713125471927e-10
0.000401500000000000,0.500000000000000,876844.440186109,-862983.748446287,155290.766637578,13256.1409014705,1.44954059348935e-10
0.000402000000000000,0.500000000000000,879279.295594736,-865911.808969973,152737.745000780,13329.8634424409,1.45282527682243e-10
0.000402500000000000,0.500000000000000,881725.025950546,-868840.775830967,150182.314674315,13404.1210584050,1.45340473313356e-10
0.000403000000000000,0.500000000000000,884181.569072497,-871770.645655806,147624.484623528,13478.9146049570,1.45909505638775e-10
0.000403500000000000,0.500000000000000,886648.862955026,-874701.415087745,145064.263769326,13554.2449341283,1.46254999009877e-10
0.000404000000000000,0.500000000000000,889126.845773733,-877633.080786657,142501.660988453,13630.1128944060,1.46287142060147e-10
0.000404500000000000,0.500000000000000,891615.455890900,-880565.639428945,139936.685113772,13706.5193307506,1.46278409835478e-10
0.000405000000000000,0.500000000000000,894114.631860773,-883499.087707390,137369.344934508,13783.4650846125,1.46529457771096e-10
0.000405500000000000,0.500000000000000,896624.312434804,-886433.422331125,134799.649196558,13860.9509939515,1.46699825412810e-10
0.000406000000000000,0.500000000000000,899144.436566577,-889368.640025465,132227.606602718,13938.9778932522,1.46717615636904e-10
0.000406500000000000,0.500000000000000,901662.058385554,-892306.456064692,129551.750267385,14017.1459919323,1.47131742572945e-10
0.000407000000000000,0.500000000000000,904148.198129893,-895220.264602434,126746.368889529,14094.5511065781,1.47116141684778e-10
0.000407500000000000,0.500000000000000,906646.047179303,-898134.918103689,123938.386905489,14172.5354287216,1.47747203131539e-10
0.000408000000000000,0.500000000000000,909155.539439987,-901050.413461956,121127.813876304,14251.0999119727,1.47886442859627e-10
0.000408500000000000,0.500000000000000,911676.608973971,-903966.747585975,118314.659316220,14330.2455060393,1.48846336131969e-10
0.000409000000000000,0.500000000000000,914209.190005886,-906883.917399579,115498.932692952,14409.9731567451,1.48560698805816e-10
0.000409500000000000,0.500000000000000,916753.216929668,-909801.919841648,112680.643427987,14490.2838060499,1.49197997291144e-10
0.000410000000000000,0.500000000000000,919308.624314958,-912720.751865963,109859.800896829,14571.1783920666,1.49137164644728e-10
0.000410500000000000,0.500000000000000,921875.346913440,-915640.410441178,107036.414429328,14652.6578490823,1.49638216417701e-10
0.000411000000000000,0.500000000000000,924453.319664865,-918560.892550674,104210.493309919,14734.7231075757,1.50002236032880e-10
0.000411500000000000,0.500000000000000,927042.477702981,-921482.195192507,101382.046777916,14817.3750942359,1.50446404692891e-10
0.000412000000000000,0.500000000000000,929642.756361249,-924404.315379308,98551.0840277881,14900.6147319817,1.50581792368387e-10
0.000412500000000000,0.500000000000000,932254.091178348,-927327.250138173,95717.6142094092,14984.4429399788,1.51046592508106e-10
0.000413000000000000,0.500000000000000,934876.417903592,-930250.996510623,92881.6464283678,15068.8606336595,1.51533622964436e-10
0.000413500000000000,0.500000000000000,937509.672502048,-933175.551552456,90043.1897461811,15153.8687247396,1.51888306299666e-10
0.000414000000000000,0.500000000000000,940153.791159624,-936100.912333727,87202.2531806229,15239.4681212382,1.52213313310906e-10
0.000414500000000000,0.500000000000000,942774.142996713,-939009.962288771,84162.7912181365,15324.5359431584,1.52784357538208e-10
0.000415000000000000,0.500000000000000,945383.758277879,-941900.620922401,81078.1766050749,15409.4905244070,1.53555708233543e-10
0.000415500000000000,0.500000000000000,948005.566540918,-944792.033055146,77990.8229735489,15495.0785205615,1.53421076343892e-10
0.000416000000000000,0.500000000000000,950639.498534495,-947684.195970068,74900.7401998272,15581.3009685158,1.53886329696803e-10
0.000416500000000000,0.500000000000000,953285.485181985,-950577.106963263,71807.9381127528,15668.1589010112,1.54260531950248e-10
0.000417000000000000,0.500000000000000,955943.457588433,-953470.763343811,68712.4264940283,15755.6533466574,1.54734027489674e-10
0.000417500000000000,0.500000000000000,958613.347047258,-956365.162433669,65614.2150784983,15843.7853299508,1.54992331821530e-10
0.000418000000000000,0.500000000000000,961295.085046801,-959260.301567610,62513.3135544265,15932.5558712955,1.55440479305092e-10
0.000418500000000000,0.500000000000000,963988.603276667,-962156.178093151,59409.7315637804,16021.9659870224,1.55647112877104e-10
0.000419000000000000,0.500000000000000,966693.833633847,-965052.789370458,56303.4787025010,16112.0166894087,1.55896661688756e-10
0.000419500000000000,0.500000000000000,969410.708228700,-967950.132772300,53194.5645207840,16202.7089866978,1.56006529085175e-10
0.000420000000000000,0.500000000000000,972139.159390675,-970848.205683937,50082.9985233439,16294.0438831174,1.56357850419754e-10
0.000420500000000000,0.500000000000000,974879.119673935,-973747.005503083,46968.7901696923,16386.0223789004,1.56470454865629e-10
0.000421000000000000,0.500000000000000,977630.521862703,-976646.529639797,43851.9488743949,16478.6454703024,1.56619052839839e-10
0.000421500000000000,0.500000000000000,980393.298976530,-979546.775516450,40732.4840073508,16571.9141496221,1.56601421550789e-10
0.000422000000000000,0.500000000000000,983168.849812057,-982451.106205129,37560.7661939947,16665.8790903580,1.57178500505105e-10
0.000422500000000000,0.500000000000000,985895.153680741,-985302.212547007,34187.7756097797,16758.4354146754,1.57437733659288e-10
0.000423000000000000,0.500000000000000,988634.233614525,-988153.973279160,30811.8965204707,16851.6835840445,1.57728383482999e-10
0.000423500000000000,0.500000000000000,991386.016838462,-991006.386083777,27433.1391568957,16945.6247307385,1.58471575615108e-10
0.000424000000000000,0.500000000000000,994150.430764976,-993859.448654007,24051.5137016326,17040.2599825894,1.59115867088965e-10
0.000424500000000000,0.500000000000000,996927.403001072,-996713.158693856,20667.0302892748,17135.5904630080,1.59411887411427e-10
0.000425000000000000,0.500000000000000,999716.861355378,-999567.513918137,17279.6990067379,17231.6172910043,1.60019102295403e-10
0.000425500000000000,0.500000000000000,1002518.73384497,-1002422.51205241,13889.5298935156,17328.3415812090,1.60635430639781e-10
0.000426000000000000,0.500000000000000,1005332.94870197,-1005278.15083289,10496.5329419635,17425.7644438932,1.61029456545296e-10
0.000426500000000000,0.500000000000000,1008159.43438000,-1008134.42800645,7100.71809759086,17523.8869849895,1.61801922460355e-10
0.000427000000000000,0.500000000000000,1010998.11956032,-1010991.34133047,3702.09525931875,17622.7103061120,1.62462834978218e-10
0.000427500000000000,0.500000000000000,1013848.93315791,-1013848.88857286,300.674279751996,17722.2355045765,1.63307264714223e-10
0.000428000000000000,0.500000000000000,1016711.80432727,-1016707.06751193,-3103.53503453027,17822.4636734209,1.63853706144704e-10
0.000428500000000000,0.500000000000000,1019586.66246800,-1019565.87593638,-6510.52292273499,17923.3959014249,1.64649393742424e-10
0.000429000000000000,0.500000000000000,1022473.43723029,-1022425.31164521,-9920.27966957913,18025.0332731297,1.65299024956479e-10
0.000429500000000000,0.500000000000000,1025372.05852012,-1025285.37244767,-13332.7956049883,18127.3768688586,1.66033671546137e-10
0.000430000000000000,0.500000000000000,1028261.04325643,-1028122.20332950,-16896.9849292894,18229.6685013588,1.66762733141451e-10
0.000430500000000000,0.500000000000000,1031122.63482460,-1030917.38069579,-20572.8516972275,18331.2739318557,1.67370178406079e-10
0.000431000000000000,0.500000000000000,1033997.54384292,-1033713.10016072,-24251.7469333537,18433.6365633311,1.68415047557741e-10
0.000431500000000000,0.500000000000000,1036885.69399074,-1036509.35983981,-27933.6601099633,18536.7576276322,1.69163098751573e-10
0.000432000000000000,0.500000000000000,1039787.00915556,-1039306.15785732,-31618.5807481006,18640.6383518736,1.69956082183927e-10
0.000432500000000000,0.500000000000000,1042701.41344040,-1042103.49234619,-35306.4984172594,18745.2799584588,1.70438190170313e-10
0.000433000000000000,0.500000000000000,1045628.83117093,-1044901.36144796,-38997.4027351195,18850.6836651015,1.71093339375482e-10
0.000433500000000000,0.500000000000000,1048569.18690240,-1047699.76331277,-42691.2833672526,18956.8506848478,1.71973887271863e-10
0.000434000000000000,0.500000000000000,1051522.40542636,-1050498.69609927,-46388.1300268580,19063.7822260974,1.72570667450541e-10
0.000434500000000000,0.500000000000000,1054488.41177711,-1053298.15797458,-50087.9324744909,19171.4794926244,1.73094288148341e-10
0.000435000000000000,0.500000000000000,1057467.13123802,-1056098.14711427,-53790.6805177724,19279.9436835993,1.74084724857913e-10
0.000435500000000000,0.500000000000000,1060458.48934758,-1058898.66170226,-57496.3640111415,19389.1759936094,1.74758434372570e-10
0.000436000000000000,0.500000000000000,1063462.41190532,-1061699.69993083,-61204.9728555689,19499.1776126806,1.75130557202577e-10
0.000436500000000000,0.500000000000000,1066478.82497742,-1064501.26000052,-64916.4969983095,19609.9497262970,1.75569138585288e-10
0.000437000000000000,0.500000000000000,1069507.65490227,-1067303.34012011,-68630.9264326082,19721.4935154232,1.76508444813284e-10
0.000437500000000000,0.500000000000000,1072566.92455790,-1070124.86647775,-72336.5592322935,19834.4794423378,1.76719436731188e-10
0.000438000000000000,0.500000000000000,1075556.56055945,-1072845.11328171,-76323.5079777281,19945.2054303874,1.77408415168354e-10
0.000438500000000000,0.500000000000000,1078560.16434112,-1075565.78040831,-80313.6359419195,20056.7591052335,1.77856176086569e-10
0.000439000000000000,0.500000000000000,1081577.65561434,-1078286.86642136,-84306.9322619395,20169.1418124866,1.78080293493204e-10
0.000439500000000000,0.500000000000000,1084608.95431299,-1081008.36989123,-88303.3861242783,20282.3548926882,1.78433450086686e-10
0.000440000000000000,0.500000000000000,1087653.98060106,-1083730.28939477,-92302.9867645944,20396.3996813332,1.78703309706567e-10
0.000440500000000000,0.500000000000000,1090712.65488019,-1086452.62351527,-96305.7234674149,20511.2775088930,1.79374575436518e-10
0.000441000000000000,0.500000000000000,1093784.89779692,-1089175.37084249,-100311.585565850,20626.9897008383,1.79796864877528e-10
0.000441500000000000,0.500000000000000,1096870.63024967,-1091898.52997256,-104320.562441348,20743.5375776606,1.80512564862393e-10
0.000442000000000000,0.500000000000000,1099969.77339559,-1094622.09950794,-108332.643523401,20860.9224548956,1.80765826325120e-10
0.000442500000000000,0.500000000000000,1103082.24865710,-1097346.07805744,-112347.818289268,20979.1456431451,1.81147578122461e-10
0.000443000000000000,0.500000000000000,1106207.97772830,-1100070.46423614,-116366.076263730,21098.2084480988,1.81864771141930e-10
0.000443500000000000,0.500000000000000,1109346.88258105,-1102795.25666535,-120387.407018791,21218.1121705568,1.82446426717988e-10
0.000444000000000000,0.500000000000000,1112498.88547099,-1105520.45397260,-124411.800173439,21338.8581064515,1.83106307694846e-10
0.000444500000000000,0.500000000000000,1115663.90894318,-1108246.05479161,-128439.245393362,21460.4475468687,1.83837009303227e-10
0.000445000000000000,0.500000000000000,1118841.87583773,-1110972.05776222,-132469.732390713,21582.8817780703,1.84114004126755e-10
0.000445500000000000,0.500000000000000,1122026.65521776,-1113681.07975064,-136595.269407840,21705.9278451578,1.85044897524582e-10
0.000446000000000000,0.500000000000000,1125164.82618046,-1116306.87042365,-140907.264250818,21827.5152771328,1.85372908244072e-10
0.000446500000000000,0.500000000000000,1128317.56856827,-1118932.94634393,-145222.577879260,21950.0092334449,1.85606167080597e-10
0.000447000000000000,0.500000000000000,1131484.79811418,-1121559.30655422,-149541.199156314,22073.4111786809,1.85974460788675e-10
0.000447500000000000,0.500000000000000,1134666.43079685,-1124185.95010162,-153863.116994883,22197.7225720220,1.86168262047549e-10
0.000448000000000000,0.500000000000000,1137862.38284833,-1126812.87603745,-158188.320357375,22322.9448672635,1.86306417556557e-10
0.000448500000000000,0.500000000000000,1141072.57076174,-1129440.08341727,-162516.798255415,22449.0795128415,1.86854060888434e-10
0.000449000000000000,0.500000000000000,1144296.91129861,-1132067.57130084,-166848.539749576,22576.1279518543,1.86511670398841e-10
0.000449500000000000,0.500000000000000,1147535.32149606,-1134695.33875211,-171183.533949102,22704.0916220874,1.86377191131417e-10
0.000450000000000000,0.500000000000000,1150787.71867364,-1137323.38483919,-175521.770011640,22832.9719560359,1.86639632547679e-10
0.000450500000000000,0.500000000000000,1154054.02044005,-1139951.70863431,-179863.237142976,22962.7703809283,1.86229024878514e-10
0.000451000000000000,0.500000000000000,1157334.14469957,-1142580.30921386,-184207.924596758,23093.4883187496,1.86450313413348e-10
0.000451500000000000,0.500000000000000,1160628.00965826,-1145209.18565826,-188555.821674246,23225.1271862638,1.86220190803870e-10
0.000452000000000000,0.500000000000000,1163935.53383001,-1147838.33705203,-192906.917724036,23357.6883950371,1.85900350646701e-10
0.000452500000000000,0.500000000000000,1167256.63604231,-1150467.76248376,-197261.202141784,23491.1733514622,1.85809043159784e-10
0.000453000000000000,0.500000000000000,1170591.23544179,-1153097.46104602,-201618.664370002,23625.5834567781,1.85582489308998e-10
0.000453500000000000,0.500000000000000,1173907.50686324,-1155659.18205635,-206181.205735893,23759.6350805149,1.85636693174267e-10
0.000454000000000000,0.500000000000000,1177201.72506685,-1158168.89902718,-210828.610075887,23893.1707155236,1.85553306693776e-10
0.000454500000000000,0.500000000000000,1180511.14919611,-1160678.75430604,-215479.471595057,24027.6995409709,1.85113652617069e-10
0.000455000000000000,0.500000000000000,1183835.69078442,-1163188.74743696,-220133.778896109,24163.2231512937,1.85184417818292e-10
0.000455500000000000,0.500000000000000,1187175.26163539,-1165698.87796597,-224791.520631790,24299.7431351563,1.84805333539637e-10
0.000456000000000000,0.500000000000000,1190529.77383077,-1168209.14544111,-229452.685504618,24437.2610754747,1.84673495035365e-10
0.000456500000000000,0.500000000000000,1193899.13973819,-1170719.54941240,-234117.262266605,24575.7785494410,1.84236074409622e-10
0.000457000000000000,0.500000000000000,1197283.27201871,-1173230.08943181,-238785.239718996,24715.2971285489,1.84273876113011e-10
0.000457500000000000,0.500000000000000,1200682.08363406,-1175740.76505330,-243456.606711978,24855.8183786176,1.83731763948970e-10
0.000458000000000000,0.500000000000000,1204095.48785357,-1178251.57583273,-248131.352144440,24997.3438598162,1.83688174539405e-10
0.000458500000000000,0.500000000000000,1207523.39826107,-1180762.52132795,-252809.464963694,25139.8751266890,1.83115870712096e-10
0.000459000000000000,0.500000000000000,1210965.72876129,-1183273.60109871,-257490.934165200,25283.4137281788,1.82721325314890e-10
0.000459500000000000,0.500000000000000,1214422.39358624,-1185784.81470667,-262175.748792328,25427.9612076507,1.82116950769897e-10
0.000460000000000000,0.500000000000000,1217893.30730125,-1188296.16171539,-266863.897936082,25573.5191029167,1.81670859692191e-10
0.000460500000000000,0.500000000000000,1221378.38481083,-1190807.64169037,-271555.370734845,25720.0889462608,1.81160980297896e-10
0.000461000000000000,0.500000000000000,1224889.38961370,-1193325.29315457,-276276.603254391,25868.1727032450,1.80430476787579e-10
0.000461500000000000,0.500000000000000,1228331.63323760,-1195695.74618576,-281265.504044581,26013.7689864166,1.80212920122721e-10
0.000462000000000000,0.500000000000000,1231789.84239541,-1198066.17820506,-286258.010315231,26160.4519970432,1.79155563495981e-10
0.000462500000000000,0.500000000000000,1235263.92390160,-1200436.58928061,-291254.110372886,26308.2234774616,1.78994112546294e-10
0.000463000000000000,0.500000000000000,1238753.78485853,-1202806.97948028,-296253.792574608,26457.0851638159,1.78060074220972e-10
0.000463500000000000,0.500000000000000,1242259.33266481,-1205177.34887163,-301257.045327701,26607.0387860832,1.77978109834340e-10
0.000464000000000000,0.500000000000000,1245780.47502350,-1207547.69752192,-306263.857089433,26758.0860680996,1.77153498242818e-10
0.000464500000000000,0.500000000000000,1249317.11994994,-1209918.02549812,-311274.216366771,26910.2287275864,1.76622862533025e-10
0.000465000000000000,0.500000000000000,1252869.17577943,-1212288.33286693,-316288.111716119,27063.4684761763,1.76030770141770e-10
0.000465500000000000,0.500000000000000,1256436.55117457,-1214658.61969476,-321305.531743044,27217.8070194389,1.75477476850790e-10
0.000466000000000000,0.500000000000000,1260019.15513238,-1217028.88604771,-326326.465102018,27373.2460569053,1.75041680538243e-10
0.000466500000000000,0.500000000000000,1263616.89699116,-1219399.13199164,-331350.900496154,27529.7872820961,1.74517907838456e-10
0.000467000000000000,0.500000000000000,1267229.68643713,-1221769.35759209,-336378.826676938,27687.4323825438,1.74517743519015e-10
0.000467500000000000,0.500000000000000,1270857.43351075,-1224139.56291432,-341410.232444003,27846.1830398195,1.73807293413524e-10
0.000468000000000000,0.500000000000000,1274500.04861297,-1226509.74802336,-346445.106644805,28006.0409295596,1.73682581562896e-10
0.000468500000000000,0.500000000000000,1278157.44251099,-1228879.91298389,-351483.438174454,28167.0077214867,1.72962245689058e-10
0.000469000000000000,0.500000000000000,1281814.20432558,-1231193.66990857,-356664.830881744,28328.4078346694,1.72810565824615e-10
0.000469500000000000,0.500000000000000,1285428.12658306,-1233400.16360926,-362007.603538210,28488.3701484625,1.72865930581778e-10
0.000470000000000000,0.500000000000000,1289058.71854043,-1235606.46374767,-367354.116065229,28649.5237904327,1.71848503273207e-10
0.000470500000000000,0.500000000000000,1292705.88231161,-1237812.57094092,-372704.356539722,28811.8706579836,1.72287941691121e-10
0.000471000000000000,0.500000000000000,1296369.52032597,-1240018.48580346,-378058.313089255,28975.4126418998,1.71264492952504e-10
0.000471500000000000,0.500000000000000,1300049.53533692,-1242224.20894716,-383415.973891739,29140.1516263751,1.70902888556078e-10
0.000472000000000000,0.500000000000000,1303745.83043027,-1244429.74098132,-388777.327175179,29306.0894890400,1.70491783773407e-10
0.000472500000000000,0.500000000000000,1307458.30903219,-1246635.08251263,-394142.361217415,29473.2281009882,1.70388706077683e-10
0.000473000000000000,0.500000000000000,1311186.87491700,-1248840.23414520,-399511.064345856,29641.5693268036,1.69884432742644e-10
0.000473500000000000,0.500000000000000,1314931.43221468,-1251045.19648063,-404883.424937204,29811.1150245886,1.69343897217534e-10
0.000474000000000000,0.500000000000000,1318691.88541805,-1253249.97011795,-410259.431417211,29981.8670459901,1.69334377918267e-10
0.000474500000000000,0.500000000000000,1322468.13938980,-1255454.55565369,-415639.072260411,30153.8272362260,1.68707313421876e-10
0.000475000000000000,0.500000000000000,1326260.09936909,-1257658.95368185,-421022.335989865,30326.9974341120,1.68542745421729e-10
0.000475500000000000,0.500000000000000,1330067.67097810,-1259863.16479393,-426409.211176919,30501.3794720879,1.67919125040316e-10
0.000476000000000000,0.500000000000000,1333890.76022822,-1262067.18957896,-431799.686440923,30676.9751762452,1.67316249810402e-10
0.000476500000000000,0.500000000000000,1337729.27352597,-1264271.02862348,-437193.750449004,30853.7863663505,1.66786868288684e-10
0.000477000000000000,0.500000000000000,1341538.86414696,-1266337.90199493,-442848.554234733,31029.7676554606,1.67139323072094e-10
0.000477500000000000,0.500000000000000,1345333.28832396,-1268353.92921455,-448553.192964424,31205.5458046993,1.66912936495555e-10
0.000478000000000000,0.500000000000000,1349145.12084449,-1270369.57712615,-454261.702778061,31382.6302948018,1.67066185754049e-10
0.000478500000000000,0.500000000000000,1352974.25886755,-1272384.84691880,-459974.071540589,31561.0231923829,1.67495154749412e-10
0.000479000000000000,0.500000000000000,1356820.59989701,-1274399.73977659,-465690.287167612,31740.7265569809,1.67369100817028e-10
0.000479500000000000,0.500000000000000,1360684.04179035,-1276414.25687865,-471410.337625149,31921.7424410849,1.67984695164546e-10
0.000480000000000000,0.500000000000000,1364564.48276717,-1278428.39939922,-477134.210929350,32104.0728901661,1.67983156963997e-10
0.000480500000000000,0.500000000000000,1368461.82141734,-1280442.16850767,-482861.895146251,32287.7199427046,1.68153643691922e-10
0.000481000000000000,0.500000000000000,1372375.95670888,-1282455.56536847,-488593.378391510,32472.6856302173,1.68379666084880e-10
0.000481500000000000,0.500000000000000,1376306.78799558,-1284468.59114128,-494328.648830148,32658.9719772880,1.68421700920368e-10
0.000482000000000000,0.500000000000000,1380254.21502434,-1286481.24698092,-500067.694676292,32846.5810015940,1.68831532090701e-10
0.000482500000000000,0.500000000000000,1384218.13794223,-1288493.53403747,-505810.504192927,33035.5147139356,1.69356700973380e-10
0.000483000000000000,0.500000000000000,1388198.45730328,-1290505.45345619,-511557.065691628,33225.7751182622,1.69915813871335e-10
0.000483500000000000,0.500000000000000,1392195.07407499,-1292517.00637764,-517307.367532338,33417.3642117011,1.70274289225010e-10
0.000484000000000000,0.500000000000000,1396207.88964467,-1294528.19393768,-523061.398123078,33610.2839845864,1.70713536144886e-10
0.000484500000000000,0.500000000000000,1400240.74311795,-1296514.72762594,-528889.118565091,33804.7265290951,1.71122335085299e-10
0.000485000000000000,0.500000000000000,1404206.68498018,-1298312.65581771,-534958.560905976,33996.4898990179,1.71754932839009e-10
0.000485500000000000,0.500000000000000,1408190.91799338,-1300110.00356363,-541032.013981435,34189.6838192936,1.71970933713354e-10
0.000486000000000000,0.500000000000000,1412193.33372933,-1301906.77265518,-547109.465412649,34384.3105487854,1.72245298423455e-10
0.000486500000000000,0.500000000000000,1416213.82412679,-1303702.96487652,-553190.902871695,34580.3723387558,1.72391499164773e-10
0.000487000000000000,0.500000000000000,1420252.28150071,-1305498.58200445,-559276.314081278,34777.8714328959,1.72951876790090e-10
0.000487500000000000,0.500000000000000,1424308.59855113,-1307293.62580848,-565365.686814476,34976.8100673566,1.73490941892766e-10
0.000488000000000000,0.500000000000000,1428382.66837186,-1309088.09805087,-571459.008894483,35177.1904707777,1.73549614505996e-10
0.000488500000000000,0.500000000000000,1432474.38445876,-1310882.00048667,-577556.268194319,35379.0148643188,1.73820497391268e-10
0.000489000000000000,0.500000000000000,1436583.64071780,-1312675.33486377,-583657.452636638,35582.2854616897,1.74179466034852e-10
0.000489500000000000,0.500000000000000,1440710.33147277,-1314468.10292290,-589762.550193421,35787.0044691787,1.73937554596729e-10
0.000490000000000000,0.500000000000000,1444854.35147269,-1316260.30639767,-595871.548885744,35993.1740856823,1.74267642421530e-10
0.000490500000000000,0.500000000000000,1449015.59589904,-1318051.94701464,-601984.436783532,36200.7965027356,1.74183340724631e-10
0.000491000000000000,0.500000000000000,1453193.96037261,-1319843.02649336,-608101.202005296,36409.8739045419,1.74068482997103e-10
0.000491500000000000,0.500000000000000,1457389.34096004,-1321633.54654632,-614221.832717907,36620.4084679991,1.74178866537549e-10
0.000492000000000000,0.500000000000000,1461601.63418030,-1323423.50887912,-620346.317136327,36832.4023627334,1.74056517500525e-10
0.000492500000000000,0.500000000000000,1465804.02488927,-1325094.02562576,-626663.596064496,37044.5075755443,1.74529844976380e-10
0.000493000000000000,0.500000000000000,1469968.76933687,-1326643.54219715,-633107.490693620,37255.3134969959,1.75524998107951e-10
0.000493500000000000,0.500000000000000,1474152.62191096,-1328192.26437073,-639555.518741498,37467.6888394301,1.75586015750976e-10
0.000494000000000000,0.500000000000000,1478355.46865322,-1329740.19455867,-646007.667657256,37681.6360637395,1.76854396740182e-10
0.000494500000000000,0.500000000000000,1482577.19600547,-1331287.33516334,-652463.924940796,37897.1576226802,1.76515180760828e-10
0.000495000000000000,0.500000000000000,1486817.69081905,-1332833.68857740,-658924.278142514,38114.2559609049,1.77771031570756e-10
0.000495500000000000,0.500000000000000,1491076.84036394,-1334379.25718388,-665388.714863066,38332.9335149952,1.78229419944196e-10
0.000496000000000000,0.500000000000000,1495354.53233763,-1335924.04335620,-671857.222753097,38553.1927134947,1.78879746262067e-10
0.000496500000000000,0.500000000000000,1499650.65487343,-1337468.04945821,-678329.789513001,38775.0359769364,1.79239981294791e-10
0.000497000000000000,0.500000000000000,1503965.09654873,-1339011.27784423,-684806.402892670,38998.4657178764,1.79817365863551e-10
0.000497500000000000,0.500000000000000,1508297.74639286,-1340553.73085915,-691287.050691239,39223.4843409271,1.80821067840960e-10
0.000498000000000000,0.500000000000000,1512648.49389456,-1342095.41083841,-697771.720756843,39450.0942427842,1.81492268752098e-10
0.000498500000000000,0.500000000000000,1517017.22900933,-1343636.32010811,-704260.400986375,39678.2978122614,1.82143575863284e-10
0.000499000000000000,0.500000000000000,1521403.84216631,-1345176.46098499,-710753.079325232,39908.0974303173,1.82981420134436e-10
0.000499500000000000,0.500000000000000,1525808.22427503,-1346715.83577657,-717249.743767076,40139.4954700917,1.83841534046053e-10
0.000500000000000000,0.500000000000000,1530230.26673175,-1348254.44678107,-723750.382353607,40372.4942969296,1.84540007883652e-10
0.000500500000000000,0.500000000000000,1534610.49053750,-1349557.24406526,-730564.578020804,40603.9544425472,1.85189177187806e-10
0.000501000000000000,0.500000000000000,1538984.33488194,-1350826.66322369,-737387.353387603,40835.7376381382,1.86874861264145e-10
0.000501500000000000,0.500000000000000,1543378.14309419,-1352095.05966437,-744214.379202698,41069.2429755320,1.87340262272454e-10
0.000502000000000000,0.500000000000000,1547791.79539520,-1353362.43644324,-751045.642765545,41304.4731360811,1.88203016782738e-10
0.000502500000000000,0.500000000000000,1552225.17244141,-1354628.79660407,-757881.131426151,41541.4307924272,1.89213217436154e-10
0.000503000000000000,0.500000000000000,1556678.15533433,-1355894.14317854,-764720.832584818,41780.1186085359,1.90291804302349e-10
0.000503500000000000,0.500000000000000,1561150.62562975,-1357158.47918624,-771564.733691903,42020.5392397271,1.91521765898354e-10
0.000504000000000000,0.500000000000000,1565642.46534682,-1358421.80763483,-778412.822247557,42262.6953327117,1.92013746731499e-10
0.000504500000000000,0.500000000000000,1570153.55697657,-1359684.13152002,-785265.085801492,42506.5895256235,1.93257379537579e-10
0.000505000000000000,0.500000000000000,1574683.78349019,-1360945.45382566,-792121.511952715,42752.2244480516,1.94237383422950e-10
0.000505500000000000,0.500000000000000,1579233.02834707,-1362205.77752380,-798982.088349312,42999.6027210733,1.95363798525650e-10
0.000506000000000000,0.500000000000000,1583801.17550238,-1363465.10557474,-805846.802688180,43248.7269572881,1.96726409090003e-10
0.000506500000000000,0.500000000000000,1588388.10941444,-1364723.44092708,-812715.642714805,43499.5997608479,1.98257253486239e-10
0.000507000000000000,0.500000000000000,1592993.71505182,-1365980.78651781,-819588.596223003,43752.2237274933,1.99205592197963e-10
0.000507500000000000,0.500000000000000,1597617.87790002,-1367237.14527234,-826465.651054706,44006.6014445819,2.00370359466765e-10
0.000508000000000000,0.500000000000000,1602254.47501959,-1368415.26711389,-833462.092389284,44262.4034951776,2.02194970429832e-10
0.000508500000000000,0.500000000000000,1606827.27717796,-1369372.40492951,-840662.307529440,44515.4120462612,2.03732135479952e-10
0.000509000000000000,0.500000000000000,1611421.06558222,-1370328.27327039,-847866.896439479,44770.3077690023,2.05780518434131e-10
0.000509500000000000,0.500000000000000,1616035.71386680,-1371282.87587399,-855075.846242751,45027.0935947068,2.06914858302490e-10
0.000510000000000000,0.500000000000000,1620671.09612905,-1372236.21646305,-862289.144113091,45285.7724453125,2.08843639772874e-10
0.000510500000000000,0.500000000000000,1625327.08693934,-1373188.29874576,-869506.777274600,45546.3472334263,2.11437432919388e-10
0.000511000000000000,0.500000000000000,1630003.56135095,-1374139.12641573,-876728.733001374,45808.8208623583,2.12795613502366e-10
0.000511500000000000,0.500000000000000,1634700.39490952,-1375088.70315223,-883954.998617261,46073.1962261608,2.14865095319346e-10
0.000512000000000000,0.500000000000000,1639417.46366207,-1376037.03262009,-891185.561495640,46339.4762096585,2.16574166561660e-10
0.000512500000000000,0.500000000000000,1644154.64416586,-1376984.11846983,-898420.409059155,46607.6636884854,2.19322837969000e-10
0.000513000000000000,0.500000000000000,1648911.81349670,-1377929.96433778,-905659.528779488,46877.7615291205,2.20657117685998e-10
0.000513500000000000,0.500000000000000,1653688.84925715,-1378874.57384609,-912902.908177113,47149.7725889216,2.22649609726531e-10
0.000514000000000000,0.500000000000000,1658485.62958417,-1379817.95060280,-920150.534821069,47423.6997161587,2.24842858074307e-10
0.000514500000000000,0.500000000000000,1663302.03315659,-1380760.09820194,-927402.396328711,47699.5457500493,2.27039362895419e-10
0.000515000000000000,0.500000000000000,1668137.93920228,-1381701.02022359,-934658.480365485,47977.3135207935,2.29475549779590e-10
0.000515500000000000,0.500000000000000,1672993.22750486,-1382640.72023392,-941918.774644691,48257.0058496059,2.31506959577138e-10
0.000516000000000000,0.500000000000000,1677827.12162405,-1383368.85900530,-949417.953270125,48536.2732768492,2.33462339219996e-10
0.000516500000000000,0.500000000000000,1682630.33896403,-1383977.47766677,-957001.148856843,48814.5665103826,2.36310058387818e-10
0.000517000000000000,0.500000000000000,1687455.48690838,-1384584.56814288,-964588.821186406,49094.9313844344,2.37578700065377e-10
0.000517500000000000,0.500000000000000,1692302.43261228,-1385190.13486318,-972180.957282737,49377.3710935422,2.39666547255956e-10
0.000518000000000000,0.500000000000000,1697171.04373364,-1385794.18224006,-979777.544219882,49661.8888222060,2.41136541961830e-10
0.000518500000000000,0.500000000000000,1702061.18844349,-1386396.71466893,-987378.569121725,49948.4877449254,2.43357814381111e-10
0.000519000000000000,0.500000000000000,1706972.73543600,-1386997.73652826,-994984.019161785,50237.1710262387,2.44700054268402e-10
0.000519500000000000,0.500000000000000,1711905.55393806,-1387597.25217965,-1002593.88156295,50527.9418207583,2.47041063989333e-10
0.000520000000000000,0.500000000000000,1716859.51371857,-1388195.26596792,-1010208.14359726,50820.8032732064,2.47737999528342e-10
0.000520500000000000,0.500000000000000,1721834.48509733,-1388791.78222123,-1017826.79258565,51115.7585184551,2.49423237595050e-10
0.000521000000000000,0.500000000000000,1726830.33895357,-1389386.80525108,-1025449.81589774,51412.8106815603,2.51120928264870e-10
0.000521500000000000,0.500000000000000,1731846.94673413,-1389980.33935246,-1033077.20095157,51711.9628777988,2.52508367128097e-10
0.000522000000000000,0.500000000000000,1736884.18046134,-1390572.38880391,-1040708.93521342,52013.2182127046,2.53536156788068e-10
0.000522500000000000,0.500000000000000,1741941.91274053,-1391162.95786757,-1048345.00619752,52316.5797821056,2.54867859947998e-10
0.000523000000000000,0.500000000000000,1747020.01676719,-1391752.05078932,-1055985.40146584,52622.0506721593,2.56275812504442e-10
0.000523500000000000,0.500000000000000,1752136.70212210,-1392332.26156563,-1063670.01289255,52930.7417745399,2.57220853539044e-10
0.000524000000000000,0.500000000000000,1757159.24461254,-1392557.18571213,-1071631.04445924,53234.6312228844,2.57500281254536e-10
0.000524500000000000,0.500000000000000,1762204.84614526,-1392780.30251437,-1079596.66019575,53540.7917203075,2.57294255732843e-10
0.000525000000000000,0.500000000000000,1767273.36653028,-1393001.61713619,-1087566.84700447,53849.2267594358,2.57483794175875e-10
0.000525500000000000,0.500000000000000,1772364.66611177,-1393221.13472178,-1095541.59183760,54159.9398220947,2.58384527687673e-10
0.000526000000000000,0.500000000000000,1777478.60577909,-1393438.86039578,-1103520.88169699,54472.9343793516,2.58220112892168e-10
0.000526500000000000,0.500000000000000,1782615.04697729,-1393654.79926334,-1111504.70363383,54788.2138915494,2.59081756593842e-10
0.000527000000000000,0.500000000000000,1787773.85171739,-1393868.95641024,-1119493.04474849,55105.7818083521,2.58290125148798e-10
0.000527500000000000,0.500000000000000,1792954.88258607,-1394081.33690300,-1127485.89219021,55425.6415687796,2.58312567604705e-10
0.000528000000000000,0.500000000000000,1798158.00275515,-1394291.94578893,-1135483.23315693,55747.7966012483,2.59087372165765e-10
0.000528500000000000,0.500000000000000,1803383.07599060,-1394500.78809624,-1143485.05489503,56072.2503236091,2.59322959201496e-10
0.000529000000000000,0.500000000000000,1808629.96666117,-1394707.86883412,-1151491.34469912,56399.0061431862,2.58984053974861e-10
0.000529500000000000,0.500000000000000,1813898.53974673,-1394913.19299287,-1159502.08991177,56728.0674568158,2.59263302717386e-10
0.000530000000000000,0.500000000000000,1819188.66084618,-1395116.76554394,-1167517.27792334,57059.4376508847,2.58990178538338e-10
0.000530500000000000,0.500000000000000,1824500.19618503,-1395318.59144002,-1175536.89617173,57393.1201013657,2.59336169537182e-10
0.000531000000000000,0.500000000000000,1829833.01262270,-1395518.67561515,-1183560.93214214,57729.1181738595,2.59172485335588e-10
0.000531500000000000,0.500000000000000,1835168.55478590,-1395558.82612412,-1191746.27639529,58066.2693874993,2.59288882703307e-10
0.000532000000000000,0.500000000000000,1840445.03278057,-1395359.79755194,-1200087.06103452,58400.6537704597,2.59775287494108e-10
0.000532500000000000,0.500000000000000,1845745.61096267,-1395158.67139516,-1208432.51446610,58737.5320756543,2.59365960392392e-10
0.000533000000000000,0.500000000000000,1851070.14194044,-1394955.45355693,-1216782.62355081,59076.9081100588,2.60211292702974e-10
0.000533500000000000,0.500000000000000,1856418.47890118,-1394750.14991824,-1225137.37519873,59418.7856690653,2.59386857420199e-10
0.000534000000000000,0.500000000000000,1861790.47562250,-1394542.76633810,-1233496.75636896,59763.1685365286,2.59566750372642e-10
0.000534500000000000,0.500000000000000,1867185.98648302,-1394333.30865358,-1241860.75406937,60110.0604848031,2.59552669487592e-10
0.000535000000000000,0.500000000000000,1872604.86647281,-1394121.78267993,-1250229.35535643,60459.4652747868,2.59447409465197e-10
0.000535500000000000,0.500000000000000,1878046.97120322,-1393908.19421065,-1258602.54733494,60811.3866559587,2.59290946834640e-10
0.000536000000000000,0.500000000000000,1883512.15691662,-1393692.54901768,-1266980.31715781,61165.8283664260,2.58608245684031e-10
0.000536500000000000,0.500000000000000,1889000.28049538,-1393474.85285139,-1275362.65202586,61522.7941329593,2.58806796426397e-10
0.000537000000000000,0.500000000000000,1894511.19947075,-1393255.11144078,-1283749.53918755,61882.2876710362,2.58350299661333e-10
0.000537500000000000,0.500000000000000,1900044.77203118,-1393033.33049348,-1292140.96593881,62244.3126848800,2.57912480066182e-10
0.000538000000000000,0.500000000000000,1905600.85703044,-1392809.51569596,-1300536.91962279,62608.8728675027,2.57445363469945e-10
0.000538500000000000,0.500000000000000,1911179.31399516,-1392583.67271351,-1308937.38762966,62975.9719007417,2.56239332442848e-10
0.000539000000000000,0.500000000000000,1916780.00313223,-1392355.80719045,-1317342.35739637,63345.6134553032,2.56050320570551e-10
0.000539500000000000,0.500000000000000,1922345.13056555,-1391789.87069214,-1326021.02428576,63713.9793277430,2.56115860450203e-10
0.000540000000000000,0.500000000000000,1927888.74153875,-1391126.42845368,-1334736.77547655,64081.9827543422,2.56866555463437e-10
0.000540500000000000,0.500000000000000,1933457.54181630,-1390460.58268681,-1343457.26913832,64452.7252759713,2.56128664985335e-10
0.000541000000000000,0.500000000000000,1939051.37644112,-1389792.34005561,-1352182.49212189,64826.2110427276,2.56591687224865e-10
0.000541500000000000,0.500000000000000,1944670.09108293,-1389121.70719961,-1360912.43132663,65202.4441922846,2.57147613908035e-10
0.000542000000000000,0.500000000000000,1950313.53204973,-1388448.69073385,-1369647.07370028,65581.4288499361,2.58019713444105e-10
0.000542500000000000,0.500000000000000,1955981.54629863,-1387773.29724893,-1378386.40623869,65963.1691286342,2.57722839102813e-10
0.000543000000000000,0.500000000000000,1961673.98144652,-1387095.53331120,-1387130.41598560,66347.6691290389,2.58618110539802e-10
0.000543500000000000,0.500000000000000,1967390.68578015,-1386415.40546285,-1395879.09003242,66734.9329395599,2.59470037418128e-10
0.000544000000000000,0.500000000000000,1973131.50826577,-1385732.92022203,-1404632.41551805,67124.9646363992,2.59971644706289e-10
0.000544500000000000,0.500000000000000,1978896.29855847,-1385048.08408292,-1413390.37962859,67517.7682835934,2.60266946081641e-10
0.000545000000000000,0.500000000000000,1984684.90701105,-1384360.90351589,-1422152.96959719,67913.3479330595,2.60934447071051e-10
0.000545500000000000,0.500000000000000,1990497.18468245,-1383671.38496757,-1430920.17270381,68311.7076246338,2.62437817599579e-10
0.000546000000000000,0.500000000000000,1996332.98334593,-1382979.53486099,-1439691.97627497,68712.8513861181,2.63033442289971e-10
0.000546500000000000,0.500000000000000,2002192.15549673,-1382285.35959569,-1448468.36768362,69116.7832333213,2.64007121869416e-10
0.000547000000000000,0.500000000000000,2008082.41924317,-1381514.73317249,-1457330.45137362,69524.0517667846,2.64670516722169e-10
0.000547500000000000,0.500000000000000,2013880.55106724,-1380347.44804762,-1466409.15048813,69926.1185166708,2.65751302770416e-10
0.000548000000000000,0.500000000000000,2019705.17489207,-1379177.43014910,-1475492.66675681,70331.1895428586,2.67216574531451e-10
0.000548500000000000,0.500000000000000,2025556.12715044,-1378004.68695027,-1484580.98700602,70739.2693833909,2.68156784304492e-10
0.000549000000000000,0.500000000000000,2031433.24494068,-1376829.22589735,-1493674.09811014,71150.3625629352,2.69023839136780e-10
0.000549500000000000,0.500000000000000,2037336.36603862,-1375651.05440937,-1502771.98699131,71564.4735928178,2.69725675138649e-10
0.000550000000000000,0.500000000000000,2043265.32890928,-1374470.17987848,-1511874.64061924,71981.6069710817,2.70925266852802e-10
0.000550500000000000,0.500000000000000,2049219.97271798,-1373286.60966988,-1520982.04601095,72401.7671825217,2.72430267407317e-10
0.000551000000000000,0.500000000000000,2055200.13734111,-1372100.35112210,-1530094.19023063,72824.9586987396,2.73276683768496e-10
0.000551500000000000,0.500000000000000,2061205.66337632,-1370911.41154700,-1539211.06038933,73251.1859781833,2.74311977140513e-10
0.000552000000000000,0.500000000000000,2067236.39215246,-1369719.79823003,-1548332.64364483,73680.4534661983,2.75129329005113e-10
0.000552500000000000,0.500000000000000,2073292.16573880,-1368525.51843016,-1557458.92720140,74112.7655950670,2.76888658138471e-10
0.000553000000000000,0.500000000000000,2079372.82695420,-1367328.57938021,-1566589.89830958,74548.1267840607,2.77833014264798e-10
0.000553500000000000,0.500000000000000,2085478.21937555,-1366128.98828681,-1575725.54426596,74986.5414394794,2.78779561201123e-10
0.000554000000000000,0.500000000000000,2091608.18734593,-1364926.75233056,-1584865.85241304,75428.0139546990,2.79799752705965e-10
0.000554500000000000,0.500000000000000,2097762.57598247,-1363721.87866621,-1594010.81013891,75872.5487102177,2.81331454884095e-10
0.000555000000000000,0.500000000000000,2103907.42563672,-1362242.16233929,-1603347.35687389,76317.6975111954,2.82482697038355e-10
0.000555500000000000,0.500000000000000,2109999.96622086,-1360524.82386955,-1612783.94742965,76760.3423698625,2.83494497384127e-10
0.000556000000000000,0.500000000000000,2116120.19849975,-1358804.41415280,-1622225.40313530,77206.2878361835,2.85425555488496e-10
0.000556500000000000,0.500000000000000,2122267.95051215,-1357080.94146737,-1631671.71087725,77655.5388581216,2.85922291806990e-10
0.000557000000000000,0.500000000000000,2128443.05101587,-1355354.41406179,-1641122.85758897,78108.1003692717,2.87118404626990e-10
0.000557500000000000,0.500000000000000,2134645.32950019,-1353624.84015507,-1650578.83025081,78563.9772889132,2.88688414873624e-10
0.000558000000000000,0.500000000000000,2140874.61619760,-1351892.22793672,-1660039.61588978,79023.1745220555,2.88820030977178e-10
0.000558500000000000,0.500000000000000,2147130.74209522,-1350156.58556695,-1669505.20157937,79485.6969594891,2.90635863030800e-10
0.000559000000000000,0.500000000000000,2153413.53894561,-1348417.92117672,-1678975.57443928,79951.5494778317,2.90293345073303e-10
0.000559500000000000,0.500000000000000,2159722.83927723,-1346676.24286798,-1688450.72163528,80420.7369395813,2.91538188299185e-10
0.000560000000000000,0.500000000000000,2166058.47640438,-1344931.55871372,-1697930.63037897,80893.2641931595,2.92001893592516e-10
0.000560500000000000,0.500000000000000,2172420.28443667,-1343183.87675816,-1707415.28792759,81369.1360729641,2.92553837612634e-10
0.000561000000000000,0.500000000000000,2178808.09828812,-1341433.20501677,-1716904.68158379,81848.3573994121,2.93432616193072e-10
0.000561500000000000,0.500000000000000,2185221.75368575,-1339679.55147651,-1726398.79869546,82330.9329789901,2.93739576292785e-10
0.000562000000000000,0.500000000000000,2191661.08717788,-1337922.92409596,-1735897.62665551,82816.8676043053,2.94202022906526e-10
0.000562500000000000,0.500000000000000,2198125.93614183,-1336163.33080535,-1745401.15290169,83306.1660541273,2.94895998209135e-10
0.000563000000000000,0.500000000000000,2204537.85658569,-1333900.11717766,-1755191.62444243,83792.8820882661,2.96293231564349e-10
0.000563500000000000,0.500000000000000,2210940.09781099,-1331587.33145750,-1764973.45442088,84280.2778639393,2.95587118026954e-10
0.000564000000000000,0.500000000000000,2217371.28529393,-1329271.12009381,-1774760.18270938,84771.3002904493,2.96576584826309e-10
0.000564500000000000,0.500000000000000,2223831.23826261,-1326951.49218933,-1784551.79629204,85265.9547633212,2.96920702673097e-10
0.000565000000000000,0.500000000000000,2230319.77672116,-1324628.45681451,-1794348.28219906,85764.2466626467,2.98434127293553e-10
0.000565500000000000,0.500000000000000,2236836.72146229,-1322302.02300773,-1804149.62750650,86266.1813531409,2.97940860876586e-10
0.000566000000000000,0.500000000000000,2243381.89407941,-1319972.19977545,-1813955.81933609,86771.7641841951,2.99135459612433e-10
0.000566500000000000,0.500000000000000,2249955.11697802,-1317638.99609229,-1823766.84485503,87281.0004899236,2.99310572706385e-10
0.000567000000000000,0.500000000000000,2256556.21338685,-1315302.42090125,-1833582.69127578,87793.8955892209,2.98585727649329e-10
0.000567500000000000,0.500000000000000,2263185.00736837,-1312962.48311381,-1843403.34585586,88310.4547858098,2.99904135216349e-10
0.000568000000000000,0.500000000000000,2269841.32382883,-1310619.19161008,-1853228.79589768,88830.6833682936,2.99073686106897e-10
0.000568500000000000,0.500000000000000,2276524.98852788,-1308272.55523890,-1863059.02874830,89354.5866102045,2.99398949407913e-10
0.000569000000000000,0.500000000000000,2283235.82808770,-1305922.58281800,-1872894.03179926,89882.1697700575,2.99963120562482e-10
0.000569500000000000,0.500000000000000,2289973.67000175,-1303569.28313423,-1882733.79248638,90413.4380914011,2.99838309481398e-10
0.000570000000000000,0.500000000000000,2296738.34264287,-1301212.66494347,-1892578.29828957,90948.3968028608,2.99592374940154e-10
0.000570500000000000,0.500000000000000,2303524.22579769,-1298679.95591738,-1902538.89078128,91486.6182558075,3.00117154349365e-10
0.000571000000000000,0.500000000000000,2310221.79690726,-1295728.61639587,-1912645.31567101,92019.3922569899,3.00782545908008e-10
0.000571500000000000,0.500000000000000,2316949.81697552,-1292773.47099164,-1922756.66871373,92556.1457652224,3.01799746957034e-10
0.000572000000000000,0.500000000000000,2323708.09516168,-1289814.52968522,-1932872.93698598,93096.8846813779,3.03407887105171e-10
0.000572500000000000,0.500000000000000,2330496.44144803,-1286851.80242211,-1942994.10760942,93641.6148896889,3.03699412411354e-10
0.000573000000000000,0.500000000000000,2337314.66665352,-1283885.29911330,-1953120.16775067,94190.3422578217,3.05623742892443e-10
0.000573500000000000,0.500000000000000,2344162.58244620,-1280915.02963502,-1963251.10462110,94743.0726369113,3.05146830137625e-10
0.000574000000000000,0.500000000000000,2351040.00135573,-1277941.00382922,-1973386.90547665,95299.8118616336,3.08095438525233e-10
0.000574500000000000,0.500000000000000,2357946.73678487,-1274963.23150353,-1983527.55761762,95860.5657502489,3.08210700648398e-10
0.000575000000000000,0.500000000000000,2364882.60302079,-1271981.72243148,-1993673.04838848,96425.3401046615,3.09838363325399e-10
0.000575500000000000,0.500000000000000,2371847.41524563,-1268996.48635264,-2003823.36517769,96994.1407104723,3.11059890386435e-10
0.000576000000000000,0.500000000000000,2378840.98954676,-1266007.53297275,-2013978.49541748,97566.9733370310,3.13241759886452e-10
0.000576500000000000,0.500000000000000,2385863.14292642,-1263014.87196390,-2024138.42658371,98143.8437374958,3.14522527167864e-10
0.000577000000000000,0.500000000000000,2392913.69331094,-1260018.51296463,-2034303.14619562,98724.7576488791,3.16261020972586e-10
0.000577500000000000,0.500000000000000,2399992.45955945,-1257018.46558010,-2044472.64181570,99309.7207921075,3.18525395725357e-10
0.000578000000000000,0.500000000000000,2407099.26147222,-1254014.73938226,-2054646.90104947,99898.7388720711,3.19727695545525e-10
0.000578500000000000,0.500000000000000,2414181.18129127,-1250583.77069943,-2065020.82521317,100487.427174154,3.22405814551282e-10
0.000579000000000000,0.500000000000000,2421220.05403084,-1246942.11835652,-2075437.76189739,101074.250862778,3.26043902285835e-10
0.000579500000000000,0.500000000000000,2428290.75721379,-1243296.27328120,-2085859.62576944,101665.448302930,3.27113643896149e-10
0.000580000000000000,0.500000000000000,2435393.09023523,-1239646.24631676,-2096286.40408658,102261.025930439,3.30049992825096e-10
0.000580500000000000,0.500000000000000,2442526.85337727,-1235992.04826908,-2106718.08415000,102860.990163260,3.32219939866000e-10
0.000581000000000000,0.500000000000000,2449691.84782265,-1232333.68990689,-2117154.65330458,103465.347401530,3.34837812604681e-10
0.000581500000000000,0.500000000000000,2456887.87566771,-1228671.18196189,-2127596.09893874,104074.104027638,3.36686903714171e-10
0.000582000000000000,0.500000000000000,2464114.73993470,-1225004.53512889,-2138042.40848424,104687.266406266,3.39909170124446e-10
0.000582500000000000,0.500000000000000,2471372.24458367,-1221333.76006591,-2148493.56941597,105304.840884457,3.43024081322985e-10
0.000583000000000000,0.500000000000000,2478660.19452387,-1217658.86739453,-2158949.56925181,105926.833791674,3.45643788927514e-10
0.000583500000000000,0.500000000000000,2485978.39562443,-1213979.86769982,-2169410.39555242,106553.251439852,3.48537459400364e-10
0.000584000000000000,0.500000000000000,2493326.65472467,-1210296.77153068,-2179876.03592106,107184.100123457,3.51879495783570e-10
0.000584500000000000,0.500000000000000,2500704.77964385,-1206609.58939985,-2190346.47800341,107819.386119545,3.55183054062873e-10
0.000585000000000000,0.500000000000000,2508112.57919044,-1202918.33178416,-2200821.70948737,108459.115687816,3.58369711766361e-10
0.000585500000000000,0.500000000000000,2515549.86317087,-1199223.00912466,-2211301.71810293,109103.295070672,3.61562931251050e-10
0.000586000000000000,0.500000000000000,2523044.52488972,-1195489.76442353,-2221836.60464368,109754.373699586,3.65970151861807e-10
0.000586500000000000,0.500000000000000,2530408.92192716,-1191112.76210610,-2232536.60666887,110396.022623596,3.67394012167925e-10
0.000587000000000000,0.500000000000000,2537806.80572329,-1186731.15291340,-2243241.52820874,111042.472123715,3.70217563396581e-10
0.000587500000000000,0.500000000000000,2545237.96448988,-1182344.94860764,-2253951.35670285,111693.729239321,3.72020116234110e-10
0.000588000000000000,0.500000000000000,2552702.18737908,-1177954.16091106,-2264666.07963343,112349.800990516,3.75427697640030e-10
0.000588500000000000,0.500000000000000,2560199.26449779,-1173558.80150604,-2275385.68452532,113010.694378191,3.77422804785463e-10
0.000589000000000000,0.500000000000000,2567728.98692142,-1169158.88203530,-2286110.15894564,113676.416384078,3.80576851550203e-10
0.000589500000000000,0.500000000000000,2575291.14670708,-1164754.41410207,-2296839.49050377,114346.973970825,3.83396140618628e-10
0.000590000000000000,0.500000000000000,2582885.53690611,-1160345.40927021,-2307573.66685103,115022.374082048,3.85296386551694e-10
0.000590500000000000,0.500000000000000,2590511.95157615,-1155931.87906448,-2318312.67568060,115702.623642394,3.87878910969530e-10
0.000591000000000000,0.500000000000000,2598170.18579252,-1151513.83497057,-2329056.50472729,116387.729557606,3.91172229705567e-10
0.000591500000000000,0.500000000000000,2605860.03565914,-1147091.28843538,-2339805.14176739,117077.698714577,3.93628878372794e-10
0.000592000000000000,0.500000000000000,2613581.29831888,-1142664.25086713,-2350558.57461848,117772.537981417,3.95929604324481e-10
0.000592500000000000,0.500000000000000,2621333.77196336,-1138232.73363551,-2361316.79113928,118472.254207511,3.98440304344167e-10
0.000593000000000000,0.500000000000000,2629117.25584226,-1133796.74807187,-2372079.77922943,119176.854223578,4.01841677344857e-10
0.000593500000000000,0.500000000000000,2636931.55027210,-1129356.30546941,-2382847.52682938,119886.344841731,4.04768291488659e-10
0.000594000000000000,0.500000000000000,2644754.26602866,-1124604.04049686,-2393739.93570207,120598.709097876,4.07555588612713e-10
0.000594500000000000,0.500000000000000,2652494.77223150,-1119436.66212325,-2404701.66054124,121305.664081301,4.11439523823120e-10
0.000595000000000000,0.500000000000000,2660270.28644812,-1114264.25836706,-2415668.26354210,122017.896499289,4.14989896967433e-10
0.000595500000000000,0.500000000000000,2668080.58607519,-1109086.84188665,-2426639.73241707,122735.414030885,4.18156497690405e-10
0.000596000000000000,0.500000000000000,2675925.44952124,-1103904.42529796,-2437616.05491985,123458.224334404,4.23117509726905e-10
0.000596500000000000,0.500000000000000,2683804.65622127,-1098717.02117460,-2448597.21884515,124186.335047499,4.26075123445251e-10
0.000597000000000000,0.500000000000000,2691717.98665075,-1093524.64204805,-2459583.21202859,124919.753787227,4.28558963627430e-10
0.000597500000000000,0.500000000000000,2699665.22233898,-1088327.30040787,-2470574.02234653,125658.488150114,4.32156094033095e-10
0.000598000000000000,0.500000000000000,2707646.14588177,-1083125.00870182,-2481569.63771583,126402.545712214,4.35299520373574e-10
0.000598500000000000,0.500000000000000,2715660.54095368,-1077917.77933611,-2492570.04609378,127151.934029187,4.39033656182235e-10
0.000599000000000000,0.500000000000000,2723708.19231950,-1072705.62467549,-2503575.23547783,127906.660636351,4.42343666777533e-10
0.000599500000000000,0.500000000000000,2731788.88584524,-1067488.55704344,-2514585.19390552,128666.733048751,4.44004661995481e-10
0.000600000000000000,0.500000000000000,2739902.40850859,-1062266.58872242,-2525599.90945423,129432.158761228,4.47759231170202e-10
0.000600500000000000,0.500000000000000,2748048.54840873,-1057039.73195393,-2536619.37024105,130202.945248471,4.50795006753384e-10
0.000601000000000000,0.500000000000000,2756227.09477571,-1051807.99893877,-2547643.56442265,130979.099965099,4.54042493346565e-10
0.000601500000000000,0.500000000000000,2764437.83797913,-1046571.40183714,-2558672.48019503,131760.630345702,4.56763699710820e-10
0.000602000000000000,0.500000000000000,2772604.67081352,-1040714.95492909,-2569873.35158834,132540.287252016,4.60786071961942e-10
0.000602500000000000,0.500000000000000,2780740.79307004,-1034705.32947994,-2581066.49263238,133319.299280065,4.64201918865210e-10
0.000603000000000000,0.500000000000000,2788913.51405914,-1028690.24529003,-2592264.44795797,134104.113601754,4.66064971567436e-10
0.000603500000000000,0.500000000000000,2797122.59983449,-1022669.71592707,-2603467.20559920,134894.738594911,4.69050686861739e-10
0.000604000000000000,0.500000000000000,2805367.81753736,-1016643.75491387,-2614674.75362978,135691.182615075,4.72757239243365e-10
0.000604500000000000,0.500000000000000,2813648.93541144,-1010612.37572842,-2625887.08016291,136493.453995550,4.74656203433385e-10
0.000605000000000000,0.500000000000000,2821965.72281705,-1004575.59180424,-2637104.17335105,137301.561047489,4.77295037983194e-10
0.000605500000000000,0.500000000000000,2830317.95024465,-998533.416530429,-2648326.02138580,138115.512059949,4.80477987711023e-10
0.000606000000000000,0.500000000000000,2838705.38932776,-992485.863251923,-2659552.61249774,138935.315299974,4.82628632332573e-10
0.000606500000000000,0.500000000000000,2847127.81285524,-986432.945269640,-2670783.93495628,139760.979012653,4.85505869865963e-10
0.000607000000000000,0.500000000000000,2855584.99478288,-980374.675840663,-2682019.97706942,140592.511421192,4.87938451340146e-10
0.000607500000000000,0.500000000000000,2864076.71024456,-974311.068178446,-2693260.72718374,141429.920726988,4.90066350447189e-10
0.000608000000000000,0.500000000000000,2872602.73556261,-968242.135452982,-2704506.17368407,142273.215109686,4.91719809859588e-10
0.000608500000000000,0.500000000000000,2881162.84825778,-962167.890790938,-2715756.30499347,143122.402727256,4.94569294446941e-10
0.000609000000000000,0.500000000000000,2889756.82705850,-956088.347275931,-2727011.10957297,143977.491716055,4.96280485066027e-10
0.000609500000000000,0.500000000000000,2898398.55940514,-949854.672902321,-2738337.14314498,144839.900157962,4.99351976475919e-10
0.000610000000000000,0.500000000000000,2906912.29902308,-942955.967907984,-2749722.37813172,145692.053693304,5.00009246265939e-10
0.000610500000000000,0.500000000000000,2915464.54775535,-936051.341921658,-2761112.35093847,146550.578089970,5.01447286286936e-10
0.000611000000000000,0.500000000000000,2924055.05860837,-929140.809479335,-2772507.04993392,147415.482513331,5.02768064987662e-10
0.000611500000000000,0.500000000000000,2932683.58574053,-922224.385069458,-2783906.46352480,148286.776104688,5.03824743622299e-10
0.000612000000000000,0.500000000000000,2941349.88447791,-915302.083133075,-2795310.58015571,149164.467981349,5.04801503390386e-10
0.000612500000000000,0.500000000000000,2950053.71132955,-908373.918064216,-2806719.38830905,150048.567236712,5.06370703199012e-10
0.000613000000000000,0.500000000000000,2958794.82400156,-901439.904209799,-2818132.87650470,150939.082940318,5.06773046142589e-10
0.000613500000000000,0.500000000000000,2967572.98141104,-894500.055870044,-2829551.03330003,151836.024137945,5.08845496714294e-10
0.000614000000000000,0.500000000000000,2976387.94369902,-887554.387298586,-2840973.84728968,152739.399851670,5.09173196374265e-10
0.000614500000000000,0.500000000000000,2985239.47224287,-880602.912702666,-2852401.30710538,153649.219079947,5.10525390968307e-10
0.000615000000000000,0.500000000000000,2994127.32966803,-873645.646243332,-2863833.40141585,154565.490797672,5.10720560600160e-10
0.000615500000000000,0.500000000000000,3003051.27985912,-866682.602035566,-2875270.11892663,155488.223956267,5.12342584188413e-10
0.000616000000000000,0.500000000000000,3012011.08797046,-859713.794148572,-2886711.44837991,156417.427483741,5.12537139470815e-10
0.000616500000000000,0.500000000000000,3021006.52043602,-852739.236605931,-2898157.37855447,157353.110284775,5.14267465181793e-10
0.000617000000000000,0.500000000000000,3030037.34497862,-845758.943385738,-2909607.89826536,158295.281240778,5.14056612666778e-10
0.000617500000000000,0.500000000000000,3039060.28997161,-838292.724373138,-2921156.06470202,159239.438725557,5.15040630109230e-10
0.000618000000000000,0.500000000000000,3048009.97043990,-830446.033395459,-2932699.12632012,160178.703101742,5.16473774961012e-10
0.000618500000000000,0.500000000000000,3056999.91200942,-822592.959020878,-2944246.81129060,161124.973483200,5.15984211014428e-10
0.000619000000000000,0.500000000000000,3066029.85512863,-814733.516717975,-2955799.10840985,162078.259871381,5.16883878617627e-10
0.000619500000000000,0.500000000000000,3075099.54148265,-806867.721905520,-2967356.00651047,163038.572241841,5.17529019641740e-10
0.000620000000000000,0.500000000000000,3084208.71400905,-798995.589952457,-2978917.49446101,164005.920544299,5.18917306404252e-10
0.000620500000000000,0.500000000000000,3093357.11691340,-791117.136178235,-2990483.56116598,164980.314702738,5.18612303450362e-10
0.000621000000000000,0.500000000000000,3102544.49568367,-783232.375852956,-3002054.19556556,165961.764615466,5.19932379284570e-10
0.000621500000000000,0.500000000000000,3111770.59710414,-775341.324197563,-3013629.38663556,166950.280155204,5.18205170847805e-10
0.000622000000000000,0.500000000000000,3121035.16926857,-767443.996384092,-3025209.12338722,167945.871169160,5.18680977250848e-10
0.000622500000000000,0.500000000000000,3130337.96159265,-759540.407535810,-3036793.39486709,168948.547479104,5.18926401190670e-10
0.000623000000000000,0.500000000000000,3139678.72482589,-751630.572727440,-3048382.19015690,169958.318881454,5.19112955131174e-10
0.000623500000000000,0.500000000000000,3149057.21106267,-743714.506985360,-3059975.49837336,170975.195147341,5.19258486443097e-10
0.000624000000000000,0.500000000000000,3158473.17375283,-735792.225287764,-3071573.30866811,171999.186022694,5.19616185439808e-10
0.000624500000000000,0.500000000000000,3167926.36771156,-727863.742564860,-3083175.61022749,173030.301228313,5.20430206202489e-10
0.000625000000000000,0.500000000000000,3177416.54912876,-719929.073699192,-3094782.39227251,174068.550459954,5.19791564089403e-10
0.000625500000000000,0.500000000000000,3186839.39891117,-711141.527124958,-3106480.81964961,175102.506111251,5.21251835873159e-10
0.000626000000000000,0.500000000000000,3196247.61768091,-702292.932258248,-3118137.82101289,176137.910922947,5.22840628778956e-10
0.000626500000000000,0.500000000000000,3205697.92973324,-693437.478538829,-3129799.30347837,177181.020977517,5.25617407608391e-10
0.000627000000000000,0.500000000000000,3215190.06234868,-684575.182375400,-3141465.25632568,178231.847190098,5.28094690073087e-10
0.000627500000000000,0.500000000000000,3224723.74413391,-675706.060124425,-3153135.66886871,179290.400447948,5.30459852631994e-10
0.000628000000000000,0.500000000000000,3234298.70503780,-666830.128090240,-3164810.53045524,180356.691610503,5.32283873530654e-10
0.000628500000000000,0.500000000000000,3243914.67636722,-657947.402525335,-3176489.83046708,181430.731509494,5.34881572404611e-10
0.000629000000000000,0.500000000000000,3253571.39080147,-649057.899630470,-3188173.55831973,182512.530948997,5.37020302297807e-10
0.000629500000000000,0.500000000000000,3263268.58240650,-640161.635554974,-3199861.70346234,183602.100705541,5.40535946039260e-10
0.000630000000000000,0.500000000000000,3273005.98664809,-631258.626396907,-3211554.25537757,184699.451528177,5.42710482316712e-10
0.000630500000000000,0.500000000000000,3282783.34040441,-622348.888203233,-3223251.20358140,185804.594138565,5.45542093250124e-10
0.000631000000000000,0.500000000000000,3292600.38197791,-613432.436970095,-3234952.53762308,186917.539231053,5.48812586549986e-10
0.000631500000000000,0.500000000000000,3302456.85110647,-604509.288642935,-3246658.24708492,188038.297472760,5.52728580871560e-10
0.000632000000000000,0.500000000000000,3312352.48897405,-595579.459116764,-3258368.32158225,189166.879503665,5.56350657809812e-10
0.000632500000000000,0.500000000000000,3322287.03822036,-586642.964236334,-3270082.75076320,190303.295936673,5.59025729283298e-10
0.000633000000000000,0.500000000000000,3332256.44315682,-577398.986576623,-3281850.60800464,191447.120740692,5.63232084156693e-10
0.000633500000000000,0.500000000000000,3342102.66628796,-567501.685716906,-3293568.28815156,192580.176413950,5.65773842033097e-10
0.000634000000000000,0.500000000000000,3351993.18675847,-557597.020925687,-3305290.28775537,193721.695242676,5.70527559487127e-10
0.000634500000000000,0.500000000000000,3361927.71663876,-547685.009611808,-3317016.59660461,194871.689170757,5.74179848464780e-10
0.000635000000000000,0.500000000000000,3371905.96940270,-537765.669129282,-3328747.20451997,196030.170111958,5.78693114272632e-10
0.000635500000000000,0.500000000000000,3381927.65994485,-527839.016777452,-3340482.10135415,197197.149950001,5.81635456171306e-10
0.000636000000000000,0.500000000000000,3391992.50459703,-517905.069801321,-3352221.27699180,198372.640538662,5.87204794717176e-10
0.000636500000000000,0.500000000000000,3402100.22114396,-507963.845391677,-3363964.72134930,199556.653701859,5.92399920723235e-10
0.000637000000000000,0.500000000000000,3412250.52883817,-498015.360685299,-3375712.42437472,200749.201233730,5.97054749737191e-10
0.000637500000000000,0.500000000000000,3422443.14841417,-488059.632765265,-3387464.37604768,201950.294898743,6.02220137508736e-10
0.000638000000000000,0.500000000000000,3432677.80210174,-478096.678661068,-3399220.56637920,203159.946431760,6.07664118410253e-10
0.000638500000000000,0.500000000000000,3442954.21363863,-468126.515348865,-3410980.98541157,204378.167538138,6.12923669546684e-10
0.000639000000000000,0.500000000000000,3453272.10828238,-458149.159751660,-3422745.62321828,205604.969893811,6.20449830534482e-10
0.000639500000000000,0.500000000000000,3463631.21282162,-448164.628739612,-3434514.46990384,206840.365145382,6.26762171321436e-10
0.000640000000000000,0.500000000000000,3474031.25558644,-438172.939130027,-3446287.51560366,208084.364910198,6.32351112289592e-10
0.000640500000000000,0.500000000000000,3484471.96645839,-428174.107687823,-3458064.75048402,209336.980776455,6.39761262512971e-10
0.000641000000000000,0.500000000000000,3494884.27754924,-417477.329931843,-3469860.05372751,210589.932990705,6.46608765363561e-10
0.000641500000000000,0.500000000000000,3505235.77457914,-406470.306364735,-3481588.67838135,211839.273023956,6.51966826679393e-10
0.000642000000000000,0.500000000000000,3515633.58753609,-395455.418997110,-3493321.41856396,213097.922789860,6.58538728667814e-10
0.000642500000000000,0.500000000000000,3526077.41391488,-384432.686188010,-3505058.26466706,214365.895326218,6.64365963723739e-10
0.000643000000000000,0.500000000000000,3536566.95271363,-373402.126239401,-3516799.20711235,215643.203638382,6.71504527971872e-10
0.000643500000000000,0.500000000000000,3547101.90445128,-362363.757396385,-3528544.23635123,216929.860699343,6.77031335123149e-10
0.000644000000000000,0.500000000000000,3557681.97118427,-351317.597847334,-3540293.34286474,218225.879449821,6.82660954202839e-10
0.000644500000000000,0.500000000000000,3568306.85652254,-340263.665724300,-3552046.51716354,219531.272798376,6.88958689719121e-10
0.000645000000000000,0.500000000000000,3578976.26564435,-329201.979102942,-3563803.74978761,220846.053621475,6.93290307583501e-10
0.000645500000000000,0.500000000000000,3589689.90531073,-318132.556003078,-3575565.03130634,222170.234763616,6.99061243939306e-10
0.000646000000000000,0.500000000000000,3600447.48387881,-307055.414388652,-3587330.35231826,223503.829037401,7.04720384941633e-10
0.000646500000000000,0.500000000000000,3611248.71131446,-295970.572168023,-3599099.70345098,224846.849223627,7.09742880647655e-10
0.000647000000000000,0.500000000000000,3622093.29920432,-284878.047194252,-3610873.07536109,226199.308071394,7.14256185103059e-10
0.000647500000000000,0.500000000000000,3632980.96076693,-273777.857265211,-3622650.45873409,227561.218298190,7.18792545395907e-10
0.000648000000000000,0.500000000000000,3643911.41086317,-262670.020123884,-3634431.84428418,228932.592589979,7.24657596760616e-10
0.000648500000000000,0.500000000000000,3654927.13225392,-251478.400181731,-3646265.34365340,230318.833484239,7.31277590659578e-10
0.000649000000000000,0.500000000000000,3665761.34679966,-239316.206605847,-3657941.22491686,231686.314684318,7.35671528698397e-10
0.000649500000000000,0.500000000000000,3676644.30796306,-227145.619843939,-3669620.99332654,233064.023573744,7.42629088451643e-10
0.000650000000000000,0.500000000000000,3687575.69636663,-214966.659264911,-3681304.63991210,234451.974421274,7.47127665145442e-10
0.000650500000000000,0.500000000000000,3698555.19422309,-202779.344178123,-3692992.15573081,235850.181460597,7.52987131387098e-10
0.000651000000000000,0.500000000000000,3709582.48535390,-190583.693833551,-3704683.53186736,237258.658890422,7.58906427858898e-10
0.000651500000000000,0.500000000000000,3720657.25520726,-178379.727422160,-3716378.75943387,238677.420874593,7.65470114428360e-10
0.000652000000000000,0.500000000000000,3731779.19087478,-166167.464075955,-3728077.82956963,240106.481542173,7.69891272220845e-10
0.000652500000000000,0.500000000000000,3742947.98110775,-153946.922868409,-3739780.73344120,241545.854987562,7.77024447780780e-10
0.000653000000000000,0.500000000000000,3754163.31633213,-141718.122814471,-3751487.46224211,242995.555270583,7.82534746130926e-10
0.000653500000000000,0.500000000000000,3765424.88866290,-129481.082870969,-3763198.00719289,244455.596416586,7.88802473742476e-10
0.000654000000000000,0.500000000000000,3776732.39191763,-117235.821936696,-3774912.35954091,245925.992416550,7.94181611406570e-10
0.000654500000000000,0.500000000000000,3788085.52162911,-104982.358852800,-3786630.51056025,247406.757227174,8.00063138115759e-10
0.000655000000000000,0.500000000000000,3799483.97505730,-92720.7124027644,-3798352.45155169,248897.904770986,8.06001267131856e-10
0.000655500000000000,0.500000000000000,3810927.45120044,-80450.9013128398,-3810078.17384251,250399.448936433,8.11741376700460e-10
0.000656000000000000,0.500000000000000,3822415.65080551,-68172.9442521821,-3821807.66878645,251911.403577981,8.17940826069033e-10
0.000656500000000000,0.500000000000000,3833921.83396271,-55397.9211184157,-3833521.57934082,253430.286705793,8.23029444266359e-10
0.000657000000000000,0.500000000000000,3845312.83443059,-42019.4615361185,-3845083.24480613,254938.461976494,8.30422559257363e-10
0.000657500000000000,0.500000000000000,3856754.80605938,-28632.0889021098,-3856648.52398390,256457.890242450,8.36215853420045e-10
0.000658000000000000,0.500000000000000,3868247.41333794,-15235.8235349804,-3868217.40863629,257988.587082683,8.42015588011302e-10
0.000658500000000000,0.500000000000000,3879790.32245647,-1830.68569151424,-3879789.89055036,259530.568038394,8.48963393623388e-10
0.000659000000000000,0.500000000000000,3891383.20132556,11583.3044330146,-3891365.96153808,261083.848613082,8.54945684210563e-10
0.000659500000000000,0.500000000000000,3903025.71959424,25006.1267045048,-3902945.61343626,262648.444272657,8.60869604767776e-10
0.000660000000000000,0.500000000000000,3914717.54866714,38437.7610498715,-3914528.83810656,264224.370445559,8.69306045676073e-10
0.000660500000000000,0.500000000000000,3926458.36172039,51878.1874568722,-3926115.62743510,265811.642522826,8.73589367780553e-10
0.000661000000000000,0.500000000000000,3938247.83371717,65327.3859737701,-3937705.97333267,267410.275858241,8.80517975566401e-10
0.000661500000000000,0.500000000000000,3950085.64142199,78785.3367091440,-3949299.86773451,269020.285768417,8.87936951503237e-10
0.000662000000000000,0.500000000000000,3961971.46341419,92252.0198317094,-3960897.30260017,270641.687532903,8.93005536766347e-10
0.000662500000000000,0.500000000000000,3973904.98010069,105727.415569976,-3972498.26991353,272274.496394294,8.99417597118908e-10
0.000663000000000000,0.500000000000000,3985885.87372786,119211.504212218,-3984102.76168258,273918.727558333,9.06212452399618e-10
0.000663500000000000,0.500000000000000,3997913.82839267,132704.266105999,-3995710.76993951,275574.396194023,9.13305600684066e-10
0.000664000000000000,0.500000000000000,4009988.53005287,146205.681658120,-4007322.28674042,277241.517433717,9.20373587829817e-10
0.000664500000000000,0.500000000000000,4022009.26029827,160650.583446245,-4018799.55707714,278906.180860777,9.27156389021470e-10
0.000665000000000000,0.500000000000000,4033985.91840560,175297.559841303,-4030175.32564135,280569.696377494,9.32305860809058e-10
0.000665500000000000,0.500000000000000,4046015.87467984,189953.976647205,-4041554.39712460,282245.594106229,9.39205058726889e-10
0.000666000000000000,0.500000000000000,4058098.77669380,204619.812601843,-4052936.76408781,283933.891058685,9.46501845181651e-10
0.000666500000000000,0.500000000000000,4070234.27383950,219295.046506736,-4064322.41911433,285634.604205824,9.53070331965456e-10
0.000667000000000000,0.500000000000000,4082422.01734718,233979.657227145,-4075711.35480972,287347.750477948,9.59579776189371e-10
0.000667500000000000,0.500000000000000,4094661.66030360,248673.623691517,-4087103.56380168,289073.346764832,9.65548024054811e-10
0.000668000000000000,0.500000000000000,4106952.85766927,263376.924891484,-4098499.03873998,290811.409915824,9.72975095163732e-10
0.000668500000000000,0.500000000000000,4119295.26629475,278089.539881473,-4109897.77229640,292561.956739972,9.80646902813586e-10
0.000669000000000000,0.500000000000000,4131688.54493604,292811.447778534,-4121299.75716467,294325.004006133,9.87064212944941e-10
0.000669500000000000,0.500000000000000,4144132.35426886,307542.627762143,-4132704.98606023,296100.568443068,9.93657363879642e-10
0.000670000000000000,0.500000000000000,4156626.35690238,322283.059073872,-4144113.45172034,297888.666739578,1.00266867542379e-09
0.000670500000000000,0.500000000000000,4169170.21739188,337032.721017247,-4155525.14690396,299689.315544612,1.00936899045984e-09
0.000671000000000000,0.500000000000000,4181763.60225053,351791.592957485,-4166940.06439159,301502.531467368,1.01669745843249e-09
0.000671500000000000,0.500000000000000,4194406.17996032,366559.654321237,-4178358.19698518,303328.331077402,1.02439460424007e-09
0.000672000000000000,0.500000000000000,4207121.67022578,381579.085453496,-4189781.63507692,305170.219794540,1.03317326148965e-09
0.000672500000000000,0.500000000000000,4219658.25171687,397535.493209805,-4200890.53569844,306991.651056591,1.04020353416268e-09
0.000673000000000000,0.500000000000000,4232250.93777255,413501.896929621,-4212002.39571540,308826.689659942,1.04911423374456e-09
0.000673500000000000,0.500000000000000,4244899.35630731,429478.274350208,-4223117.20853677,310675.354227211,1.05699061940722e-09
0.000674000000000000,0.500000000000000,4257603.13715840,445464.603274943,-4234234.96759098,312537.663336915,1.06476361220804e-09
0.000674500000000000,0.500000000000000,4270361.91210653,461460.861572921,-4245355.66632603,314413.635523623,1.07284464207361e-09
0.000675000000000000,0.500000000000000,4283175.31489510,477467.027178956,-4256479.29820922,316303.289278048,1.07980330092236e-09
0.000675500000000000,0.500000000000000,4296042.98124889,493483.078093004,-4267605.85672736,318206.643047204,1.08888703858355e-09
0.000676000000000000,0.500000000000000,4308964.54889112,509508.992380271,-4278735.33538640,320123.715234491,1.09694327599629e-09
0.000676500000000000,0.500000000000000,4321939.65756007,525544.748170739,-4289867.72771150,322054.524199836,1.10380065970109e-09
0.000677000000000000,0.500000000000000,4334967.94902444,541590.323658990,-4301003.02724702,323999.088259812,1.11209815205274e-09
0.000677500000000000,0.500000000000000,4348049.06709772,557645.697104032,-4312141.22755630,325957.425687748,1.11953862914012e-09
0.000678000000000000,0.500000000000000,4361182.65765193,573710.846828926,-4323282.32222171,327929.554713861,1.12761157815083e-09
0.000678500000000000,0.500000000000000,4374368.36863006,589785.751220695,-4334426.30484454,329915.493525366,1.13434754688203e-09
0.000679000000000000,0.500000000000000,4387605.85005791,605870.388730023,-4345573.16904486,331915.260266594,1.14162708317813e-09
0.000679500000000000,0.500000000000000,4400894.75405506,621964.737870968,-4356722.90846164,333928.873039127,1.14938058637969e-09
0.000680000000000000,0.500000000000000,4414179.96715848,638776.858494977,-4367716.66978463,335948.013490745,1.15509402002186e-09
0.000680500000000000,0.500000000000000,4427361.95945154,656101.315949893,-4378477.47318716,337957.481379286,1.16213516568470e-09
0.000681000000000000,0.500000000000000,4440602.62173065,673436.307782026,-4389240.84364051,339981.924898641,1.16648821262174e-09
0.000681500000000000,0.500000000000000,4453901.56318436,690781.810804956,-4400006.77549445,342021.364388553,1.17401606112230e-09
0.000682000000000000,0.500000000000000,4467258.39505523,708137.801900206,-4410775.26311547,344075.820141231,1.18024638889701e-09
0.000682500000000000,0.500000000000000,4480672.73066039,725504.258017064,-4421546.30088646,346145.312401442,1.18670246662661e-09
0.000683000000000000,0.500000000000000,4494144.18541133,742881.156172329,-4432319.88320682,348229.861366664,1.19390445535831e-09
0.000683500000000000,0.500000000000000,4507672.37683237,760268.473450056,-4443096.00449231,350329.487187199,1.19921431328570e-09
0.000684000000000000,0.500000000000000,4521256.92457820,777666.187001273,-4453874.65917500,352444.209966316,1.20390350745158e-09
0.000684500000000000,0.500000000000000,4534897.45045040,795074.274043795,-4464655.84170328,354574.049760371,1.21034500250200e-09
0.000685000000000000,0.500000000000000,4548593.57841283,812492.711861941,-4475439.54654174,356719.026578939,1.21653723652146e-09
0.000685500000000000,0.500000000000000,4562344.93460613,829921.477806318,-4486225.76817106,358879.160384935,1.22284624898316e-09
0.000686000000000000,0.500000000000000,4576151.14736122,847360.549293569,-4497014.50108806,361054.471094748,1.22835790952299e-09
0.000686500000000000,0.500000000000000,4590011.84721189,864809.903806110,-4507805.73980561,363244.978578371,1.23542963991157e-09
0.000687000000000000,0.500000000000000,4603926.66690641,882269.518891889,-4518599.47885252,365450.702659516,1.24123342529676e-09
0.000687500000000000,0.500000000000000,4617895.24141826,899739.372164265,-4529395.71277349,367671.663115749,1.24618889072623e-09
0.000688000000000000,0.500000000000000,4631778.24153930,918422.008264706,-4539809.54375091,369885.684117187,1.25327709428636e-09
0.000688500000000000,0.500000000000000,4645639.13584538,937161.481504840,-4550130.91438937,372102.810008589,1.26031322910333e-09
0.000689000000000000,0.500000000000000,4659561.38417093,955912.029813367,-4560454.41640579,374336.418842361,1.26793421624113e-09
0.000689500000000000,0.500000000000000,4673544.57607065,974673.629096557,-4570780.04516332,376586.532836542,1.27629267166781e-09
0.000690000000000000,0.500000000000000,4687588.30329162,993446.255330565,-4581107.79603865,378853.174157870,1.28123564081052e-09
0.000690500000000000,0.500000000000000,4701692.15979419,1012229.88456109,-4591437.66442186,381136.364921900,1.28825480747144e-09
0.000691000000000000,0.500000000000000,4715855.74177177,1031024.49290325,-4601769.64571624,383436.127193134,1.29395000140671e-09
0.000691500000000000,0.500000000000000,4730078.64766971,1049830.05654112,-4612103.73533855,385752.482985188,1.30043888397356e-09
0.000692000000000000,0.500000000000000,4744360.47820275,1068646.55172771,-4622439.92871867,388085.454260900,1.30653174797337e-09
0.000692500000000000,0.500000000000000,4758700.83637162,1087473.95478457,-4632778.22129974,390435.062932482,1.31259406694411e-09
0.000693000000000000,0.500000000000000,4773099.32747855,1106312.24210159,-4643118.60853805,392801.330861658,1.31951100447047e-09
0.000693500000000000,0.500000000000000,4787555.55914159,1125161.39013671,-4653461.08590296,395184.279859784,1.32400736947705e-09
0.000694000000000000,0.500000000000000,4802069.14130816,1144021.37541584,-4663805.64887686,397583.931688001,1.33116680227693e-09
0.000694500000000000,0.500000000000000,4816639.68626759,1162892.17453232,-4674152.29295531,400000.308057378,1.33616175922507e-09
0.000695000000000000,0.500000000000000,4831266.80866235,1181773.76414701,-4684501.01364663,402433.430629009,1.34204480082225e-09
0.000695500000000000,0.500000000000000,4845950.02589894,1201104.60867634,-4694739.54256531,404883.304370861,1.34967147856958e-09
0.000696000000000000,0.500000000000000,4860460.46172434,1221291.75539463,-4704521.47919325,407311.653448027,1.35234512296159e-09
0.000696500000000000,0.500000000000000,4875035.49318028,1241490.54310874,-4714305.06979969,409758.121720130,1.35552011014366e-09
0.000697000000000000,0.500000000000000,4889674.68691972,1261700.94676634,-4724090.31082518,412222.733515577,1.36169995875590e-09
0.000697500000000000,0.500000000000000,4904377.61191153,1281922.94138690,-4733877.19872041,414705.513107224,1.36591666049864e-09
0.000698000000000000,0.500000000000000,4919143.83946302,1302156.50206148,-4743665.72994619,417206.484712534,1.36990297414911e-09
0.000698500000000000,0.500000000000000,4933972.94324131,1322401.60395243,-4753455.90097367,419725.672493747,1.37443356517387e-09
0.000699000000000000,0.500000000000000,4948864.49929305,1342658.22229320,-4763247.70828387,422263.100557985,1.38248859767915e-09
0.000699500000000000,0.500000000000000,4963818.08606347,1362926.33238807,-4773041.14836799,424818.792957428,1.38581957496487e-09
0.000700000000000000,0.500000000000000,4978833.28441396,1383205.90961182,-4782836.21772722,427392.773689453,1.39091778710888e-09
0.000700500000000000,0.500000000000000,4993909.67763867,1403496.92940960,-4792632.91287273,429985.066696779,1.39534634556040e-09
0.000701000000000000,0.500000000000000,5009046.85148001,1423799.36729655,-4802431.23032571,432595.695867617,1.40182344595082e-09
0.000701500000000000,0.500000000000000,5024244.39414297,1444113.19885768,-4812231.16661721,435224.685035811,1.40611473317345e-09
0.000702000000000000,0.500000000000000,5039501.89630848,1464438.39974752,-4822032.71828818,437872.057980979,1.41291148114743e-09
0.000702500000000000,0.500000000000000,5054818.95114572,1484774.94568993,-4831835.88188935,440537.838428654,1.41706559692293e-09
0.000703000000000000,0.500000000000000,5070195.15432357,1505122.81247782,-4841640.65398136,443222.050050451,1.42327810874794e-09
0.000703500000000000,0.500000000000000,5085540.21011100,1526429.50472059,-4851054.75085309,445908.952218204,1.42738773080547e-09
0.000704000000000000,0.500000000000000,5100798.89439338,1548116.54529103,-4860193.87712475,448588.782086978,1.43007863178699e-09
0.000704500000000000,0.500000000000000,5116125.13442493,1569815.76649564,-4869334.12802575,451288.558467147,1.43350986373456e-09
0.000705000000000000,0.500000000000000,5131518.47512057,1591527.14241817,-4878475.50116324,454008.307939719,1.43894935564779e-09
0.000705500000000000,0.500000000000000,5146978.46386526,1613250.64721584,-4887617.99415119,456748.057025739,1.44234512635565e-09
0.000706000000000000,0.500000000000000,5162504.65053679,1634986.25511912,-4896761.60461028,459507.832186447,1.44317015122501e-09
0.000706500000000000,0.500000000000000,5178096.58752712,1656733.94043137,-4905906.33016803,462287.659823449,1.44681532834117e-09
0.000707000000000000,0.500000000000000,5193753.82976252,1678493.67752866,-4915052.16845856,465087.566278843,1.45154449211264e-09
0.000707500000000000,0.500000000000000,5209475.93472257,1700265.44085950,-4924199.11712275,467907.577835408,1.45207551714898e-09
0.000708000000000000,0.500000000000000,5225262.46245777,1722049.20494461,-4933347.17380805,470747.720716729,1.45492490333239e-09
0.000708500000000000,0.500000000000000,5241112.97560626,1743844.94437658,-4942496.33616865,473608.021087385,1.45843614338361e-09
0.000709000000000000,0.500000000000000,5257027.03940916,1765652.63381970,-4951646.60186535,476488.505053088,1.46134285332383e-09
0.000709500000000000,0.500000000000000,5273004.22172482,1787472.24800970,-4960797.96856544,479389.198660825,1.46414330614782e-09
0.000710000000000000,0.500000000000000,5289044.09304221,1809303.76175343,-4969950.43394294,482310.127899047,1.46748662256703e-09
0.000710500000000000,0.500000000000000,5305146.22649289,1831147.14992866,-4979103.99567832,485251.318697788,1.46961367914317e-09
0.000711000000000000,0.500000000000000,5321375.13900058,1853135.12607033,-4988278.61837105,488224.713275405,1.47514243548454e-09
0.000711500000000000,0.500000000000000,5337349.80564443,1876346.71335499,-4996661.48133877,491160.395651942,1.47724561176260e-09
0.000712000000000000,0.500000000000000,5353395.60597972,1899571.04312530,-5005044.89153122,494118.008864189,1.48046859402011e-09
0.000712500000000000,0.500000000000000,5369512.05951991,1922808.08855501,-5013428.84779641,497097.582022927,1.48387950400003e-09
0.000713000000000000,0.500000000000000,5385698.68838685,1946057.82289307,-5021813.34898546,500099.144173998,1.48936071362201e-09
0.000713500000000000,0.500000000000000,5401955.01733519,1969320.21946343,-5030198.39395280,503122.724298498,1.49093732005779e-09
0.000714000000000000,0.500000000000000,5418280.57377519,1992595.25166477,-5038583.98155599,506168.351312924,1.49332727901727e-09
0.000714500000000000,0.500000000000000,5434674.88779451,2015882.89297020,-5046970.11065594,509236.054069384,1.49640385038305e-09
0.000715000000000000,0.500000000000000,5451137.49217818,2039183.11692707,-5055356.78011653,512325.861355700,1.49907387623282e-09
0.000715500000000000,0.500000000000000,5467667.92242786,2062495.89715665,-5063743.98880498,515437.801895632,1.49974804030583e-09
0.000716000000000000,0.500000000000000,5484265.71677951,2085821.20735391,-5072131.73559162,518571.904349018,1.50264262959785e-09
0.000716500000000000,0.500000000000000,5500930.41621988,2109159.02128724,-5080520.01934996,521728.197311949,1.50276959450703e-09
0.000717000000000000,0.500000000000000,5517661.56450188,2132509.31279818,-5088908.83895658,524906.709316920,1.50462120731863e-09
0.000717500000000000,0.500000000000000,5534458.70815881,2155872.05580121,-5097298.19329126,528107.468833015,1.50593127296947e-09
0.000718000000000000,0.500000000000000,5551321.39651736,2179247.22428345,-5105688.08123688,531330.504266060,1.50555018626272e-09
0.000718500000000000,0.500000000000000,5568249.18170965,2202634.79230446,-5114078.50167946,534575.843958796,1.50566058360665e-09
0.000719000000000000,0.500000000000000,5585210.81569638,2226688.34774017,-5122151.78004420,537837.583720205,1.50850950486719e-09
0.000719500000000000,0.500000000000000,5602010.22993540,2251469.77967191,-5129659.09661889,541077.907177601,1.50815245489321e-09
0.000720000000000000,0.500000000000000,5618884.04323810,2276264.48260991,-5137166.32946262,544342.377437169,1.51116528874315e-09
0.000720500000000000,0.500000000000000,5635831.75104719,2301072.42892542,-5144673.47874973,547631.026312270,1.51240457564131e-09
0.000721000000000000,0.500000000000000,5652852.85158526,2325893.59106634,-5152180.54465410,550943.885546131,1.51199807276145e-09
0.000721500000000000,0.500000000000000,5669946.84587939,2350727.94155692,-5159687.52734904,554280.986812029,1.51217579422412e-09
0.000722000000000000,0.500000000000000,5687113.23778428,2375575.45299757,-5167194.42700743,557642.361713470,1.51318113379237e-09
0.000722500000000000,0.500000000000000,5704351.53400397,2400436.09806450,-5174701.24380165,561028.041784370,1.51226332801919e-09
0.000723000000000000,0.500000000000000,5721661.24411228,2425309.84950953,-5182207.97790368,564438.058489249,1.51184430081319e-09
0.000723500000000000,0.500000000000000,5739041.88057166,2450196.68015980,-5189714.62948489,567872.443223372,1.51117612099475e-09
0.000724000000000000,0.500000000000000,5756492.95875122,2475096.56291748,-5197221.19871634,571331.227312973,1.51045212296128e-09
0.000724500000000000,0.500000000000000,5774013.99694284,2500009.47075961,-5204727.68576840,574814.442015377,1.50856397938470e-09
0.000725000000000000,0.500000000000000,5791604.51637679,2524935.37673774,-5212234.09081119,578322.118519242,1.50687362290746e-09
0.000725500000000000,0.500000000000000,5809264.04123548,2549874.25397769,-5219740.41401421,581854.287944682,1.50502893604612e-09
0.000726000000000000,0.500000000000000,5826992.09866648,2574826.07567933,-5227246.65554663,585410.981343476,1.50148926490590e-09
0.000726500000000000,0.500000000000000,5844788.21879410,2599790.81511632,-5234752.81557698,588992.229699212,1.49977162249879e-09
0.000727000000000000,0.500000000000000,5862518.79352039,2625957.69259283,-5241514.36143147,592571.148351376,1.49691551446435e-09
0.000727500000000000,0.500000000000000,5880185.83712981,2652337.12851758,-5248018.02930107,596148.025503137,1.49462117238447e-09
0.000728000000000000,0.500000000000000,5897930.69700703,2678730.35371606,-5254520.92952136,599751.491494790,1.49176429106451e-09
0.000728500000000000,0.500000000000000,5915752.84335454,2705137.33979581,-5261023.06367305,603381.581097540,1.49102920273153e-09
0.000729000000000000,0.500000000000000,5933651.74933566,2731558.05844223,-5267524.43333237,607038.329006796,1.48663480106278e-09
0.000729500000000000,0.500000000000000,5951626.89109957,2757992.48141841,-5274025.04007130,610721.769842407,1.48447982225705e-09
0.000730000000000000,0.500000000000000,5969677.74780444,2784440.58056475,-5280524.88545747,614431.938148818,1.48179145311253e-09
0.000730500000000000,0.500000000000000,5987803.80163932,2810902.32779879,-5287023.97105420,618168.868395282,1.47825251043808e-09
0.000731000000000000,0.500000000000000,6006004.53784473,2837377.69511484,-5293522.29842061,621932.594976059,1.47536948509300e-09
0.000731500000000000,0.500000000000000,6024279.44473147,2863866.65458385,-5300019.86911151,625723.152210588,1.47278262596802e-09
0.000732000000000000,0.500000000000000,6042628.01369843,2890369.17835303,-5306516.68467743,629540.574343674,1.46847286682880e-09
0.000732500000000000,0.500000000000000,6061049.73924907,2916885.23864567,-5313012.74666476,633384.895545711,1.46642504523757e-09
0.000733000000000000,0.500000000000000,6079544.11900626,2943414.80776081,-5319508.05661558,637256.149912821,1.46269056855216e-09
0.000733500000000000,0.500000000000000,6098110.65372638,2969957.85807308,-5326002.61606781,641154.371467089,1.45839206743793e-09
0.000734000000000000,0.500000000000000,6116748.84731165,2996514.36203232,-5332496.42655505,645079.594156696,1.45451018599519e-09
0.000734500000000000,0.500000000000000,6135498.02109896,3023415.42930112,-5338847.73230827,649040.275291539,1.45315331076317e-09
0.000735000000000000,0.500000000000000,6153995.86646028,3051401.11146528,-5344213.35477529,652959.743524313,1.44776937237226e-09
0.000735500000000000,0.500000000000000,6172575.66371055,3079401.11697676,-5349577.46789351,656908.453866064,1.44365036773269e-09
0.000736000000000000,0.500000000000000,6191236.85346017,3107415.41664397,-5354940.07473909,660886.444407644,1.44051198942390e-09
0.000736500000000000,0.500000000000000,6209978.87944501,3135443.98135455,-5360301.17837988,664893.753157813,1.43565340063292e-09
0.000737000000000000,0.500000000000000,6228801.18855284,3163486.78207519,-5365660.78187512,668930.418043401,1.43377453381522e-09
0.000737500000000000,0.500000000000000,6247703.23084875,3191543.78985129,-5371018.88827619,672996.476909620,1.43115053712679e-09
0.000738000000000000,0.500000000000000,6266684.45959807,3219614.97580671,-5376375.50062578,677091.967520137,1.42999509569335e-09
0.000738500000000000,0.500000000000000,6285744.33128877,3247700.31114354,-5381730.62195862,681216.927557396,1.42441169369613e-09
0.000739000000000000,0.500000000000000,6304882.30565163,3275799.76714179,-5387084.25530108,685371.394622742,1.42353995079084e-09
0.000739500000000000,0.500000000000000,6324097.84567942,3303913.31515912,-5392436.40367148,689555.406236674,1.42145971924277e-09
0.000740000000000000,0.500000000000000,6343390.41764435,3332040.92663066,-5397787.07007978,693768.999839003,1.42016952336137e-09
0.000740500000000000,0.500000000000000,6362759.49111453,3360182.57306863,-5403136.25752802,698012.212789104,1.41912314604666e-09
0.000741000000000000,0.500000000000000,6382204.53896865,3388338.22606218,-5408483.96900997,702285.082366070,1.41808466553137e-09
0.000741500000000000,0.500000000000000,6401725.03740985,3416507.85727708,-5413830.20751151,706587.645768968,1.41669937269148e-09
0.000742000000000000,0.500000000000000,6421320.46597771,3444691.43845547,-5419174.97601026,710919.940116968,1.41646931206899e-09
0.000742500000000000,0.500000000000000,6440920.91605129,3473757.52312340,-5423879.69237617,715266.590462535,1.41414127855401e-09
0.000743000000000000,0.500000000000000,6460375.22964453,3503379.55715027,-5427962.76574796,719593.932893184,1.41341036980990e-09
0.000743500000000000,0.500000000000000,6479915.26587474,3533016.40333363,-5432043.53321032,723953.480222699,1.41188697826723e-09
0.000744000000000000,0.500000000000000,6499540.43739838,3562668.03181026,-5436121.99941226,728345.274092703,1.41228089624513e-09
0.000744500000000000,0.500000000000000,6519250.16019878,3592334.41279716,-5440198.16899027,732769.356056067,1.41052857773097e-09
0.000745000000000000,0.500000000000000,6539043.85361302,3622015.51659131,-5444272.04656839,737225.767577141,1.40715024565779e-09
0.000745500000000000,0.500000000000000,6558920.94035723,3651711.31356932,-5448343.63675846,741714.550032010,1.40607612921477e-09
0.000746000000000000,0.500000000000000,6578880.84654978,3681421.77418728,-5452412.94415961,746235.744708612,1.40648905415330e-09
0.000746500000000000,0.500000000000000,6598923.00173367,3711146.86898041,-5456479.97335889,750789.392807065,1.40292582964060e-09
0.000747000000000000,0.500000000000000,6619046.83889678,3740886.56856280,-5460544.72893097,755375.535439818,1.40056505528510e-09
0.000747500000000000,0.500000000000000,6639251.79449090,3770640.84362719,-5464607.21543836,759994.213631907,1.40051059845393e-09
0.000748000000000000,0.500000000000000,6659537.30844917,3800409.66494467,-5468667.43743131,764645.468321145,1.39859335503372e-09
0.000748500000000000,0.500000000000000,6679902.82420219,3830193.00336444,-5472725.39944793,769329.340358352,1.39811967875688e-09
0.000749000000000000,0.500000000000000,6700347.78869264,3859990.82981352,-5476781.10601417,774045.870507557,1.39706839359717e-09
0.000749500000000000,0.500000000000000,6720871.65238865,3889803.11529654,-5480834.56164393,778795.099446229,1.39709832180624e-09
0.000750000000000000,0.500000000000000,6741473.86929586,3919629.83089539,-5484885.77083916,783577.067765498,1.39455284008649e-09
0.000750500000000000,0.500000000000000,6761967.82985519,3950877.05864427,-5487693.44984530,788348.429862010,1.39302261189924e-09
0.000751000000000000,0.500000000000000,6782428.40705538,3982144.70148243,-5490342.30929977,793126.467186754,1.38954669740799e-09
0.000751500000000000,0.500000000000000,6802978.65345344,4013427.62489542,-5492988.00827650,797939.975161089,1.38692835345447e-09
0.000752000000000000,0.500000000000000,6823617.95239248,4044725.79840335,-5495630.55307973,802788.999314017,1.38792568317391e-09
0.000752500000000000,0.500000000000000,6844345.69075505,4076039.19160738,-5498269.94999681,807673.585078574,1.38385669720861e-09
0.000753000000000000,0.500000000000000,6865161.25899020,4107367.77418938,-5500906.20529841,812593.777792068,1.38132890502150e-09
0.000753500000000000,0.500000000000000,6886064.05113897,4138711.51591171,-5503539.32523865,817549.622696354,1.37853479758888e-09
0.000754000000000000,0.500000000000000,6907053.46485778,4170070.38661691,-5506169.31605491,822541.164937997,1.37593627524612e-09
0.000754500000000000,0.500000000000000,6928128.90144069,4201444.35622750,-5508796.18396814,827568.449568583,1.37492558297099e-09
0.000755000000000000,0.500000000000000,6949289.76583968,4232833.39474564,-5511419.93518278,832631.521544899,1.37178347133899e-09
0.000755500000000000,0.500000000000000,6970535.46668352,4264237.47225293,-5514040.57588686,837730.425729186,1.37129803893632e-09
0.000756000000000000,0.500000000000000,6991865.41629508,4295656.55891008,-5516658.11225202,842865.206889366,1.36702054511853e-09
0.000756500000000000,0.500000000000000,7013279.03070729,4327090.62495675,-5519272.55043362,848035.909699287,1.36623011727297e-09
0.000757000000000000,0.500000000000000,7034775.72967725,4358539.64071116,-5521883.89657059,853242.578738899,1.36402652328551e-09
0.000757500000000000,0.500000000000000,7056354.93669977,4390003.57656996,-5524492.15678601,858485.258494607,1.36036225944436e-09
0.000758000000000000,0.500000000000000,7078023.24154115,4422012.31575132,-5526682.55711691,863765.741513735,1.36043380929051e-09
0.000758500000000000,0.500000000000000,7099448.03552251,4454911.25837906,-5527741.68074558,869002.800156629,1.35638175666125e-09
0.000759000000000000,0.500000000000000,7120967.28053592,4487825.95689161,-5528796.72181144,874278.879490743,1.35454755392501e-09
0.000759500000000000,0.500000000000000,7142580.32545060,4520756.38017137,-5529847.68837749,879594.029405415,1.35237866609507e-09
0.000760000000000000,0.500000000000000,7164286.52287058,4553702.49718261,-5530894.58848548,884948.299685950,1.34913216750525e-09
0.000760500000000000,0.500000000000000,7186085.22916373,4586664.27697123,-5531937.43015601,890341.740013881,1.34683255650639e-09
0.000761000000000000,0.500000000000000,7207975.80448901,4619641.68866446,-5532976.22138866,895774.399967223,1.34670345690487e-09
0.000761500000000000,0.500000000000000,7229957.61282191,4652634.70147065,-5534010.97016193,901246.329020715,1.34384763729062e-09
0.000762000000000000,0.500000000000000,7252030.02197819,4685643.28467895,-5535041.68443347,906757.576546087,1.34032863573756e-09
0.000762500000000000,0.500000000000000,7274192.40363579,4718667.40765904,-5536068.37214001,912308.191812286,1.33721214296658e-09
0.000763000000000000,0.500000000000000,7296444.13335513,4751707.03986092,-5537091.04119741,917898.223985732,1.33572076950187e-09
0.000763500000000000,0.500000000000000,7318784.59059796,4784762.15081462,-5538109.69950091,923527.722130590,1.33399239463664e-09
0.000764000000000000,0.500000000000000,7341213.15874429,4817832.71012989,-5539124.35492495,929196.735208971,1.33269501445148e-09
0.000764500000000000,0.500000000000000,7363729.22510823,4850918.68749606,-5540135.01532360,934905.312081260,1.32967894336682e-09
0.000765000000000000,0.500000000000000,7386332.18095161,4884020.05268160,-5541141.68853002,940653.501506231,1.32699615409323e-09
0.000765500000000000,0.500000000000000,7409021.42149724,4917136.77553406,-5542144.38235738,946441.352141466,1.32642868244529e-09
0.000766000000000000,0.500000000000000,7431678.90518647,4951323.82838681,-5542043.27809180,952238.816375750,1.32359352075949e-09
0.000766500000000000,0.500000000000000,7454213.16177332,4985862.22865496,-5541342.04845959,958022.307950942,1.32183257704797e-09
0.000767000000000000,0.500000000000000,7476846.22543081,5020416.80118581,-5540635.75964981,963848.784116190,1.32054033897458e-09
0.000767500000000000,0.500000000000000,7499577.41255785,5054987.51437235,-5539924.42155014,969718.299430138,1.31911992201816e-09
0.000768000000000000,0.500000000000000,7522406.04352452,5089574.33668985,-5539208.04402238,975630.908338866,1.31616054388168e-09
0.000768500000000000,0.500000000000000,7545331.44270162,5124177.23669564,-5538486.63690289,981586.665176235,1.31470018551262e-09
0.000769000000000000,0.500000000000000,7568352.93848773,5158796.18302882,-5537760.21000216,987585.624164067,1.31102349291423e-09
0.000769500000000000,0.500000000000000,7591469.86333516,5193431.14440999,-5537028.77310551,993627.839412517,1.31130227470290e-09
0.000770000000000000,0.500000000000000,7614681.55377322,5228082.08964103,-5536292.33597258,999713.364920243,1.30754408893869e-09
0.000770500000000000,0.500000000000000,7637987.35043033,5262748.98760473,-5535550.90833776,1005842.25457472,1.30564382836421e-09
0.000771000000000000,0.500000000000000,7661386.59805431,5297431.80726470,-5534804.49991023,1012014.56215252,1.30289590845530e-09
0.000771500000000000,0.500000000000000,7684878.64553073,5332130.51766491,-5534053.12037396,1018230.34131956,1.30190256296908e-09
0.000772000000000000,0.500000000000000,7708462.84589980,5366845.08792959,-5533296.77938782,1024489.64563134,1.30097020557789e-09
0.000772500000000000,0.500000000000000,7732138.55637164,5401575.48726288,-5532535.48658567,1030792.52853326,1.29888487413834e-09
0.000773000000000000,0.500000000000000,7755905.13834015,5436321.68494861,-5531769.25157663,1037139.04336088,1.29607521517121e-09
0.000773500000000000,0.500000000000000,7779860.40611295,5471276.77114677,-5530945.52785630,1043555.65411386,1.29662289829939e-09
0.000774000000000000,0.500000000000000,7803457.87566131,5507421.40614075,-5528314.77689206,1049895.77271070,1.29054337131360e-09
0.000774500000000000,0.500000000000000,7827159.43374017,5543582.62917902,-5525677.91629701,1056283.18622738,1.28914597836564e-09
0.000775000000000000,0.500000000000000,7850964.35850821,5579760.40815568,-5523034.95789629,1062717.95445804,1.28683206344592e-09
0.000775500000000000,0.500000000000000,7874871.93231329,5615954.71104767,-5520385.91348441,1069200.13707475,1.28508460078468e-09
0.000776000000000000,0.500000000000000,7898881.44172424,5652165.50591443,-5517730.79482560,1075729.79362786,1.27893895812469e-09
0.000776500000000000,0.500000000000000,7922992.17756018,5688392.76089764,-5515069.61365377,1082306.98354620,1.27625664074569e-09
0.000777000000000000,0.500000000000000,7947203.43491808,5724636.44422104,-5512402.38167263,1088931.76613748,1.27286156481655e-09
0.000777500000000000,0.500000000000000,7971514.51319828,5760896.52419007,-5509729.11055577,1095604.20058846,1.26976592779075e-09
0.000778000000000000,0.500000000000000,7995924.71612814,5797172.96919167,-5507049.81194672,1102324.34596533,1.26658984626020e-09
0.000778500000000000,0.500000000000000,8020433.35178389,5833465.74769396,-5504364.49745915,1109092.26121392,1.26063616584380e-09
0.000779000000000000,0.500000000000000,8045039.73261068,5869774.82824608,-5501673.17867693,1115908.00516008,1.25856248261767e-09
0.000779500000000000,0.500000000000000,8069743.17544072,5906100.17947780,-5498975.86715421,1122771.63650986,1.25517624355464e-09
0.000780000000000000,0.500000000000000,8094543.00150992,5942441.77009936,-5496272.57441546,1129683.21384988,1.25085416525317e-09
0.000780500000000000,0.500000000000000,8119438.53647269,5978799.56890115,-5493563.31195566,1136642.79564755,1.24721675857330e-09
0.000781000000000000,0.500000000000000,8144429.11041529,6015173.54475353,-5490848.09124030,1143650.44025138,1.24303755573840e-09
0.000781500000000000,0.500000000000000,8169479.46275932,6052263.52185777,-5487303.61420215,1150696.46021459,1.23848807518231e-09
0.000782000000000000,0.500000000000000,8194300.29847695,6090003.62088937,-5482555.36033826,1157699.26520034,1.23342726960485e-09
0.000782500000000000,0.500000000000000,8219230.03153737,6127760.65469319,-5477799.89321623,1164754.17778148,1.22923134905057e-09
0.000783000000000000,0.500000000000000,8244267.90412795,6165534.59082718,-5473037.22665466,1171861.26336266,1.22648237748064e-09
0.000783500000000000,0.500000000000000,8269413.16288840,6203325.39693205,-5468267.37443678,1179020.58721641,1.22030906228393e-09
0.000784000000000000,0.500000000000000,8294665.05894250,6241133.04073106,-5463490.35031058,1186232.21448348,1.21446797526649e-09
0.000784500000000000,0.500000000000000,8320022.84792791,6278957.49002974,-5458706.16798906,1193496.21017315,1.21069659340760e-09
0.000785000000000000,0.500000000000000,8345485.79002375,6316798.71271574,-5453914.84115045,1200812.63916359,1.20774981177948e-09
0.000785500000000000,0.500000000000000,8371053.14997584,6354656.67675835,-5449116.38343786,1208181.56620208,1.20068766803430e-09
0.000786000000000000,0.500000000000000,8396724.19712061,6392531.35020844,-5444310.80845989,1215603.05590536,1.19407957859719e-09
0.000786500000000000,0.500000000000000,8422498.20540661,6430422.70119808,-5439498.12979046,1223077.17275996,1.18752289570208e-09
0.000787000000000000,0.500000000000000,8448374.45341421,6468330.69794036,-5434678.36096896,1230603.98112245,1.18045486912640e-09
0.000787500000000000,0.500000000000000,8474352.22437378,6506255.30872908,-5429851.51550055,1238183.54521981,1.17716354772646e-09
0.000788000000000000,0.500000000000000,8500430.80618155,6544196.50193851,-5425017.60685586,1245815.92914966,1.17020542742077e-09
0.000788500000000000,0.500000000000000,8526609.49141440,6582154.24602316,-5420176.64847166,1253501.19688066,1.16317121428255e-09
0.000789000000000000,0.500000000000000,8552887.57734228,6620128.50951748,-5415328.65375037,1261239.41225269,1.15690371578033e-09
0.000789500000000000,0.500000000000000,8579087.55161384,6659292.53459522,-5408749.03808080,1268978.33134923,1.15291429786749e-09
0.000790000000000000,0.500000000000000,8605195.59667555,6698589.81761302,-5401692.85617162,1276713.64236283,1.15011482464130e-09
0.000790500000000000,0.500000000000000,8631417.57296579,6737904.33992545,-5394628.29348941,1284506.36756729,1.14738767288192e-09
0.000791000000000000,0.500000000000000,8657752.68494817,6777236.06884108,-5387555.36592682,1292356.57851254,1.14633804888387e-09
0.000791500000000000,0.500000000000000,8684200.14181635,6816584.97175103,-5380474.08933647,1300264.34660557,1.14100901727514e-09
0.000792000000000000,0.500000000000000,8710759.15752593,6855951.01612883,-5373384.47953094,1308229.74311072,1.13797329716308e-09
0.000792500000000000,0.500000000000000,8737428.95082414,6895334.16953001,-5366286.55228285,1316252.83915000,1.13536304867586e-09
0.000793000000000000,0.500000000000000,8764208.74527751,6934734.39959202,-5359180.32332500,1324333.70570343,1.12981787927656e-09
0.000793500000000000,0.500000000000000,8791097.76929737,6974151.67403381,-5352065.80835070,1332472.41360940,1.13016205029789e-09
0.000794000000000000,0.500000000000000,8818095.25616323,7013585.96065569,-5344943.02301360,1340669.03356497,1.12520258725679e-09
0.000794500000000000,0.500000000000000,8845200.44404418,7053037.22733901,-5337811.98292796,1348923.63612619,1.12584218393876e-09
0.000795000000000000,0.500000000000000,8872412.57601846,7092505.44204592,-5330672.70366879,1357236.29170846,1.12102115919702e-09
0.000795500000000000,0.500000000000000,8899730.90009102,7131990.57281911,-5323525.20077197,1365607.07058681,1.12016785223388e-09
0.000796000000000000,0.500000000000000,8927154.66920919,7171492.58778157,-5316369.48973428,1374036.04289627,1.11915480645471e-09
0.000796500000000000,0.500000000000000,8954683.14127663,7211011.45513629,-5309205.58601351,1382523.27863214,1.11647003919768e-09
0.000797000000000000,0.500000000000000,8982380.21635001,7250913.50034534,-5301641.98730786,1391088.86812200,1.11626745576740e-09
0.000797500000000000,0.500000000000000,9009722.62565322,7291699.88313345,-5292089.81457412,1399570.72053806,1.11399789186962e-09
0.000798000000000000,0.500000000000000,9037185.07589104,7332503.79536619,-5282528.01098566,1408115.76027427,1.11351506295416e-09
0.000798500000000000,0.500000000000000,9064766.72697763,7373325.20411411,-5272956.59463421,1416724.06576760,1.11338180675465e-09
0.000799000000000000,0.500000000000000,9092466.74381563,7414164.07653023,-5263375.58356630,1425395.71529988,1.11279091495750e-09
0.000799500000000000,0.500000000000000,9120284.29633049,7455020.37984969,-5253784.99578336,1434130.78699815,1.11293526775181e-09
0.000800000000000000,0.500000000000000,9148218.55950239,7495894.08138949,-5244184.84924149,1442929.35883490,1.11225025148134e-09
0.000800500000000000,0.500000000000000,9176268.71339667,7536785.14854840,-5234575.16185247,1451791.50862867,1.11369908766496e-09
0.000801000000000000,0.500000000000000,9204433.94319063,7577693.54880650,-5224955.95148285,1460717.31404413,1.11454233183700e-09
0.000801500000000000,0.500000000000000,9232713.43919942,7618619.24972507,-5215327.23595483,1469706.85259265,1.11302246121541e-09
0.000802000000000000,0.500000000000000,9261106.39689917,7659562.21894628,-5205689.03304621,1478760.20163253,1.11480443546455e-09
0.000802500000000000,0.500000000000000,9289612.01694796,7700522.42419287,-5196041.36049039,1487877.43836938,1.11719935691635e-09
0.000803000000000000,0.500000000000000,9318229.50520513,7741499.83326808,-5186384.23597652,1497058.63985647,1.11794862746103e-09
0.000803500000000000,0.500000000000000,9346958.07274849,7782494.41405524,-5176717.67714999,1506303.88299514,1.11870875593538e-09
0.000804000000000000,0.500000000000000,9375796.93588929,7823506.13451756,-5167041.70161197,1515613.24453502,1.12011002138844e-09
0.000804500000000000,0.500000000000000,9404745.31618595,7864534.96269794,-5157356.32692014,1524986.80107451,1.12422172498509e-09
0.000805000000000000,0.500000000000000,9433715.10434812,7906381.16695885,-5146272.19575143,1534396.21844838,1.12130305929463e-09
0.000805500000000000,0.500000000000000,9462477.08590419,7948610.14053747,-5134011.04741767,1543766.76898727,1.12324490475555e-09
0.000806000000000000,0.500000000000000,9491364.66671238,7990856.84818189,-5121738.96917647,1553206.95235373,1.12447260754046e-09
0.000806500000000000,0.500000000000000,9520376.96489047,8033121.25690873,-5109455.98135635,1562716.85437271,1.12863694766909e-09
0.000807000000000000,0.500000000000000,9549513.10385319,8075403.33381633,-5097162.10423524,1572296.56070110,1.12878037268894e-09
0.000807500000000000,0.500000000000000,9578772.21234713,8117703.04608453,-5084857.35804099,1581946.15682817,1.13186997598106e-09
0.000808000000000000,0.500000000000000,9608153.42448296,8160020.36097446,-5072541.76295138,1591665.72807592,1.13294370576705e-09
0.000808500000000000,0.500000000000000,9637655.87976496,8202355.24582815,-5060215.33909415,1601455.35959945,1.13644026844434e-09
0.000809000000000000,0.500000000000000,9667278.72311891,8244707.66806846,-5047878.10654742,1611315.13638737,1.13787402652521e-09
0.000809500000000000,0.500000000000000,9697021.10491691,8287077.59519865,-5035530.08533962,1621245.14326214,1.13881340152660e-09
0.000810000000000000,0.500000000000000,9726882.18100059,8329464.99480228,-5023171.29544975,1631245.46488046,1.14222234673691e-09
0.000810500000000000,0.500000000000000,9756861.11270182,8371869.83454285,-5010801.75680744,1641316.18573367,1.14715936964696e-09
0.000811000000000000,0.500000000000000,9786957.06686161,8414292.08216368,-4998421.48929339,1651457.39014814,1.15081169430767e-09
0.000811500000000000,0.500000000000000,9817169.21584643,8456731.70548751,-4986030.51273909,1661669.16228557,1.15387120036297e-09
0.000812000000000000,0.500000000000000,9847496.73756314,8499188.67241632,-4973628.84692724,1671951.58614339,1.15831305134239e-09
0.000812500000000000,0.500000000000000,9877938.81547173,8541662.95093124,-4961216.51159186,1682304.74555523,1.16083265719231e-09
0.000813000000000000,0.500000000000000,9908244.92482000,8585325.36830431,-4946261.80166111,1692643.40500382,1.16730894220959e-09
0.000813500000000000,0.500000000000000,9938500.65915489,8628918.84067635,-4931080.50968982,1702996.47158659,1.17070254193780e-09
0.000814000000000000,0.500000000000000,9968887.81169243,8672530.19336735,-4915886.92376479,1713426.27934672,1.17645020953015e-09
0.000814500000000000,0.500000000000000,9999405.45671669,8716159.39344851,-4900681.06652687,1723932.92220372,1.17875584150097e-09
0.000815000000000000,0.500000000000000,10030052.6741346,8759806.40807188,-4885462.96056136,1734516.49389507,1.18867938916956e-09
0.000815500000000000,0.500000000000000,10060828.5495105,8803471.20447004,-4870232.62839792,1745177.08797664,1.19069964592351e-09
0.000816000000000000,0.500000000000000,10091732.1740989,8847153.74995595,-4854990.09251132,1755914.79782315,1.19883840756108e-09
0.000816500000000000,0.500000000000000,10122762.6448739,8890854.01192256,-4839735.37532112,1766729.71662852,1.20347510669742e-09
0.000817000000000000,0.500000000000000,10153919.0645565,8934571.95784269,-4824468.49919195,1777621.93740628,1.20866066887146e-09
0.000817500000000000,0.500000000000000,10185200.5416399,8978307.55526869,-4809189.48643385,1788591.55299001,1.21701423459176e-09
0.000818000000000000,0.500000000000000,10216606.1904116,9022060.77183229,-4793898.35930226,1799638.65603372,1.22379306318319e-09
0.000818500000000000,0.500000000000000,10248135.1309743,9065831.57524429,-4778595.13999812,1810763.33901224,1.22957561928360e-09
0.000819000000000000,0.500000000000000,10279786.4892641,9109619.93329435,-4763279.85066839,1821965.69422168,1.23627026554600e-09
0.000819500000000000,0.500000000000000,10311559.3970663,9153425.81385072,-4747952.51340591,1833245.81377976,1.24438228715218e-09
0.000820000000000000,0.500000000000000,10343452.9920294,9197249.18486009,-4732613.15024936,1844603.78962626,1.25378760869896e-09
0.000820500000000000,0.500000000000000,10375486.7812133,9241563.35430537,-4716379.19547321,1856046.99908849,1.25804929200389e-09
0.000821000000000000,0.500000000000000,10407175.8605141,9286409.85901155,-4698074.21419878,1867401.88606321,1.26322375801614e-09
0.000821500000000000,0.500000000000000,10439003.4275638,9331274.35889333,-4679755.48503848,1878841.25104634,1.27227083078922e-09
0.000822000000000000,0.500000000000000,10470968.5047481,9376156.82111289,-4661423.03307948,1890365.19702458,1.27276393298730e-09
0.000822500000000000,0.500000000000000,10503070.1203815,9421057.21291219,-4643076.88334846,1901973.82678706,1.27977452484124e-09
0.000823000000000000,0.500000000000000,10535307.3087445,9465975.50161272,-4624717.06081070,1913667.24292562,1.28635802846367e-09
0.000823500000000000,0.500000000000000,10567679.1101194,9510911.65461541,-4606343.59037140,1925445.54783543,1.29045235557157e-09
0.000824000000000000,0.500000000000000,10600184.5708218,9555865.63940032,-4587956.49687487,1937308.84371531,1.30041140559928e-09
0.000824500000000000,0.500000000000000,10632822.7432303,9600837.42352632,-4569555.80510544,1949257.23256821,1.30680931044470e-09
0.000825000000000000,0.500000000000000,10665592.6858143,9645826.97463101,-4551141.53978714,1961290.81620164,1.31492647508244e-09
0.000825500000000000,0.500000000000000,10698493.4631578,9690834.26043032,-4532713.72558420,1973409.69622810,1.32270430626075e-09
0.000826000000000000,0.500000000000000,10731524.1459823,9735859.24871844,-4514272.38710133,1985613.97406555,1.33515340101297e-09
0.000826500000000000,0.500000000000000,10764683.8111664,9780901.90736738,-4495817.54888313,1997903.75093773,1.34401039224732e-09
0.000827000000000000,0.500000000000000,10797971.5417637,9825962.20432699,-4477349.23541565,2010279.12787482,1.35020516349838e-09
0.000827500000000000,0.500000000000000,10831386.4270178,9871040.10762439,-4458867.47112498,2022740.20571355,1.36357978924443e-09
0.000828000000000000,0.500000000000000,10864927.5623761,9916135.58536410,-4440372.28037867,2035287.08509792,1.37593668777489e-09
0.000828500000000000,0.500000000000000,10898440.7628128,9962026.09892904,-4419733.82284450,2047862.25966447,1.38350813696065e-09
0.000829000000000000,0.500000000000000,10931777.4334753,10008033.6723545,-4398070.01627515,2060409.61819035,1.39759242316654e-09
0.000829500000000000,0.500000000000000,10965259.0183066,10054059.2523284,-4376390.96622125,2073050.09204404,1.40076702442404e-09
0.000830000000000000,0.500000000000000,10998884.4911206,10100102.8063089,-4354696.70023142,2085783.79394852,1.41967668272340e-09
0.000830500000000000,0.500000000000000,11032652.8320225,10146164.3018322,-4332987.24578779,2098610.83641264,1.42391507615459e-09
0.000831000000000000,0.500000000000000,11066563.0274457,10192243.7065130,-4311262.63030628,2111531.33173152,1.43201854440600e-09
0.000831500000000000,0.500000000000000,11100614.0701878,10238340.9880436,-4289522.88113699,2124545.39198710,1.44145551048288e-09
0.000832000000000000,0.500000000000000,11134804.9594421,10284456.1141943,-4267768.02556420,2137653.12904857,1.45264114305532e-09
0.000832500000000000,0.500000000000000,11169134.7008272,10330589.0528125,-4245998.09080661,2150854.65457281,1.45972555808887e-09
0.000833000000000000,0.500000000000000,11203602.3064140,10376739.7718229,-4224213.10401764,2164150.08000493,1.46875778627647e-09
0.000833500000000000,0.500000000000000,11238206.7947500,10422908.2392273,-4202413.09228553,2177539.51657872,1.47754326897640e-09
0.000834000000000000,0.500000000000000,11272947.1908809,10469094.4231041,-4180598.08263360,2191023.07531706,1.48491605152029e-09
0.000834500000000000,0.500000000000000,11307822.5263699,10515298.2916082,-4158768.10202020,2204600.86703241,1.49364908507516e-09
0.000835000000000000,0.500000000000000,11342831.8393152,10561519.8129708,-4136923.17733947,2218273.00232730,1.50382319026109e-09
0.000835500000000000,0.500000000000000,11377974.1743643,10607758.9554992,-4115063.33542104,2232039.59159483,1.51266854895441e-09
0.000836000000000000,0.500000000000000,11413397.6447636,10654247.6208636,-4093000.54126780,2245959.41030166,1.52137262421117e-09
0.000836500000000000,0.500000000000000,11448315.3855285,10701270.8206547,-4067766.95369014,2259722.84769879,1.53142988199011e-09
0.000837000000000000,0.500000000000000,11483385.8524731,10748311.9937154,-4042516.53336545,2273588.80408239,1.53809043337968e-09
0.000837500000000000,0.500000000000000,11518607.9618394,10795371.1078546,-4017249.31044199,2287557.40307844,1.54715977679466e-09
0.000838000000000000,0.500000000000000,11553980.6365016,10842448.1309584,-3991965.31499595,2301628.76808025,1.55880688479997e-09
0.000838500000000000,0.500000000000000,11589502.8060072,10889543.0309893,-3966664.57703192,2315803.02224911,1.56737528391212e-09
0.000839000000000000,0.500000000000000,11625173.4066140,10936655.7759861,-3941347.12648291,2330080.28851459,1.57924930984717e-09
0.000839500000000000,0.500000000000000,11660991.3813261,10983786.3340639,-3916012.99321057,2344460.68957521,1.58767003153416e-09
0.000840000000000000,0.500000000000000,11696955.6799252,11030934.6734134,-3890662.20700539,2358944.34789886,1.60324719555801e-09
0.000840500000000000,0.500000000000000,11733065.2590003,11078100.7623015,-3865294.79758718,2373531.38572343,1.61136022344824e-09
0.000841000000000000,0.500000000000000,11769319.0819737,11125284.5690700,-3839910.79460485,2388221.92505707,1.61654231058380e-09
0.000841500000000000,0.500000000000000,11805716.1191256,11172486.0621365,-3814510.22763709,2403016.08767901,1.63575173489564e-09
0.000842000000000000,0.500000000000000,11842255.3476144,11219705.2099932,-3789093.12619198,2417913.99513970,1.64158106080382e-09
0.000842500000000000,0.500000000000000,11878935.7514963,11266941.9812072,-3763659.51970791,2432915.76876168,1.65287056597520e-09
0.000843000000000000,0.500000000000000,11915756.3217408,11314196.3444203,-3738209.43755319,2448021.52963975,1.66329626517266e-09
0.000843500000000000,0.500000000000000,11952716.0562451,11361468.2683485,-3712742.90902673,2463231.39864171,1.67117380792115e-09
0.000844000000000000,0.500000000000000,11989777.3549301,11409217.2834836,-3685718.65435403,2478530.36242748,1.68124290177373e-09
0.000844500000000000,0.500000000000000,12026512.5340230,11457128.0269463,-3656668.03322018,2493741.44363816,1.69963343518799e-09
0.000845000000000000,0.500000000000000,12063407.5375157,11505056.5941897,-3627598.95532610,2509065.54165846,1.70088591311551e-09
0.000845500000000000,0.500000000000000,12100461.2278244,11553002.9535924,-3598511.45341601,2524502.79182899,1.71463923346570e-09
0.000846000000000000,0.500000000000000,12137672.4744005,11600967.0736083,-3569405.56015668,2540053.32923828,1.71734622143597e-09
0.000846500000000000,0.500000000000000,12175040.1537712,11648948.9227652,-3540281.30813739,2555717.28872311,1.72850441303385e-09
0.000847000000000000,0.500000000000000,12212563.1495775,11696948.4696658,-3511138.72987087,2571494.80486927,1.73066286057395e-09
0.000847500000000000,0.500000000000000,12250240.3526092,11744965.6829866,-3481977.85779285,2587386.01201196,1.74151784716334e-09
0.000848000000000000,0.500000000000000,12288070.6608367,11793000.5314781,-3452798.72426283,2603391.04423646,1.73926988916905e-09
0.000848500000000000,0.500000000000000,12326052.9794396,11841052.9839644,-3423601.36156374,2619510.03537849,1.74839662466847e-09
0.000849000000000000,0.500000000000000,12364186.2208334,11889123.0093429,-3394385.80190264,2635743.11902492,1.75147590187793e-09
0.000849500000000000,0.500000000000000,12402469.3046918,11937210.5765845,-3365152.07741070,2652090.42851416,1.75407377341936e-09
0.000850000000000000,0.500000000000000,12440901.1579683,11985315.6547328,-3335900.22014350,2668552.09693685,1.75777087873728e-09
0.000850500000000000,0.500000000000000,12479480.7149137,12033438.2129046,-3306630.26208126,2685128.25713626,1.76102565916959e-09
0.000851000000000000,0.500000000000000,12518206.9170916,12081578.2202889,-3277342.23512902,2701819.04170895,1.76202258247010e-09
0.000851500000000000,0.500000000000000,12557078.7133910,12129735.6461472,-3248036.17111683,2718624.58300513,1.76185592001721e-09
0.000852000000000000,0.500000000000000,12595859.9773979,12178473.7578121,-3215659.41923236,2735442.90638301,1.76321270504183e-09
0.000852500000000000,0.500000000000000,12634507.7759829,12227106.0311573,-3182556.33794737,2752254.94381676,1.76766525361799e-09
0.000853000000000000,0.500000000000000,12673322.8309429,12275755.8883591,-3149433.11513585,2769191.57891893,1.77178562900027e-09
0.000853500000000000,0.500000000000000,12712303.9482431,12324423.2985146,-3116289.78619581,2786252.95987100,1.77760485163745e-09
0.000854000000000000,0.500000000000000,12751449.9413085,12373108.2307930,-3083126.38644255,2803439.23458097,1.77976496092119e-09
0.000854500000000000,0.500000000000000,12790759.6310645,12421810.6544357,-3049942.95110859,2820750.55068396,1.78537438150365e-09
0.000855000000000000,0.500000000000000,12830231.8459758,12470530.5387562,-3016739.51534412,2838187.05554294,1.78807286654297e-09
0.000855500000000000,0.500000000000000,12869865.4220798,12519267.8531395,-2983516.11421701,2855748.89624907,1.79475958972251e-09
0.000856000000000000,0.500000000000000,12909659.2030195,12568022.5670424,-2950272.78271338,2873436.21962253,1.79882625288636e-09
0.000856500000000000,0.500000000000000,12949612.0400710,12616794.6499928,-2917009.55573749,2891249.17221295,1.80862413338727e-09
0.000857000000000000,0.500000000000000,12989722.7921692,12665584.0715898,-2883726.46811225,2909187.90030000,1.81647758469220e-09
0.000857500000000000,0.500000000000000,13029990.3259310,12714390.8015034,-2850423.55457938,2927252.54989406,1.82857831252604e-09
0.000858000000000000,0.500000000000000,13070413.5156746,12763214.8094744,-2817100.84979959,2945443.26673669,1.83701523226945e-09
0.000858500000000000,0.500000000000000,13110991.2434366,12812056.0653139,-2783758.38835261,2963760.19630122,1.84914109936549e-09
0.000859000000000000,0.500000000000000,13151722.3989869,12860914.5389034,-2750396.20473806,2982203.48379335,1.85610377525063e-09
0.000859500000000000,0.500000000000000,13192709.3362143,12910054.5546689,-2716260.48554066,3000820.33844546,1.86999799363581e-09
0.000860000000000000,0.500000000000000,13233193.6471754,12959203.9997278,-2678888.91092623,3019265.76040766,1.88221952597885e-09
0.000860500000000000,0.500000000000000,13273854.2571744,13008370.7213175,-2641495.41310908,3037848.39380529,1.89384233107696e-09
0.000861000000000000,0.500000000000000,13314689.9051091,13057554.6893396,-2604080.03028317,3056568.40119335,1.90841820258643e-09
0.000861500000000000,0.500000000000000,13355699.3377404,13106755.8737655,-2566642.80055354,3075425.94482966,1.92567773110517e-09
0.000862000000000000,0.500000000000000,13396881.3097369,13155974.2446363,-2529183.76193670,3094421.18667547,1.93290028664788e-09
0.000862500000000000,0.500000000000000,13438234.5837160,13205209.7720625,-2491702.95236134,3113554.28839622,1.95121321118056e-09
0.000863000000000000,0.500000000000000,13479757.9302817,13254462.4262238,-2454200.40966790,3132825.41136193,1.96543848099478e-09
0.000863500000000000,0.500000000000000,13521450.1280592,13303732.1773692,-2416676.17160938,3152234.71664815,1.97665248873836e-09
0.000864000000000000,0.500000000000000,13563309.9637258,13353018.9958163,-2379130.27585139,3171782.36503627,1.99217939669972e-09
0.000864500000000000,0.500000000000000,13605336.2320391,13402322.8519517,-2341562.75997230,3191468.51701441,2.00352969673554e-09
0.000865000000000000,0.500000000000000,13647527.7358616,13451643.7162301,-2303973.66146368,3211293.33277777,2.01817043393448e-09
0.000865500000000000,0.500000000000000,13689883.2861830,13500981.5591748,-2266363.01773046,3231256.97222954,2.03432905967099e-09
0.000866000000000000,0.500000000000000,13732401.7021390,13550336.3513768,-2228730.86609105,3251359.59498123,2.04891537372033e-09
0.000866500000000000,0.500000000000000,13775081.8110277,13599708.0634955,-2191077.24377800,3271601.36035355,2.05882324378911e-09
0.000867000000000000,0.500000000000000,13817922.4483225,13649096.6662574,-2153402.18793766,3291982.42737679,2.06974798539084e-09
0.000867500000000000,0.500000000000000,13860813.5351365,13698758.2659369,-2113332.39866527,3312450.89406592,2.08132855002342e-09
0.000868000000000000,0.500000000000000,13903407.9143809,13748233.2683044,-2071432.74907952,3332840.54540812,2.09144472343812e-09
0.000868500000000000,0.500000000000000,13946186.8029564,13797725.1039621,-2029509.37382653,3353381.48867164,2.10054495967895e-09
0.000869000000000000,0.500000000000000,13989148.8771974,13847233.7438536,-1987562.31385991,3374073.90186884,2.11482877516268e-09
0.000869500000000000,0.500000000000000,14032292.8217739,13896759.1589893,-1945591.61003861,3394917.96268976,2.12164045117992e-09
0.000870000000000000,0.500000000000000,14075617.3297360,13946301.3204465,-1903597.30312795,3415913.84850285,2.12748975591118e-09
0.000870500000000000,0.500000000000000,14119121.1025554,13995860.1993689,-1861579.43379973,3437061.73635562,2.13971425869334e-09
0.000871000000000000,0.500000000000000,14162802.8501621,14045435.7669662,-1819538.04263188,3458361.80297516,2.14505884485882e-09
0.000871500000000000,0.500000000000000,14206661.2909792,14095027.9945145,-1777473.17010975,3479814.22476910,2.14896913383808e-09
0.000872000000000000,0.500000000000000,14250695.1519534,14144636.8533555,-1735384.85662544,3501419.17782599,2.15689648200212e-09
0.000872500000000000,0.500000000000000,14294903.1685821,14194262.3148968,-1693273.14247857,3523176.83791616,2.16030356108761e-09
0.000873000000000000,0.500000000000000,14339284.0849380,14243904.3506113,-1651138.06787664,3545087.38049234,2.16766979981363e-09
0.000873500000000000,0.500000000000000,14383836.6536899,14293562.9320375,-1608979.67293462,3567150.98069024,2.16433056796265e-09
0.000874000000000000,0.500000000000000,14428559.6361210,14343238.0307788,-1566797.99767628,3589367.81332933,2.16460820954915e-09
0.000874500000000000,0.500000000000000,14473451.8021439,14392929.6185036,-1524593.08203329,3611738.05291348,2.17106434482693e-09
0.000875000000000000,0.500000000000000,14518511.9303126,14442637.6669451,-1482364.96584657,3634261.87363154,2.16802105111550e-09
0.000875500000000000,0.500000000000000,14563402.9675275,14492436.6428108,-1435961.75043244,3656770.79301016,2.16897889127926e-09
0.000876000000000000,0.500000000000000,14608218.0493177,14542004.5402871,-1389294.25489373,3679310.94097261,2.17333290519367e-09
0.000876500000000000,0.500000000000000,14653226.2373279,14591588.7153972,-1342601.17794004,3702017.91659161,2.16482762367651e-09
0.000877000000000000,0.500000000000000,14698426.1422771,14641189.1403002,-1295882.56332522,3724891.91482716,2.16551030483454e-09
0.000877500000000000,0.500000000000000,14743816.3837181,14690805.7872186,-1249138.45470340,3747933.13028957,2.15934643964337e-09
0.000878000000000000,0.500000000000000,14789395.5900819,14740438.6284383,-1202368.89562915,3771141.75724022,2.16266723447433e-09
0.000878500000000000,0.500000000000000,14835162.3987187,14790087.6363084,-1155573.92955823,3794517.98959235,2.16024043286415e-09
0.000879000000000000,0.500000000000000,14881115.4559350,14839752.7832405,-1108753.59984709,3818062.02091150,2.15852624387827e-09
0.000879500000000000,0.500000000000000,14927253.4170275,14889434.0417092,-1061907.94975384,3841774.04441656,2.16056068419365e-09
0.000880000000000000,0.500000000000000,14973574.9463133,14939131.3842519,-1015037.02243823,3865654.25298036,2.15778672201874e-09
0.000880500000000000,0.500000000000000,15020078.7171559,14988844.7834680,-968140.860961976,3889702.83913036,2.15557694396914e-09
0.000881000000000000,0.500000000000000,15066763.4119894,15038574.2120192,-921219.508289105,3913919.99504936,2.15726684114393e-09
0.000881500000000000,0.500000000000000,15113627.7223380,15088319.6426294,-874273.007285923,3938305.91257628,2.15189716232598e-09
0.000882000000000000,0.500000000000000,15160670.3488334,15138081.0480840,-827301.400721783,3962860.78320683,2.15485572231293e-09
0.000882500000000000,0.500000000000000,15207890.0012285,15187858.4012304,-780304.731269026,3987584.79809423,2.15392483276333e-09
0.000883000000000000,0.500000000000000,15255328.6572305,15237766.4920995,-731795.580998102,4012500.90413997,2.15831759548064e-09
0.000883500000000000,0.500000000000000,15302277.3288821,15287154.3763416,-680148.898344170,4037236.05948309,2.15240646764241e-09
0.000884000000000000,0.500000000000000,15349429.5759974,15336557.8889957,-628474.682057302,4062154.97083626,2.15805487590280e-09
0.000884500000000000,0.500000000000000,15396783.9311693,15385977.0035576,-576772.978830690,4087257.85212265,2.15038658809542e-09
0.000885000000000000,0.500000000000000,15444338.9363014,15435411.6935836,-525043.835252645,4112544.91688542,2.14987576309573e-09
0.000885500000000000,0.500000000000000,15492093.1426557,15484861.9326894,-473287.297805892,4138016.37828826,2.14358234503673e-09
0.000886000000000000,0.500000000000000,15540045.1108978,15534327.6945506,-421503.412868360,4163672.44911621,2.14953681507906e-09
0.000886500000000000,0.500000000000000,15588193.4111374,15583808.9529016,-369692.226713148,4189513.34177633,2.14959533490827e-09
0.000887000000000000,0.500000000000000,15636536.6229652,15633305.6815367,-317853.785509382,4215539.26829880,2.14560181381269e-09
0.000887500000000000,0.500000000000000,15685073.3354855,15682817.8543088,-265988.135321784,4241750.44033720,2.13940023040865e-09
0.000888000000000000,0.500000000000000,15733802.1473466,15732345.4451299,-214095.322111497,4268147.06916982,2.14123039228410e-09
0.000888500000000000,0.500000000000000,15782721.6667657,15781888.4279706,-162175.391736290,4294729.36569993,2.14070097830664e-09
0.000889000000000000,0.500000000000000,15831830.5115518,15831446.7768600,-110228.389950406,4321497.54045694,2.13787737717281e-09
0.000889500000000000,0.500000000000000,15881127.3091249,15881020.4658861,-58254.3624058028,4348451.80359709,2.13403324011634e-09
0.000890000000000000,0.500000000000000,15930610.6965308,15930609.4691941,-6253.35465125895,4375592.36490383,2.12992173659479e-09
0.000890500000000000,0.500000000000000,15980279.3204556,15980213.7609885,45774.5878663668,4402919.43378934,2.13111639135657e-09
0.000891000000000000,0.500000000000000,16029932.0974832,16029612.6544381,101198.807315939,4430322.81120558,2.12010887738157e-09
0.000891500000000000,0.500000000000000,16079331.0348185,16078553.8863654,158086.844864860,4457670.45736683,2.11591941904579e-09
0.000892000000000000,0.500000000000000,16128943.0463548,16127509.9415059,215004.370154895,4485220.75504409,2.11033320099861e-09
0.000892500000000000,0.500000000000000,16178766.5919603,16176480.7949464,271951.333626837,4512973.93857121,2.10154136660704e-09
0.000893000000000000,0.500000000000000,16228800.1413670,16225466.4218298,328927.685832363,4540930.24186956,2.09571303719905e-09
0.000893500000000000,0.500000000000000,16279042.1742195,16274466.7973547,385933.377434033,4569089.89844859,2.08545200404736e-09
0.000894000000000000,0.500000000000000,16329491.1801194,16323481.8967750,442968.359204598,4597453.14140683,2.08385417124750e-09
0.000894500000000000,0.500000000000000,16380145.6586654,16372511.6953999,500032.582026880,4626020.20343268,2.07684418239952e-09
0.000895000000000000,0.500000000000000,16431004.1194901,16421556.1685940,557125.996893674,4654791.31680521,2.07820441913456e-09
0.000895500000000000,0.500000000000000,16482065.0822920,16470615.2917766,614248.554907001,4683766.71339501,2.07071476954426e-09
0.000896000000000000,0.500000000000000,16533327.0768645,16519689.0404223,671400.207278111,4712946.62466519,2.06969792827021e-09
0.000896500000000000,0.500000000000000,16584788.6431201,16568777.3900599,728580.905327159,4742331.28167184,2.06859429080024e-09
0.000897000000000000,0.500000000000000,16636448.3311128,16617880.3162732,785790.600482736,4771920.91506528,2.06557482491129e-09
0.000897500000000000,0.500000000000000,16688304.7010549,16666997.7947001,843029.244281753,4801715.75509056,2.06964389819309e-09
0.000898000000000000,0.500000000000000,16740356.3233324,16716129.8010331,900296.788368805,4831716.03158851,2.06901729106113e-09
0.000898500000000000,0.500000000000000,16792827.2509300,16765479.4859321,957989.919763459,4862052.53585481,2.07330258936357e-09
0.000899000000000000,0.500000000000000,16844580.4179665,16813650.2731424,1020320.51327049,4892067.05960932,2.07415810214972e-09
0.000899500000000000,0.500000000000000,16896558.2326122,16861834.9655122,1082682.64227612,4922304.82944925,2.07669262449517e-09
0.000900000000000000,0.500000000000000,16948759.0680669,16910033.5398662,1145076.25422153,4952766.10254104,2.07642420416948e-09
0.000900500000000000,0.500000000000000,17001181.3079254,16958245.9730807,1207501.29666390,4983451.13560264,2.08727273172854e-09
0.000901000000000000,0.500000000000000,17053823.3462299,17006472.2420831,1269957.71727753,5014360.18490374,2.08297890435935e-09
0.000901500000000000,0.500000000000000,17106683.5875190,17054712.3238521,1332445.46385231,5045493.50626713,2.08817858851119e-09
0.000902000000000000,0.500000000000000,17159760.4468723,17102966.1954177,1394964.48429406,5076851.35506968,2.08145604121168e-09
0.000902500000000000,0.500000000000000,17213052.3499488,17151233.8338603,1457514.72662416,5108433.98624274,2.09018984345179e-09
0.000903000000000000,0.500000000000000,17266557.7330245,17199515.2163114,1520096.13897893,5140241.65427358,2.08582667437997e-09
0.000903500000000000,0.500000000000000,17320275.0430223,17247810.3199532,1582708.66960956,5172274.61320588,2.09022685678139e-09
0.000904000000000000,0.500000000000000,17374202.7375409,17296119.1220181,1645352.26688185,5204533.11664090,2.09530800062841e-09
0.000904500000000000,0.500000000000000,17428339.2848779,17344441.5997890,1708026.87927555,5237017.41773823,2.09268307794200e-09
0.000905000000000000,0.500000000000000,17482683.1640503,17392777.7305989,1770732.45538438,5269727.76921671,2.09674017749733e-09
0.000905500000000000,0.500000000000000,17537232.8648113,17441127.4918313,1833468.94391568,5302664.42335545,2.09668672099232e-09
0.000906000000000000,0.500000000000000,17591986.8876619,17489490.8609188,1896236.29368996,5335827.63199430,2.10378972264103e-09
0.000906500000000000,0.500000000000000,17646909.0551326,17537567.1938627,1961411.76729232,5369196.53793313,2.10330399357581e-09
0.000907000000000000,0.500000000000000,17701365.9950945,17584644.5666467,2029441.68602808,5402385.48434978,2.10975741810830e-09
0.000907500000000000,0.500000000000000,17756058.0790348,17631734.7572599,2097505.17417494,5435820.66389755,2.10892679174283e-09
0.000908000000000000,0.500000000000000,17810983.5995438,17678837.7445273,2165602.17627708,5469502.35833136,2.11432773477071e-09
0.000908500000000000,0.500000000000000,17866140.8602223,17725953.5073210,2233732.63700023,5503430.84891904,2.11106593539603e-09
0.000909000000000000,0.500000000000000,17921528.1757337,17773082.0245587,2301896.50113247,5537606.41644167,2.10922269645446e-09
0.000909500000000000,0.500000000000000,17977143.8718540,17820223.2752054,2370093.71358274,5572029.34119549,2.10471436964945e-09
0.000910000000000000,0.500000000000000,18032986.2855143,17867377.2382721,2438324.21938132,5606699.90299216,2.10883153685701e-09
0.000910500000000000,0.500000000000000,18089053.7648401,17914543.8928155,2506587.96367917,5641618.38115992,2.10610317831801e-09
0.000911000000000000,0.500000000000000,18145344.6691868,17961723.2179386,2574884.89174785,5676785.05454461,2.10283303108325e-09
0.000911500000000000,0.500000000000000,18201857.3691704,18008915.1927904,2643214.94897868,5712200.20151072,2.09995534984210e-09
0.000912000000000000,0.500000000000000,18258590.2466931,18056119.7965651,2711578.08088303,5747864.09994198,2.08810155152827e-09
0.000912500000000000,0.500000000000000,18315541.6949675,18103337.0085031,2779974.23309142,5783777.02724295,2.08478884576858e-09
0.000913000000000000,0.500000000000000,18372710.1185339,18150566.8078899,2848403.35135382,5819939.26033927,2.08043031489637e-09
0.000913500000000000,0.500000000000000,18430093.9332762,18197809.1740563,2916865.38153868,5856351.07567907,2.07242712251298e-09
0.000914000000000000,0.500000000000000,18487691.5664333,18245064.0863787,2985360.26963295,5893012.74923395,2.07138541466837e-09
0.000914500000000000,0.500000000000000,18545188.6667925,18291262.6893397,3058387.14300508,5929724.52908497,2.05379916877187e-09
0.000915000000000000,0.500000000000000,18602491.4149206,18336879.6649240,3132336.34788633,5966425.63521026,2.04412477145370e-09
0.000915500000000000,0.500000000000000,18660040.2987817,18382508.2185347,3206321.18597922,6003398.34400269,2.02394422188872e-09
0.000916000000000000,0.500000000000000,18717833.5264216,18428148.3312118,3280341.59893250,6040642.96418676,2.02258054453677e-09
0.000916500000000000,0.500000000000000,18775869.3175462,18473799.9840373,3354397.52852213,6078159.80395815,2.00647962145096e-09
0.000917000000000000,0.500000000000000,18834145.9035732,18519463.1581340,3428488.91665109,6115949.17098419,1.98641697636276e-09
0.000917500000000000,0.500000000000000,18892661.5276810,18565137.8346664,3502615.70534893,6154011.37240548,1.98159500769620e-09
0.000918000000000000,0.500000000000000,18951414.4448509,18610823.9948391,3576777.83677173,6192346.71483623,1.97245158043627e-09
0.000918500000000000,0.500000000000000,19010402.9219065,18656521.6198986,3650975.25320131,6230955.50436606,1.96845350357631e-09
0.000919000000000000,0.500000000000000,19069625.2375477,18702230.6911317,3725207.89704522,6269838.04656061,1.95692247721192e-09
0.000919500000000000,0.500000000000000,19129079.6823797,18747951.1898660,3799475.71083610,6308994.64646259,1.94963679059932e-09
0.000920000000000000,0.500000000000000,19188764.5589390,18793683.0974697,3873778.63723182,6348425.60859298,1.94848475788569e-09
0.000920500000000000,0.500000000000000,19248678.1817142,18839426.3953514,3948116.61901452,6388131.23695176,1.93941561660576e-09
0.000921000000000000,0.500000000000000,19308818.8771641,18885181.0649603,4022489.59909088,6428111.83501949,1.93465752291495e-09
0.000921500000000000,0.500000000000000,19369184.9837301,18930947.0877859,4096897.52049118,6468367.70575787,1.93747103457870e-09
0.000922000000000000,0.500000000000000,19429938.6797599,18976631.1176544,4172527.83378393,6509008.91550397,1.93045809586171e-09
0.000922500000000000,0.500000000000000,19489977.2243046,19020380.3001510,4252569.27533676,6549296.76213640,1.92330214324392e-09
0.000923000000000000,0.500000000000000,19550275.3081872,19064139.6767359,4332648.49853020,6589883.87286056,1.91754079038830e-09
0.000923500000000000,0.500000000000000,19610831.0384990,19107909.2308518,4412765.44199729,6630770.58656130,1.90136073039479e-09
0.000924000000000000,0.500000000000000,19671642.5346166,19151688.9459763,4492920.04450367,6671957.24154716,1.89553355681695e-09
0.000924500000000000,0.500000000000000,19732707.9282606,19195478.8056237,4573112.24494766,6713444.17555242,1.88485686295399e-09
0.000925000000000000,0.500000000000000,19794025.3635474,19239278.7933427,4653341.98235982,6755231.72573723,1.87675808947250e-09
0.000925500000000000,0.500000000000000,19855592.9970382,19283088.8927190,4733609.19590199,6797320.22869018,1.87510012320741e-09
0.000926000000000000,0.500000000000000,19917408.9977792,19326909.0873725,4813913.82486788,6839710.02042787,1.86329875512241e-09
0.000926500000000000,0.500000000000000,19979471.5473415,19370739.3609592,4894255.80868200,6882401.43639707,1.85580049143159e-09
0.000927000000000000,0.500000000000000,20041778.8398531,19414579.6971701,4974635.08689962,6925394.81147555,1.84630538920957e-09
0.000927500000000000,0.500000000000000,20104329.0820270,19458430.0797314,5055051.59920631,6968690.47997302,1.84185149255643e-09
0.000928000000000000,0.500000000000000,20167120.4931861,19502290.4924045,5135505.28541776,7012288.77563251,1.83292656805467e-09
0.000928500000000000,0.500000000000000,20230151.3052822,19546160.9189855,5215996.08547905,7056190.03163120,1.83094012787518e-09
0.000929000000000000,0.500000000000000,20293419.7629121,19590041.3433057,5296523.93946486,7100394.58058193,1.82065883921156e-09
0.000929500000000000,0.500000000000000,20356924.1233288,19633931.7492311,5377088.78757847,7144902.75453391,1.81545770401208e-09
0.000930000000000000,0.500000000000000,20420528.5117815,19676752.4812410,5461080.15803270,7189620.42587039,1.80773511543362e-09
0.000930500000000000,0.500000000000000,20483707.6601002,19718217.2161608,5547448.90204023,7234177.23283530,1.80868115205591e-09
0.000931000000000000,0.500000000000000,20547158.4957958,19759690.5730652,5633857.53352644,7279064.17674746,1.79543463593079e-09
0.000931500000000000,0.500000000000000,20610879.0322426,19801172.5380699,5720305.98826004,7324281.62899547,1.79237627277127e-09
0.000932000000000000,0.500000000000000,20674867.2958226,19842663.0973208,5806794.20214794,7369829.96034267,1.76702745120874e-09
0.000932500000000000,0.500000000000000,20739121.3259829,19884162.2369935,5893322.11123424,7415709.54092828,1.76315513215935e-09
0.000933000000000000,0.500000000000000,20803639.1752875,19925669.9432928,5979889.65170055,7461920.74026824,1.75597303646764e-09
0.000933500000000000,0.500000000000000,20868418.9094646,19967186.2024535,6066496.75986476,7508463.92725691,1.74178226614475e-09
0.000934000000000000,0.500000000000000,20933458.6074483,20008711.0007400,6153143.37218132,7555339.47016813,1.73248980987163e-09
0.000934500000000000,0.500000000000000,20998756.3614147,20050244.3244454,6239829.42524076,7602547.73665612,1.72304249258514e-09
0.000935000000000000,0.500000000000000,21064310.2768146,20091786.1598928,6326554.85576913,7650089.09375718,1.71397366034225e-09
0.000935500000000000,0.500000000000000,21130118.4723998,20133336.4934343,6413319.60062775,7697963.90789054,1.70270337888649e-09
0.000936000000000000,0.500000000000000,21196179.0802459,20174895.3114510,6500123.59681299,7746172.54485955,1.69091490450339e-09
0.000936500000000000,0.500000000000000,21262490.2457706,20216462.6003535,6586966.78145547,7794715.36985330,1.67857466704052e-09
0.000937000000000000,0.500000000000000,21329050.1277468,20258038.3465810,6673849.09182033,7843592.74744718,1.67038414447923e-09
0.000937500000000000,0.500000000000000,21395856.8983126,20299622.5366017,6760770.46530652,7892805.04160465,1.65363045115219e-09
0.000938000000000000,0.500000000000000,21462456.2524902,20338816.4243745,6853435.25873352,7942017.73086305,1.64539946488225e-09
0.000938500000000000,0.500000000000000,21528941.1521629,20377536.3152234,6946317.07130069,7991298.39884987,1.63852137667803e-09
0.000939000000000000,0.500000000000000,21595710.4613176,20416263.0785525,7039240.88495323,8040943.28153558,1.62928190999446e-09
0.000939500000000000,0.500000000000000,21662762.0950380,20454996.7033889,7132206.63263241,8090952.78596922,1.61516815461819e-09
0.000940000000000000,0.500000000000000,21730093.9821763,20493737.1787837,7225214.24742221,8141327.31852093,1.60630496613933e-09
0.000940500000000000,0.500000000000000,21797704.0654092,20532484.4938105,7318263.66254905,8192067.28488199,1.59127125269619e-09
0.000941000000000000,0.500000000000000,21865590.3012911,20571238.6375671,7411354.81138100,8243173.09006751,1.58385225378345e-09
0.000941500000000000,0.500000000000000,21933750.6602988,20609999.5991737,7504487.62742787,8294645.13841653,1.56884653352834e-09
0.000942000000000000,0.500000000000000,22002183.1268730,20648767.3677738,7597662.04434065,8346483.83359408,1.55583916991636e-09
0.000942500000000000,0.500000000000000,22070885.6994536,20687541.9325341,7690877.99591097,8398689.57859214,1.53530556997831e-09
0.000943000000000000,0.500000000000000,22139856.3905101,20726323.2826442,7784135.41607108,8451262.77573124,1.52453152434440e-09
0.000943500000000000,0.500000000000000,22209093.2265672,20765111.4073165,7877434.23889313,8504203.82666127,1.51484138511732e-09
0.000944000000000000,0.500000000000000,22278594.2482252,20803906.2957862,7970774.39858902,8557513.13236301,1.49383805685687e-09
0.000944500000000000,0.500000000000000,22348357.5101773,20842707.9373118,8064155.82950981,8611191.09314998,1.47892623457161e-09
0.000945000000000000,0.500000000000000,22418381.0812195,20881516.3211740,8157578.46614570,8665238.10866866,1.46417306107672e-09
0.000945500000000000,0.500000000000000,22488744.8222568,20919591.8400601,8253140.06459801,8719717.99449278,1.44775909691472e-09
0.000946000000000000,0.500000000000000,22558409.4028649,20955068.5433451,8352660.48220385,8773824.73771142,1.43789104524978e-09
0.000946500000000000,0.500000000000000,22628373.9189637,20990550.1918581,8452225.08334473,8828332.86580065,1.42419351096000e-09
0.000947000000000000,0.500000000000000,22698636.1680435,21026036.7777662,8551833.79803631,8883242.82567606,1.41116545889509e-09
0.000947500000000000,0.500000000000000,22769193.9621010,21061528.2932528,8651486.55644162,8938555.06351343,1.40006677841324e-09
0.000948000000000000,0.500000000000000,22840045.1277031,21097024.7305181,8751183.28887141,8994270.02475026,1.39119872591642e-09
0.000948500000000000,0.500000000000000,22911187.5060428,21132526.0817786,8850923.92578314,9050388.15408712,1.37698773675025e-09
0.000949000000000000,0.500000000000000,22982618.9529905,21168032.3392669,8950708.39778094,9106909.89548890,1.36631720551904e-09
0.000949500000000000,0.500000000000000,23054337.3391393,21203543.4952327,9050536.63561497,9163835.69218677,1.35643373973110e-09
0.000950000000000000,0.500000000000000,23126340.5498442,21239059.5419411,9150408.57018138,9221165.98667874,1.34650323207272e-09
0.000950500000000000,0.500000000000000,23198626.4852567,21274580.4716742,9250324.13252158,9278901.22073197,1.33830331936513e-09
0.000951000000000000,0.500000000000000,23271193.0603534,21310106.2767301,9350283.25382204,9337041.83538341,1.32950947818130e-09
0.000951500000000000,0.500000000000000,23344038.2049595,21345636.9494229,9450285.86541388,9395588.27094156,1.31881455556591e-09
0.000952000000000000,0.500000000000000,23417159.8637687,21381172.4820831,9550331.89877256,9454540.96698792,1.31174630274530e-09
0.000952500000000000,0.500000000000000,23490555.9963561,21416712.8670573,9650421.28551724,9513900.36237831,1.30102636930794e-09
0.000953000000000000,0.500000000000000,23564224.5771879,21452258.0967079,9750553.95741068,9573666.89524390,1.29667764359788e-09
0.000953500000000000,0.500000000000000,23637904.0215769,21485476.9435378,9855190.86786167,9633629.42298758,1.29358320203022e-09
0.000954000000000000,0.500000000000000,23711217.1998951,21517190.3702920,9961543.03655886,9693479.67414833,1.28083025599998e-09
0.000954500000000000,0.500000000000000,23784844.3761952,21548906.6101129,10067941.4930986,9753772.79310042,1.28511688418313e-09
0.000955000000000000,0.500000000000000,23858783.2390061,21580625.6585823,10174386.1647776,9814509.26975650,1.27083133568408e-09
0.000955500000000000,0.500000000000000,23933031.4922082,21612347.5112904,10280876.9790446,9875689.59322463,1.26560228819209e-09
0.000956000000000000,0.500000000000000,24007586.8550974,21644072.1638376,10387413.8635001,9937314.25181114,1.25659226123546e-09
0.000956500000000000,0.500000000000000,24082447.0624400,21675799.6118332,10493996.7458960,9999383.73302110,1.25026287446740e-09
0.000957000000000000,0.500000000000000,24157609.8645232,21707529.8508955,10600625.5541354,10061898.5235605,1.24068295998522e-09
0.000957500000000000,0.500000000000000,24233073.0271988,21739262.8766520,10707300.2162716,10124859.1093371,1.22769722025944e-09
0.000958000000000000,0.500000000000000,24308834.3319221,21770998.6847395,10814020.6605084,10188265.9754626,1.21876220495110e-09
0.000958500000000000,0.500000000000000,24384891.5757837,21802737.2708037,10920786.8151993,10252119.6062539,1.20577205508984e-09
0.000959000000000000,0.500000000000000,24461242.5715375,21834478.6304997,11027598.6088473,10316420.4852345,1.19902795161664e-09
0.000959500000000000,0.500000000000000,24537885.1476219,21866222.7594913,11134455.9701042,10381169.0951360,1.18346214667580e-09
0.000960000000000000,0.500000000000000,24614817.1481768,21897969.6534514,11241358.8277708,10446365.9178997,1.17205115491947e-09
0.000960500000000000,0.500000000000000,24692036.4330556,21929719.3080624,11348307.1107959,10512011.4346783,1.16278390764893e-09
0.000961000000000000,0.500000000000000,24769881.6601170,21961509.3518899,11455965.4522459,10578397.1975207,1.14629259512650e-09
0.000961500000000000,0.500000000000000,24846704.3111831,21988897.6276720,11569230.5814660,10644115.7780580,1.14293478598817e-09
0.000962000000000000,0.500000000000000,24923858.1300067,22016286.3832520,11682544.1567894,10710322.4842190,1.12559633746116e-09
0.000962500000000000,0.500000000000000,25001340.6746615,22043675.6178819,11795906.1027156,10777017.8539739,1.11705020223829e-09
0.000963000000000000,0.500000000000000,25079149.5193968,22071065.3308161,11909316.3439010,10844202.4244183,1.09951385143186e-09
0.000963500000000000,0.500000000000000,25157282.2547043,22098455.5213097,12022774.8051584,10911876.7317734,1.09121373268132e-09
0.000964000000000000,0.500000000000000,25235736.4873808,22125846.1886197,12136281.4114566,10980041.3113883,1.07152718650019e-09
0.000964500000000000,0.500000000000000,25314509.8405838,22153237.3320044,12249836.0879198,11048696.6977416,1.06620385469100e-09
0.000965000000000000,0.500000000000000,25393599.9538800,22180628.9507237,12363438.7598277,11117843.4244430,1.05577340961753e-09
0.000965500000000000,0.500000000000000,25473004.4832883,22208021.0440395,12477089.3526146,11187482.0242350,1.04093368443273e-09
0.000966000000000000,0.500000000000000,25552721.1013164,22235413.6112145,12590787.7918691,11257613.0289942,1.02783296392132e-09
0.000966500000000000,0.500000000000000,25632747.4969917,22262806.6515133,12704534.0033340,11328236.9697333,1.02107553718145e-09
0.000967000000000000,0.500000000000000,25713081.3758867,22290200.1642022,12818327.9129054,11399354.3766029,1.00302484196949e-09
0.000967500000000000,0.500000000000000,25793720.4601385,22317594.1485488,12932169.4466330,11470965.7788926,9.96564060560621e-10
0.000968000000000000,0.500000000000000,25874662.4884630,22344988.6038220,13046058.5307187,11543071.7050323,9.84216993970346e-10
0.000968500000000000,0.500000000000000,25955905.2161646,22372383.5292925,13159995.0915175,11615672.6825952,9.76001866008676e-10
0.000969000000000000,0.500000000000000,26037421.2637349,22397935.4001467,13277040.1775414,11688746.6562965,9.61701628840244e-10
0.000969500000000000,0.500000000000000,26118271.1965006,22420405.1921695,13397369.9401372,11761449.8326544,9.46599875883387e-10
0.000970000000000000,0.500000000000000,26199467.8427354,22442872.9164320,13517750.2011026,11834691.6421125,9.42134444720702e-10
0.000970500000000000,0.500000000000000,26281008.6397168,22465338.5761298,13638180.8823877,11908472.6744978,9.21087343312007e-10
0.000971000000000000,0.500000000000000,26362891.0418367,22487802.1744524,13758661.9061030,11982793.5186855,9.05098308637813e-10
0.000971500000000000,0.500000000000000,26445112.5206692,22510263.7145825,13879193.1945198,12057654.7626009,8.91828940818488e-10
0.000972000000000000,0.500000000000000,26527670.5650316,22532723.1996965,13999774.6700689,12133056.9932214,8.85581338846428e-10
0.000972500000000000,0.500000000000000,26610562.6810389,22555180.6329638,14120406.2553411,12209000.7965776,8.67849275232915e-10
0.000973000000000000,0.500000000000000,26693786.3921517,22577636.0175478,14241087.8730858,12285486.7577556,8.47386244622064e-10
0.000973500000000000,0.500000000000000,26777339.2392172,22600089.3566052,14361819.4462116,12362515.4608986,8.35179572118349e-10
0.000974000000000000,0.500000000000000,26861218.7805040,22622540.6532861,14482600.8977849,12440087.4892087,8.22064331309892e-10
0.000974500000000000,0.500000000000000,26945422.5917316,22644989.9107341,14603432.1510305,12518203.4249483,8.09007139879328e-10
0.000975000000000000,0.500000000000000,27029948.2660932,22667437.1320868,14724313.1293303,12596863.8494426,7.93584307536492e-10
0.000975500000000000,0.500000000000000,27114793.4142726,22689882.3204747,14845243.7562235,12676069.3430807,7.84574274743311e-10
0.000976000000000000,0.500000000000000,27199955.6644569,22712325.4790226,14966223.9554058,12755820.4853176,7.69293302560698e-10
0.000976500000000000,0.500000000000000,27285432.6623418,22734766.6108482,15087253.6507294,12836117.8546757,7.59773891150408e-10
0.000977000000000000,0.500000000000000,27370805.7979931,22753034.4900767,15213823.6983619,12916569.1384734,7.43038766422135e-10
0.000977500000000000,0.500000000000000,27455895.1443382,22769954.2812439,15341295.9102859,12997003.0720154,7.26707667443976e-10
0.000978000000000000,0.500000000000000,27541347.4860551,22786869.2397353,15468820.6272760,13078031.4025454,7.23645547623176e-10
0.000978500000000000,0.500000000000000,27627160.1337269,22803779.3729590,15596397.7688438,13159654.7768032,6.98403147086590e-10
0.000979000000000000,0.500000000000000,27713330.4160411,22820684.6883085,15724027.2546658,13241873.8404943,6.90143380926878e-10
0.000979500000000000,0.500000000000000,27799855.6798559,22837585.1931608,15851709.0045817,13324689.2382899,6.71827387566177e-10
0.000980000000000000,0.500000000000000,27886733.2902633,22854480.8948799,15979442.9385961,13408101.6138324,6.68072289930409e-10
0.000980500000000000,0.500000000000000,27973960.6306394,22871371.8008135,16107228.9768760,13492111.6097338,6.48584741371082e-10
0.000981000000000000,0.500000000000000,28061535.1026914,22888257.9182945,16235067.0397511,13576719.8675790,6.38218639503286e-10
0.000981500000000000,0.500000000000000,28149454.1264982,22905139.2546411,16362957.0477137,13661927.0279280,6.25989916154909e-10
0.000982000000000000,0.500000000000000,28237715.1405420,22922015.8171564,16490898.9214179,13747733.7303171,6.11450186728157e-10
0.000982500000000000,0.500000000000000,28326315.6017361,22938887.6131288,16618892.5816795,13834140.6132613,5.95236060772915e-10
0.000983000000000000,0.500000000000000,28415252.9854449,22955754.6498317,16746937.9494751,13921148.3142558,5.84125052117073e-10
0.000983500000000000,0.500000000000000,28504524.7854992,22972616.9345237,16875034.9459422,14008757.4697782,5.75219112303414e-10
0.000984000000000000,0.500000000000000,28594128.5142041,22989474.4744486,17003183.4923786,14096968.7152900,5.67070128891940e-10
0.000984500000000000,0.500000000000000,28684319.0170223,23005483.1365816,17132947.8818668,14186037.1977639,5.54762354997011e-10
0.000985000000000000,0.500000000000000,28773488.2304985,23016193.6188934,17267555.0165113,14274372.8439765,5.38618672630431e-10
0.000985500000000000,0.500000000000000,28863040.3339177,23026896.2671573,17402216.6869320,14363363.7468510,5.23537668669466e-10
0.000986000000000000,0.500000000000000,28952972.4859103,23037591.0932910,17536932.8101637,14453010.6167220,5.14674380726228e-10
0.000986500000000000,0.500000000000000,29043281.8641805,23048278.1091885,17671703.3034096,14543314.1627971,4.96468061475756e-10
0.000987000000000000,0.500000000000000,29133965.6655797,23058957.3267194,17806528.0840402,14634275.0931582,4.75552168313811e-10
0.000987500000000000,0.500000000000000,29225021.1061740,23069628.7577292,17941407.0695938,14725894.1147641,4.63108173880722e-10
0.000988000000000000,0.500000000000000,29316445.4213029,23080292.4140396,18076340.1777754,14818171.9334522,4.55238611305321e-10
0.000988500000000000,0.500000000000000,29408235.8656312,23090948.3074483,18211327.3264568,14911109.2539414,4.33045868747970e-10
0.000989000000000000,0.500000000000000,29500389.7131936,23101596.4497292,18346368.4336754,15004706.7798328,4.15576081776611e-10
0.000989500000000000,0.500000000000000,29592904.2574322,23112236.8526324,18481463.4176347,15098965.2136129,4.05534838565554e-10
0.000990000000000000,0.500000000000000,29685776.8112271,23122869.5278841,18616612.1967031,15193885.2566549,3.92194215734713e-10
0.000990500000000000,0.500000000000000,29779004.7069214,23133494.4871871,18751814.6894142,15289467.6092215,3.72022801667087e-10
0.000991000000000000,0.500000000000000,29872585.2963386,23144111.7422204,18887070.8144657,15385712.9704659,3.62577252167595e-10
0.000991500000000000,0.500000000000000,29966515.9507947,23154721.3046395,19022380.4907195,15482622.0384350,3.36291738447810e-10
0.000992000000000000,0.500000000000000,30060794.0611036,23165323.1860765,19157743.6372009,15580195.5100704,3.32800047427910e-10
0.000992500000000000,0.500000000000000,30155254.7470822,23172399.0172543,19297132.2389254,15678265.3251970,3.10507988504058e-10
0.000993000000000000,0.500000000000000,30249103.8648733,23176192.7254388,19438939.6671015,15776004.9073775,2.98873334032407e-10
0.000993500000000000,0.500000000000000,30343353.8743659,23179975.3740067,19580803.5076562,15874467.6611206,3.01687321869466e-10
0.000994000000000000,0.500000000000000,30438001.7937266,23183746.9796483,19722723.6754601,15973654.3654294,2.75202494414019e-10
0.000994500000000000,0.500000000000000,30533044.6612947,23187507.5590190,19864700.0855551,16073565.7980796,2.55445242406697e-10
0.000995000000000000,0.500000000000000,30628479.5356575,23191257.1287419,20006732.6531536,16174202.7356239,2.32482272600749e-10
0.000995500000000000,0.500000000000000,30724303.4957148,23194995.7054059,20148821.2936389,16275565.9533930,2.25245689130285e-10
0.000996000000000000,0.500000000000000,30820513.6407374,23198723.3055667,20290965.9225636,16377656.2254980,2.04560989337265e-10
0.000996500000000000,0.500000000000000,30917107.0904169,23202439.9457469,20433166.4556503,16480474.3248329,1.79140882426540e-10
0.000997000000000000,0.500000000000000,31014080.9849083,23206145.6424362,20575422.8087903,16584021.0230767,1.63186798297817e-10
0.000997500000000000,0.500000000000000,31111432.4848653,23209840.4120906,20717734.8980437,16688297.0906954,1.43286243361252e-10
0.000998000000000000,0.500000000000000,31209158.7714693,23213524.2711337,20860102.6396388,16793303.2969445,1.12796200909157e-10
0.000998500000000000,0.500000000000000,31307257.0464505,23217197.2359561,21002525.9499717,16899040.4098711,8.36229869878151e-11
0.000999000000000000,0.500000000000000,31405724.5321027,23220859.3229155,21145004.7456057,17005509.1963158,5.95766894453182e-11
0.000999500000000000,0.500000000000000,31504558.4712925,23224510.5483364,21287538.9432714,17112710.4219153,2.52467982744135e-11
0.00100000000000000,0.500000000000000,31603756.1274616,23228150.9285117,21430128.4598657,17220644.8511046,0.00000000000000
