r_m,Jrms_FEM_A_m2,Jrms_Bessel_A_m2,Jz_real_FEM,Jz_imag_FEM,Jz_real_Bessel,Jz_imag_Bessel
0,279468.69621889,279468.701821423,220126.765658455,172182.92368012,220055.909066526,172273.480787544
5e-07,279468.67547088,279468.701823712,220108.267329778,172206.536526726,220054.922907483,172274.740467699
1e-06,279468.657942387,279468.701858054,220089.769001102,172230.149373333,220051.964408721,172278.519491227
1.5e-06,279468.643633413,279468.702006867,220071.270672426,172253.762219939,220047.033505342,172284.817807321
2e-06,279468.632543958,279468.702407519,220052.77234375,172277.375066546,220040.130089186,172293.635331304
2.5e-06,279468.624674021,279468.703252321,220034.274015074,172300.987913152,220031.254008829,172304.971944619
3e-06,279468.620023604,279468.704788533,220015.775686398,172324.600759759,220020.405069586,172318.827494837
3.5e-06,279468.618592706,279468.707318361,219997.277357722,172348.213606365,220007.583033518,172335.201795644
4e-06,279468.620381328,279468.711198956,219978.779029045,172371.826452972,219992.787619429,172354.094626842
4.5e-06,279468.62538947,279468.716842418,219960.280700369,172395.439299579,219976.018502876,172375.50573434
5e-06,279468.633617131,279468.72471579,219941.782371693,172419.052146185,219957.275316171,172399.434830153
5.5e-06,279468.645064311,279468.735341066,219923.284043017,172442.664992792,219936.557648387,172425.881592389
6e-06,279468.659731009,279468.749295182,219904.785714341,172466.277839398,219913.865045363,172454.845665243
6.5e-06,279468.677617226,279468.767210022,219886.287385665,172489.890686005,219889.197009713,172486.326658993
7e-06,279468.69872296,279468.789772416,219867.789056988,172513.503532611,219862.553000832,172520.324149983
7.5e-06,279468.723048211,279468.817724142,219849.290728312,172537.116379218,219833.932434906,172556.837680618
8e-06,279468.945150833,279468.851861921,219833.571774091,172557.50353075,219803.334684915,172595.86675935
8.5e-06,279468.93667651,279468.893037421,219791.606280377,172610.939328278,219770.759080652,172637.41086067
9e-06,279468.941610921,279468.942157257,219748.4254218,172665.916873504,219736.204908724,172681.469425088
9.5e-06,279468.961837738,279469.000182987,219704.221098076,172722.192732581,219699.671412566,172728.041859128
1e-05,279468.998890545,279469.068131115,219659.146828975,172779.572158431,219661.157792454,172777.127535308
1.05e-05,279469.054030154,279469.147073091,219613.32689241,172837.897498658,219620.663205517,172828.725792125
1.1e-05,279469.128302393,279469.238135307,219566.862970306,172897.039764937,219578.186765745,172882.835934041
1.15e-05,279469.222581884,279469.342499102,219519.839060779,172956.892401698,219533.727544006,172939.457231466
1.2e-05,279469.33760557,279469.461400755,219472.325162255,173017.36661263,219487.284568062,172998.588920738
1.25e-05,279469.473998694,279469.59613149,219424.380073415,173078.387808831,219438.856822578,173060.230204106
1.3e-05,279469.632295133,279469.748037474,219376.053546986,173139.892876618,219388.443249142,173124.380249712
1.35e-05,279469.812953452,279469.918519812,219327.387964925,173201.828052481,219336.042746278,173191.038191567
1.4e-05,279470.016369697,279470.109034552,219278.419654618,173264.147253411,219281.654169464,173260.203129535
1.45e-05,279470.242887673,279470.321092681,219229.179932783,173326.810752678,219225.276331149,173331.874129306
1.5e-05,279470.492807266,279470.556260124,219179.695940571,173389.784120447,219166.90800077,173406.050222377
1.55e-05,279470.766391222,279470.816157744,219129.991317051,173453.037369445,219106.547904771,173482.730406027
1.6e-05,279471.359609503,279471.102461339,219069.222349222,173530.736935251,219044.194726623,173561.913643293
1.65e-05,279471.554944875,279471.416901642,218995.264693933,173624.376355799,218979.847106842,173643.598862945
1.7e-05,279471.798150773,279471.761264317,218920.499001016,173719.029121085,218913.503643011,173727.784959461
1.75e-05,279472.09112013,279472.137389962,218844.99453084,173814.608372987,218845.162889801,173814.470792998
1.8e-05,279472.435549778,279472.5471741,218768.812848175,173911.036904289,218774.823358991,173903.655189365
1.85e-05,279472.832965064,279472.992567184,218692.008862143,174008.245854497,218702.483519494,173995.336939997
1.9e-05,279473.284740871,279473.475574591,218614.631701956,174106.173611593,218628.141797374,174089.514801923
1.95e-05,279473.792119633,279473.998256618,218536.725457935,174204.76488274,218551.796575877,174186.187497736
2e-05,279474.356226829,279474.562728483,218458.329811367,174303.969904384,218473.446195451,174285.353715566
2.05e-05,279474.978084369,279475.171160318,218379.480572194,174403.743767952,218393.08895377,174387.012109043
2.1e-05,279475.658622184,279475.82577717,218300.210139888,174504.045841877,218310.723105764,174491.161297268
2.15e-05,279476.398688296,279476.528858994,218220.547900017,174604.839274275,218226.346863642,174597.799864779
2.2e-05,279477.199057603,279477.282740651,218140.520566732,174706.090563431,218139.95839692,174706.926361515
2.25e-05,279478.060439558,279478.089811904,218060.152479596,174807.769185562,218051.555832448,174818.539302785
2.3e-05,279478.9834849,279478.952517413,217979.465861684,174909.847271125,217961.137254441,174932.637169229
2.35e-05,279480.531455159,279479.87335673,217900.139352472,175011.133167668,217868.700704503,175049.218406782
2.4e-05,279481.27223038,279480.854884295,217795.009379439,175143.12837483,217774.244181663,175168.281426637
2.45e-05,279482.110618119,279481.89970943,217689.142899005,175276.031503041,217677.7656424,175289.824605208
2.5e-05,279483.048962843,279483.010496335,217582.584101613,175409.788077039,217579.263000675,175413.846284088
2.55e-05,279484.089437409,279484.18996408,217475.373711789,175544.34789413,217478.734127967,175540.344770014
2.6e-05,279485.234058366,279485.4408866,217367.549321407,175679.664613367,217376.176853298,175669.318334821
2.65e-05,279486.484699656,279486.766092685,217259.145685213,175815.695391232,217271.588963273,175800.765215404
2.7e-05,279487.843104917,279488.168465979,217150.194983532,175952.400557801,217164.96820211,175934.683613675
2.75e-05,279489.310898521,279489.650944966,217040.727056297,176089.743328236,217056.312271673,176071.07169652
2.8e-05,279490.889595527,279491.216522968,216930.769612022,176227.689545186,216945.618831512,176209.927595754
2.85e-05,279492.580610647,279492.86824813,216820.348414761,176366.20744831,216832.885498894,176351.249408079
2.9e-05,279494.38526635,279494.609223417,216709.487451738,176505.267467632,216718.10984884,176495.035195035
2.95e-05,279496.304800198,279496.4426066,216598.209083923,176644.842037922,216601.289414165,176641.282982958
3e-05,279498.340371482,279498.371610249,216486.534181556,176784.905431631,216482.421685513,176789.990762929
3.05e-05,279500.493067261,279500.399501721,216374.482246336,176925.433608264,216361.504111395,176941.156490728
3.1e-05,279502.763907843,279502.529603149,216262.071521788,177066.404078325,216238.534098229,177094.778086786
3.15e-05,279505.675931932,279504.765291431,216140.960542147,177218.814052245,216113.509010383,177250.853436133
3.2e-05,279507.658181483,279507.109998219,216003.393639294,177389.58514638,215986.426170207,177409.38038835
3.25e-05,279509.807856871,279509.567209903,215865.154047437,177561.166802488,215857.282858084,177570.356757518
3.3e-05,279512.127616215,279512.1404676,215726.272343348,177733.522176844,215726.076312465,177733.780322166
3.35e-05,279514.61996885,279514.833367138,215586.777278321,177906.616625347,215592.803729911,177899.648825215
3.4e-05,279517.287285465,279517.649559045,215446.695912397,178080.417541784,215457.462265143,178067.959973931
3.45e-05,279520.131807426,279520.592748529,215306.05373692,178254.894210159,215320.049031078,178238.711439864
3.5e-05,279523.155655354,279523.666695465,215164.874786585,178430.017669675,215180.561098878,178411.900858797
3.55e-05,279526.360837035,279526.875214377,215023.18174202,178605.760591127,215038.995497995,178587.52583069
3.6e-05,279529.749254714,279530.22217442,214880.996023817,178782.097163602,214895.349216212,178765.583919621
3.65e-05,279533.322711826,279533.711499364,214738.337878838,178959.002990483,214749.619199697,178946.072653732
3.7e-05,279537.082919227,279537.34716757,214595.226459521,179136.454993889,214601.802353045,179128.989525166
3.75e-05,279541.031500949,279541.133211976,214451.679896839,179314.431326757,214451.895539328,179314.331990014
3.8e-05,279545.169999539,279545.073720073,214307.715367503,179492.911291874,214299.895580142,179502.09746825
3.85e-05,279549.499881,279549.172833881,214163.349155929,179671.875267202,214145.799255658,179692.283343672
3.9e-05,279554.022539383,279553.434749932,214018.596711433,179851.304636965,213989.603304671,179884.886963842
3.95e-05,279558.987197135,279557.863719244,213854.993960328,180053.516713548,213831.304424651,180079.905640023
4e-05,279563.090279461,279562.464047294,213684.33013381,180262.387929005,213670.899271795,180277.336647115
4.05e-05,279567.448649789,279567.240093997,213513.025247568,180472.010002061,213508.384461076,180477.177223593
4.1e-05,279572.065307201,279572.196273677,213341.102755007,180682.355462317,213343.7565663,180679.424571441
4.15e-05,279576.943114237,279577.337055041,213168.584979248,180893.398163246,213177.012120158,180884.075856086
4.2e-05,279582.084804408,279582.666961151,212995.493180405,181105.113203397,213008.147614278,181091.128206336
4.25e-05,279587.49298919,279588.190569391,212821.847618115,181317.476853149,212837.159499283,181300.578714307
4.3e-05,279593.170164593,279593.912511443,212647.667609709,181530.466486586,212664.044184845,181512.424435361
4.35e-05,279599.118717287,279599.83747325,212472.971584362,181744.060518065,212488.79803974,181726.662388035
4.4e-05,279605.340930352,279605.970194988,212297.777133562,181958.238343106,212311.417391908,181943.289553969
4.45e-05,279611.838988662,279612.315471025,212122.101058166,182172.980283275,212131.898528508,182162.302877843
4.5e-05,279618.614983934,279618.878149895,211945.959412328,182388.267534734,211950.237695978,182383.699267299
4.55e-05,279625.67091947,279625.663134256,211769.367544523,182604.082120187,211766.431100093,182607.475592874
4.6e-05,279633.0087146,279632.675380854,211592.340135903,182820.406843962,211580.474906026,182833.628687926
4.65e-05,279640.630208872,279639.919900484,211414.891236171,183037.225249982,211392.365238408,183062.155348561
4.7e-05,279649.423838489,279647.401757953,211233.712865677,183259.703159695,211202.098181388,183293.05233356
4.75e-05,279656.397801024,279655.126072033,211029.742111031,183505.173702532,211009.669778697,183526.316364302
4.8e-05,279663.729434924,279663.098015424,210825.125942928,183751.375049546,210815.076033709,183761.944124692
4.85e-05,279671.422221285,279671.322814709,210619.884322608,183998.284598546,210618.312909505,183999.932261082
4.9e-05,279679.479505587,279679.805750305,210414.036396569,184245.880669879,210419.376328939,184240.277382196
4.95e-05,279687.904503954,279688.55215642,210207.60053771,184494.142459839,210218.262174698,184482.97605905
5e-05,279696.700309075,279697.567421004,210000.594384016,184743.049996866,210014.966289374,184728.024824877
5.05e-05,279705.869895796,279706.8569857,209793.034874938,184992.584100355,209809.484475524,184975.420175044
5.1e-05,279715.416126401,279716.42634579,209584.938285634,185242.72634188,209601.812495741,185225.158566973
5.15e-05,279725.341755617,279726.281050146,209376.320259218,185493.459008683,209391.94607272,185477.236420065
5.2e-05,279735.649435339,279736.426701173,209167.195837144,185744.765069265,209179.880889328,185731.65011561
5.25e-05,279746.341719114,279746.868954754,208957.57948786,185996.628140948,208965.612588673,185988.395996711
5.3e-05,279757.421066382,279757.613520194,208747.485133835,186249.032459265,208749.13677417,186247.4703682
5.35e-05,279768.889846494,279768.666160159,208536.926177069,186501.962849078,208530.449009617,186508.869496552
5.4e-05,279780.750342525,279780.032690614,208325.915523196,186755.40469729,208309.544819264,186772.589609803
5.45e-05,279793.004754893,279791.718980766,208114.465604245,187009.343927064,208086.419687886,187038.626897464
5.5e-05,279805.995105847,279803.730952993,207888.985618626,187279.375681446,207861.069060853,187306.977510433
5.55e-05,279817.408610275,279816.074582782,207650.027522634,187561.318589998,207633.488344209,187577.63756091
5.6e-05,279829.303174299,279828.755898661,207410.433200023,187843.954160874,207403.672904739,187850.603122311
5.65e-05,279841.682611647,279841.780982128,207170.219541766,188127.264004807,207171.618070053,188125.870229178
5.7e-05,279854.550605734,279855.15596758,206929.40284617,188411.230377769,206937.319128653,188403.434877087
5.75e-05,279867.910714772,279868.88704224,206687.998844643,188695.836152917,206700.771330015,188683.293022564
5.8e-05,279881.766376639,279882.980446081,206446.022726132,188981.064793987,206461.969884667,188965.440582992
5.85e-05,279896.120913511,279897.44247175,206203.489160302,189266.900330058,206220.909964263,189249.873436518
5.9e-05,279910.977536279,279912.279464487,205960.412319544,189553.327331595,205977.586701664,189536.587421964
5.95e-05,279926.339348758,279927.497822045,205716.805899865,189840.330887705,205731.995191018,189825.578338731
6e-05,279942.209351696,279943.103994606,205472.683140737,190127.896584524,205484.130487841,190116.841946711
6.05e-05,279958.590446606,279959.104484695,205228.056843964,190416.010484678,205233.987609095,190410.373966185
6.1e-05,279975.485439413,279975.505847095,204982.93939162,190704.659107758,204981.561533274,190706.170077734
6.15e-05,279992.897043943,279992.314688756,204737.34276311,190993.829411741,204726.847200482,191004.225922144
6.2e-05,280010.827885251,280009.5376687,204491.278551404,191283.508775315,204469.839512523,191304.537100305
6.25e-05,280030.882325026,280027.181497932,204247.645055037,191572.948364857,204210.533332977,191607.099173116
6.3e-05,280047.658005035,280045.25293934,203973.171902447,191889.645104054,203948.923487292,191911.90766139
6.35e-05,280065.051487934,280063.758807601,203698.049215859,192207.018109623,203685.004762866,192218.958045749
6.4e-05,280083.067033251,280082.705969073,203422.292218723,192525.051531568,203418.771909133,192528.245766533
6.45e-05,280101.708768499,280102.101341699,203145.915662449,192843.73001137,203150.219637653,192839.766223693
6.5e-05,280120.980693665,280121.951894895,202868.933844555,193163.038663079,202879.342622199,193153.514776694
6.55e-05,280140.886685505,280142.26464945,202591.360625994,193482.963055276,202606.135498845,193469.486744412
6.6e-05,280161.430501665,280163.046677407,202313.20944769,193803.48919386,202330.592866055,193787.677405034
6.65e-05,280182.615784627,280184.305101955,202034.493346329,194124.603505604,202052.709284776,194108.081995952
6.7e-05,280204.446065484,280206.047097314,201755.224969442,194446.292822452,201772.479278526,194430.695713662
6.75e-05,280226.924767574,280228.279888614,201475.41658982,194768.544366513,201489.89733349,194755.513713659
6.8e-05,280250.055209947,280251.01075178,201195.080119285,195091.345735716,201204.957898608,195082.531110331
6.85e-05,280273.840610705,280274.247013401,200914.227121875,195414.684890094,200917.655385673,195411.742976857
6.9e-05,280298.284090203,280297.996050612,200632.868826433,195738.550138666,200627.984169419,195743.144345093
6.95e-05,280323.38867411,280322.265290961,200351.016138672,196062.93012688,200335.938587626,196076.730205476
7e-05,280349.157296373,280347.062212281,200068.679652714,196387.813824601,200041.512941206,196412.495506904
7.05e-05,280376.337654729,280372.394342553,199778.036443682,196722.207367102,199744.701494306,196750.435156638
7.1e-05,280400.695142866,280398.269259774,199466.070319873,197073.175819923,199445.498474403,197090.544020187
7.15e-05,280425.828381262,280424.694591812,199153.453034442,197424.789142031,199143.898072401,197432.8169212
7.2e-05,280451.741908254,280451.678016271,198840.198153257,197777.033898649,198839.894442736,197777.248641354
7.25e-05,280478.440131574,280479.22726034,198526.318867953,198129.897025615,198533.481703467,198123.833920244
7.3e-05,280505.927332192,280507.350100649,198211.828008751,198483.36581669,198224.653936386,198472.567455273
7.35e-05,280534.207668008,280536.054363116,197896.738056753,198837.427911381,197913.405187113,198823.443901535
7.4e-05,280563.285177412,280565.347922795,197581.061155732,199192.071283264,197599.729465199,199176.457871705
7.45e-05,280593.163782707,280595.238703719,197264.809123451,199547.28422877,197283.620744235,199531.603935923
7.5e-05,280623.84729341,280625.734678742,196947.993462537,199903.055356428,196965.072961947,199888.876621683
7.55e-05,280655.339409422,280656.843869373,196630.62537091,200259.373576526,196644.08002031,200248.270413713
7.6e-05,280687.643724096,280688.574345614,196312.715751808,200616.228091187,196320.635785647,200609.779753861
7.65e-05,280720.76372718,280720.934225789,195994.275223415,200973.608384831,195994.734088738,200973.399040979
7.7e-05,280754.70280766,280753.931676373,195675.314128122,201331.50421501,195666.368724926,201339.122630806
7.75e-05,280789.464256503,280787.574911818,195355.842541415,201689.905603597,195335.533454229,201706.944835848
7.8e-05,280825.051269299,280821.872194374,195035.870280439,202048.802828317,195002.222001444,202076.85992526
7.85e-05,280860.878794273,280856.831833908,194695.932043244,202426.103264632,194666.42805626,202448.862124727
7.9e-05,280894.77371581,280892.462187718,194345.002499033,202809.994587316,194328.145273367,202822.945616347
7.95e-05,280929.619035853,280928.771660349,193993.41577511,203194.501617378,193987.36727257,203199.104538503
8e-05,280965.419523278,280965.768703398,193641.184193593,203579.612810307,193644.087638896,203577.332985749
8.05e-05,281002.179815809,281003.461815323,193288.319770464,203965.316908408,193298.299922716,203957.625008685
8.1e-05,281039.904423362,281041.859541242,192934.834225011,204351.602931957,192949.997639848,204339.974613832
8.15e-05,281078.597731275,281080.970472736,192580.738988933,204738.460170669,192599.174271683,204724.375763515
8.2e-05,281118.264003435,281120.80324764,192226.045215108,205125.878175486,192245.823265291,205110.822375732
8.25e-05,281158.907385294,281161.366549841,191870.76378604,205513.846750661,191889.938033545,205499.308324034
8.3e-05,281200.53190679,281202.669109061,191514.905322004,205902.355946127,191531.511955234,205889.827437399
8.35e-05,281243.141485168,281244.719700645,191158.480188898,206291.396050142,191170.538375183,206282.373500105
8.4e-05,281286.739927708,281287.527145343,190801.498505814,206680.957582198,190807.010604373,206676.940251603
8.45e-05,281331.330934368,281331.10030909,190443.970152335,207071.031286173,190440.92192006,207073.521386394
8.5e-05,281376.918100335,281375.448102777,190085.904775588,207461.608123741,190072.265565892,207472.110553895
8.55e-05,281423.504918499,281420.579482024,189727.311797031,207852.679267997,189701.034752041,207872.701358315
8.6e-05,281472.768669189,281466.50344695,189367.236151377,208247.37543289,189327.222655315,208275.287358526
8.65e-05,281517.22452171,281513.229041932,188976.412857915,208662.078696063,188950.822419287,208679.862067931
8.7e-05,281562.816285216,281560.765355373,188584.911259093,209077.379837854,188571.827154419,209086.418954334
8.75e-05,281609.549028285,281609.121519449,188192.742983005,209493.268608914,188190.229938185,209494.951439812
8.8e-05,281657.427682913,281658.306709873,187799.919393467,209909.734992837,187806.0238152,209905.45290058
8.85e-05,281706.457047564,281708.330145636,187406.451597486,210326.769199573,187419.201797346,210317.91666686
8.9e-05,281756.641790127,281759.201088757,187012.350452475,210744.361659074,187029.756863899,210732.336022751
8.95e-05,281807.986450784,281810.928844025,186617.626573221,211162.50301515,186637.68196166,211148.704206089
9e-05,281860.495444793,281863.522758736,186222.29033863,211581.184119523,186242.970005081,211567.014408322
9.05e-05,281914.173065183,281916.992222428,185826.351898236,212000.396026091,185845.6138764,211987.259774366
9.1e-05,281969.023485371,281971.346666614,185429.82117851,212420.129985365,185445.60642577,212409.433402479
9.15e-05,282025.050761696,282026.595564504,185032.707888947,212840.377439105,185042.940471391,212833.528344117
9.2e-05,282082.258835893,282082.748430737,184635.021527971,213261.130015118,184637.608799645,213259.537603802
9.25e-05,282140.651537473,282139.81482109,184236.77138863,213682.379522233,184229.604165231,213687.454138986
9.3e-05,282200.232586055,282197.804332203,183837.966564123,214104.117945432,183818.919291297,214117.270859911
9.35e-05,282261.005593609,282256.726601286,183438.615953145,214526.33744114,183405.546869576,214548.98062947
9.4e-05,282322.886925893,282316.591305827,183025.406923849,214960.258891103,182989.479560529,214982.576263072
9.45e-05,282381.184854176,282377.408163297,182592.284426173,215404.714961581,182570.709993476,215418.0505285
9.5e-05,282440.824111992,282439.186930854,182158.472054013,215849.739828448,182149.230766738,215855.39614577
9.55e-05,282501.809846075,282501.937405031,181723.980643098,216295.324557732,181725.034447775,216294.605786994
9.6e-05,282564.147062751,282565.669421439,181288.820803407,216741.460401581,181298.113573331,216735.672076236
9.65e-05,282627.84063068,282630.392854446,180853.002925026,217188.138793447,180868.460649569,217178.587589371
9.7e-05,282692.8952835,282696.11761687,180416.53718381,217635.351343413,180436.068152219,217623.344853945
9.75e-05,282759.315622408,282762.853659653,179979.433546879,218083.089833662,180000.928526719,218069.936349028
9.8e-05,282827.10611867,282830.610971543,179541.701777944,218531.346214088,179563.034188361,218518.354505075
9.85e-05,282896.271116063,282899.399578764,179103.351442467,218980.112598038,179122.377522434,218968.591703778
9.9e-05,282966.814833247,282969.229544689,178664.391912666,219429.381258185,178678.950884371,219420.640277927
9.95e-05,283038.741366084,283040.110969499,178224.832372379,219879.144622528,178232.746599899,219874.492511257
0.0001,283112.054689888,283112.053989852,177784.68182176,220329.395270503,177783.756965184,220330.14063831
0.0001005,283186.758661615,283185.068778535,177343.94908186,220780.12592922,177331.97424698,220787.576844287
0.000101,283262.857022005,283259.165544117,176902.642799056,221231.329469807,176877.390682782,221246.793264897
0.0001015,283340.353397656,283334.354530604,176460.771449349,221682.998903861,176419.998480975,221707.781986215
0.000102,283416.781071353,283410.64601708,175991.481297305,222153.258593313,175959.789820986,222170.535044532
0.0001025,283491.433033772,283488.050317351,175514.201898429,222625.599461291,175496.756853437,222635.044426206
0.000103,283567.645474941,283566.57777958,175036.218473554,223098.480009794,175030.891700299,223101.302067515
0.0001035,283645.423509589,283646.238785926,174557.541225956,223571.892417367,174562.186455051,223569.299854507
0.000104,283724.77210646,283727.043752169,174078.180162695,224045.829012965,174090.633182826,224039.02962285
0.0001045,283805.696090791,283809.003127341,173598.145099304,224520.282272358,173616.223920579,224510.483157679
0.000105,283888.20014673,283892.127393343,173117.445664359,224995.244814635,173138.950677238,224983.652193449
0.0001055,283972.288819683,283976.427064568,172636.091303899,225470.709398807,172658.805433864,225458.528413784
0.000106,284057.966518618,284061.912687515,172154.091285739,225946.668920507,172175.780143813,225935.103451321
0.0001065,284145.237518304,284148.594840398,171671.454703649,226423.116408785,171689.866732895,226413.368887558
0.000107,284234.105961508,284236.484132753,171188.190481423,226900.045022988,171201.057099537,226893.316252704
0.0001075,284324.575861129,284325.591205042,170704.30737683,227377.44804973,170709.343114941,227374.937025526
0.000108,284416.651102288,284415.926728256,170219.813985457,227855.318899948,170214.716623258,227858.22263319
0.0001085,284510.335444375,284507.501403502,169734.718744451,228333.651106036,169717.169441741,228343.164451111
0.000109,284605.632523042,284600.325961605,169249.029936145,228812.438319062,169216.693360921,228829.753802795
0.0001095,284703.654805482,284694.411162687,168756.892952692,229297.366187561,168713.280144764,229317.981959687
0.00011,284795.542481898,284789.767795757,168234.216442283,229795.016124392,168206.921530849,229807.84014101
0.0001105,284889.21684593,284886.406678293,167710.809677833,230293.183121631,167697.609230529,230299.319513616
0.000111,284984.683001508,284984.338655812,167186.682527639,230791.860191975,167185.334929105,230792.411191819
0.0001115,285081.945897019,285083.574601452,166661.844682991,231291.040473455,166670.090285994,231287.106237248
0.000112,285181.010327641,285184.125415533,166136.305662116,231790.717226636,166151.866934904,231783.395658681
0.0001125,285281.880937628,285286.002025133,165610.074814031,232290.883831893,165630.656484005,232281.27041189
0.000113,285384.562222548,285389.215383641,165083.161322285,232791.533786767,165106.450516103,232780.721399483
0.0001135,285489.058531466,285493.776470324,164555.574208598,233292.660703378,164579.240588815,233281.739470744
0.000114,285595.374069094,285599.696289876,164027.322336417,233794.258305912,164049.018234746,233784.31542147
0.0001145,285703.512897892,285706.985871977,163498.414414368,234296.320428178,163515.774961665,234288.439993817
0.000115,285813.478940119,285815.656270836,162968.858999626,234798.841011224,162979.502252683,234794.103876133
0.0001155,285925.275979855,285925.718564738,162438.664501184,235301.814101014,162440.191566434,235301.2977028
0.000116,286038.907664975,286037.183855587,161907.839183057,235805.233846166,161897.834337252,235810.012054074
0.0001165,286154.377509087,286150.063268446,161376.391167386,236309.094495755,161352.421975356,236320.23745592
0.000117,286271.688893435,286264.367951066,160844.328437474,236813.390397159,160803.945867027,236831.964379848
0.0001175,286389.039277122,286380.109073427,160291.363036174,237329.645754757,160252.397374799,237345.183242756
0.000118,286502.508197179,286497.29782726,159720.503788337,237850.894202385,159697.767837636,237859.884406762
0.0001185,286618.00573125,286615.945425575,159148.896452427,238372.628393726,159140.048571121,238376.058179041
0.000119,286735.536667172,286736.063102185,158576.550458126,238894.842205964,158579.230867642,238893.694811661
0.0001195,286855.105628687,286857.662111222,158003.475077294,239417.529618748,158015.305996581,239412.784501419
0.00012,286976.717077659,286980.75372666,157429.679427265,239940.684712074,157448.265204501,239933.317389676
0.0001205,287100.375316212,287105.349241819,156855.172474045,240464.301664192,156878.099715334,240455.283562189
0.000121,287226.084488863,287231.459968886,156279.963035442,240988.374749581,156304.800730577,240978.673048949
0.0001215,287353.848584591,287359.097238414,155704.059784115,241512.898336964,155728.359429478,241503.475824013
0.000122,287483.671438891,287488.272398834,155127.471250548,242037.866887383,155148.766969235,242029.681805336
0.0001225,287615.556735785,287618.996815951,154550.205825954,242563.274952311,154566.014485184,242557.280854605
0.000123,287749.508009792,287751.281872448,153972.271765099,243089.117171814,153980.093091,243086.262777073
0.0001235,287885.528647888,287885.138967381,153393.677189073,243615.388272762,153390.993878888,243616.617321387
0.000124,288023.621891403,288020.579515672,152814.430087977,244142.083067071,152798.707919784,244148.334179425
0.0001245,288163.790837915,288157.614947605,152234.538323562,244669.196450002,152203.226263554,244681.402986124
0.000125,288309.228292293,288296.25670831,151657.1731718,245198.517418104,151604.539939189,245215.81331931
0.0001255,288444.900898804,288436.516257252,151036.744735042,245740.43744236,151002.639955011,245751.554699533
0.000126,288582.847905006,288578.405067718,150415.53942009,246282.816302573,150397.517298871,246288.616589893
0.0001265,288723.07377931,288721.934626292,149793.566438937,246825.648557998,149789.162938355,246826.988395872
0.000127,288865.58281413,288867.116432346,149170.834858506,247368.928853572,149177.567820987,247366.659465162
0.0001275,289010.379128042,289013.961997505,148547.353603495,247912.651918236,148562.722874431,247907.619087495
0.000128,289157.466667889,289162.482845134,147923.131459153,248456.81256329,147944.619006702,248449.856494472
0.0001285,289306.849210889,289312.690509804,147298.177073993,249001.405680792,147323.247106373,248993.360859393
0.000129,289458.53036668,289464.596536767,146672.498962444,249546.426241992,146698.59804278,249538.121297081
0.0001295,289612.513579366,289618.212481428,146046.105507437,250091.869295804,146070.662666233,250084.126863712
0.00013,289768.802129523,289773.549908807,145419.004962935,250637.729967314,145439.431808231,250631.366556643
0.0001305,289927.399136166,289930.62039301,144791.205456402,251184.003456319,144804.896281669,251179.82931424
0.000131,290088.307558723,290089.435516694,144162.714991222,251730.6850359,144167.046881052,251729.504015701
0.0001315,290251.530198943,290250.006870527,143533.541449051,252277.770051032,143525.874382712,252280.379480885
0.000132,290417.069702821,290412.346052653,142903.692592129,252825.253917221,142881.36954502,252832.444470138
0.0001325,290584.928562462,290576.46466815,142273.176065528,253373.13211917,142233.523108606,253385.68768412
0.000133,290754.828061627,290742.374328489,141629.803780269,253927.880947148,141582.325796574,253940.097763626
0.0001335,290917.693923644,290910.086650992,140956.806437208,254488.277444904,140927.768314723,254495.663289416
0.000134,291083.091076633,291079.613258292,140283.01143789,255049.09843527,140269.841351765,255052.372782037
0.0001345,291251.023305633,291250.965777781,139608.427678109,255610.339184127,139608.535579548,255610.214701651
0.000135,291421.494209133,291424.155841071,138933.063921871,256171.995027491,138943.841653279,256169.177447853
0.0001355,291594.507201203,291599.195083445,138256.928803821,256734.06137022,138275.750211744,256729.2493595
0.000136,291770.065513616,291776.09514331,137580.03083163,257296.533684749,137604.251877539,257290.418714535
0.0001365,291948.172197919,291954.867661649,136902.378388307,257859.407509849,136929.337257289,257852.673729808
0.000137,292128.830127519,292135.524281471,136223.979734486,258422.678449417,136250.996941881,258416.002560897
0.0001375,292312.041999726,292318.076647266,135544.843010646,258986.342171298,135569.221506689,258980.393301939
0.000138,292497.810337777,292502.536404448,134864.976239286,259550.394406117,134884.001511805,259545.833985442
0.0001385,292686.13749285,292688.915198814,134184.387327058,260114.830946152,134195.327502269,260112.312582117
0.000139,292877.025646053,292877.224675986,133503.08406685,260679.647644227,133503.190008302,260679.817000693
0.0001395,293070.476810392,293067.476480865,132821.074139821,261244.840412619,132807.579545539,261248.335087743
0.00014,293266.492832733,293259.682257079,132138.365117405,261810.405222005,132108.486615263,261817.854627502
0.0001405,293465.075395725,293453.853646431,131454.96446325,262376.338100416,131405.901704638,262388.363341692
0.000141,293661.674867863,293650.002288352,130741.876863308,262951.974551358,130699.815286954,262959.848889342
0.0001415,293854.743509881,293848.139819349,130014.000912498,263527.929923914,129990.217821854,263532.298866607
0.000142,294050.60394135,294048.277872452,129285.305164609,264104.274003218,129277.099755582,264105.700806589
0.0001425,294249.259051701,294250.428076669,128555.798249083,264681.002697618,128560.451521221,264680.042179162
0.000143,294450.711532908,294454.602056437,127825.488674673,265258.111972691,127840.263538933,265255.310390784
0.0001435,294654.963881664,294660.81143107,127094.384831542,265835.597850245,127116.526216203,265831.492784323
0.000144,294862.018401555,294869.067814212,126362.494993321,266413.456407333,126389.229948084,266408.576638877
0.0001445,295071.877205215,295079.382813293,125629.827319128,266991.68377531,125658.365117443,266986.549169589
0.000145,295284.542216474,295291.768028982,124896.389855546,267570.276138894,124923.922095203,267565.397527471
0.0001455,295500.015172475,295506.235054638,124162.190538544,268149.229735242,124185.8912406,268145.108799219
0.000146,295718.297625797,295722.795475773,123427.237195385,268728.540853058,123444.262901423,268725.670007036
0.0001465,295939.390946549,295941.460869503,122691.537546473,269308.205831714,122699.027414269,269307.068108448
0.000147,296163.296324459,296162.24280401,121955.099207173,269888.221060382,121950.175104795,269889.289996122
0.0001475,296390.014770951,296385.152838001,121217.929689589,270468.5829772,121197.696287971,270472.322497689
0.000148,296619.54712121,296610.202520172,120480.036404314,271049.288068437,120441.581268331,271056.152375557
0.0001485,296854.16322928,296837.403388666,119739.072586333,271633.850472876,119681.820340232,271640.766326731
0.000149,297077.400763795,297066.766970542,118954.806205523,272221.850932615,118918.403788111,272226.150982631
0.0001495,297303.689559715,297298.304781244,118169.688205436,272810.206215327,118151.321886741,272812.292908911
0.00015,297533.031601132,297532.028324064,117383.727102263,273398.912772786,117380.56490149,273399.178605274
0.0001505,297765.428661695,297767.949089614,116596.931299024,273987.967103911,116606.123088585,273986.794505291
0.000151,298000.882306941,298006.078555305,115809.309087443,274577.365753997,115827.986695371,274575.12697622
0.0001515,298239.393896592,298246.428184814,115020.86864978,275167.105313946,115046.145960576,275164.162318818
0.000152,298480.964586861,298489.009427567,114231.618060636,275757.182419519,114260.591114573,275753.886767165
0.0001525,298725.595332731,298733.833718219,113441.565288711,276347.593750591,113471.312379651,276344.286488475
0.000153,298973.286890247,298980.912476133,112650.718198545,276938.336030442,112678.299970274,276935.347582916
0.0001535,299224.039818783,299230.257104869,111859.084552204,277529.406025047,111881.544093358,277527.056083425
0.000154,299477.854483301,299481.878991672,111066.67201095,278120.800542378,111081.034948536,278119.397955526
0.0001545,299734.731056609,299735.789506959,110273.488136868,278712.516431727,110276.76272843,278712.359097148
0.000155,299994.669521613,299992.000003819,109479.540394472,279304.550583046,109468.717618924,279305.925338436
0.0001555,300257.669673545,300250.521817508,108684.836152265,279896.899926282,108656.889799436,279900.082441573
0.000156,300523.731122196,300511.366264947,107889.382684284,280489.561430742,107841.269443195,280494.816100592
0.0001565,300790.231213271,300774.544644228,107073.026812186,281087.406552855,107021.846717519,281090.111941197
0.000157,301049.416868289,301040.068234123,106229.140326547,281684.435392194,106198.611784087,281685.955520573
0.0001575,301311.914874465,301307.948293591,105384.378139318,282281.779237531,105371.554799223,282282.332327207
0.000158,301577.725889834,301578.196061295,104538.748564119,282879.435098297,104540.665914175,282879.227780701
0.0001585,301846.850352098,301850.82275512,103692.25980967,283477.400021669,103705.935275397,283476.62723159
0.000159,302119.288481118,302125.839571695,102844.919981436,284075.671091963,102867.353024833,284074.515961157
0.0001595,302395.040281413,302403.257685916,101996.737083246,284674.24543005,102024.909300196,284672.879181248
0.00016,302674.105544655,302683.088250482,101147.71901888,285273.120192798,101178.594235263,285271.702034087
0.0001605,302956.483852153,302965.342395423,100297.87359363,285872.292572499,100328.397960154,285870.969592095
0.000161,303242.174577339,303250.031227643,99447.2085158271,286471.759796325,99474.3106016257,286470.666857704
0.0001615,303531.176888237,303537.16583046,98595.7313983429,287071.519125782,98616.322283358,287070.778763171
0.000162,303823.489749951,303826.757263157,97743.4497600639,287671.567856193,97754.4231262475,287671.290170395
0.0001625,304119.111927116,304118.816560526,96890.3710273351,288271.903316162,96888.6032486991,288272.185870734
0.000163,304418.041986372,304413.354732435,96036.5025353826,288872.522867074,96018.8527669204,288873.450584819
0.0001635,304720.278298822,304710.382763382,95181.8515297033,289473.423902591,95145.1617952169,289475.06896237
0.000164,305025.819042476,305009.911612061,94326.425167435,290074.603848158,94267.5204462889,290077.02558201
0.0001645,305326.285637564,305311.952210938,93430.7547323262,290679.952475879,93385.9188315295,290679.304951083
0.000165,305624.349239465,305616.515465822,92524.8243608517,291282.336788621,92500.3470613242,291281.891505472
0.0001655,305925.982271444,305923.61225545,91617.9933798222,291884.99433476,91610.7952453522,291884.769609408
0.000166,306231.183852417,306233.253431069,90710.2699272745,292487.922645318,90717.2534928883,292487.923555289
0.0001665,306539.95287262,306545.449816034,89801.6620434937,293091.119280975,89819.7119131067,293091.3375635
0.000167,306852.28799637,306860.212205399,88892.1776724728,293694.581831625,88918.1606153866,293694.995782221
0.0001675,307168.187664802,307177.551365521,87981.8246633515,294298.307915941,88012.5897096181,294298.882287249
0.000168,307487.650098613,307497.478033672,87070.6107718262,294902.295180943,87102.989306511,294902.98108181
0.0001685,307810.673300815,307820.002917649,86158.5436615391,295506.541301582,86189.3495179033,295507.27609638
0.000169,308137.255059465,308145.136695394,85245.6309054383,296111.043980321,85271.6604570727,296111.751188494
0.0001695,308467.392950409,308472.89001462,84331.8799871132,296715.800946733,84349.9122390488,296716.390142568
0.00017,308801.084340024,308803.273492444,83417.2983021158,297320.809957108,83424.0949809261,297321.176669713
0.0001705,309138.326387935,309136.297715021,82501.8931592416,297926.068794046,82494.1988021802,297926.09440755
0.000171,309479.116049759,309471.973237189,81585.671781805,298531.575266087,81560.2138249834,298531.126920029
0.0001715,309823.450079824,309810.310582119,80668.6413088848,299137.327207327,80622.1301745231,299136.257697243
0.000172,310171.774776014,310151.320240972,79741.3555980064,299746.302854756,79679.9379793212,299741.470155248
0.0001725,310507.730724256,310495.012672557,78771.8866162774,300349.863856203,78733.6273715548,300346.747635876
0.000173,310847.509242194,310841.398303004,77801.4833976064,300953.656205084,77783.1884873789,300952.073406554
0.0001735,311191.10795103,311190.487525435,76830.1540189688,301557.677901278,76828.6114672499,301557.430660118
0.000174,311538.524234135,311542.290699647,75857.9064645048,302161.926967653,75869.8864562506,302162.802514636
0.0001745,311889.755240101,311896.818151803,74884.7486268429,302766.401449739,74907.0036044173,302768.17201322
0.000175,312244.797885779,312254.08017412,73910.6883084088,303371.0994154,73939.953067068,303373.522123843
0.0001755,312603.648859339,312614.087024579,72935.7332227141,303976.018954518,72968.7250051315,303978.835739162
0.000176,312966.30462331,312976.848926623,71959.8909956166,304581.158178686,71993.3095854791,304584.095676329
0.0001765,313332.761417633,313342.376068881,70983.1691665615,305186.51522089,71013.6969812567,305189.284676815
0.000177,313703.0152627,313710.678604885,70005.5751898025,305792.088235217,70029.8773722191,305794.385406223
0.0001775,314077.061962399,314081.766652801,69027.1164356017,306397.875396548,69041.8409450657,306399.380454107
0.000178,314454.897107158,314455.650295163,68047.8001914106,307003.874900274,68049.577893777,307004.252333796
0.0001785,314836.516076979,314832.339578618,67067.6336630253,307610.084962005,67053.0784199534,307608.983482203
0.000179,315221.914044477,315211.844513675,66086.6239757349,308216.50381729,66052.3327331555,308213.556259652
0.0001795,315611.085977905,315594.17507446,65104.778175433,308823.129721335,65047.3310512449,308817.952949693
0.00018,315998.073077126,315979.341198487,64092.3510123777,309430.044970043,64038.0636007279,309422.155758923
0.0001805,316378.216103257,316367.352786423,63056.0196840074,310030.827509603,63024.5206170997,310026.146816803
0.000181,316762.426086685,316758.21970187,62018.7282508893,310631.794777136,62006.6923451901,310629.90817548
0.0001815,317150.698744863,317151.951771152,60980.4846477727,311232.945245964,60984.5690395117,311233.421809606
0.000182,317543.029553759,317548.558783108,59941.2967222143,311834.277406188,59958.140964608,311836.669616159
0.0001825,317939.413751241,317948.050488893,58901.1722357659,312435.78976445,58927.3983954051,312439.63341426
0.000183,318339.846340465,318350.436601788,57860.1188651571,313037.480843717,57892.3316175628,313042.294944998
0.0001835,318744.322093267,318755.726797014,56818.1442034479,313639.349183059,56852.9309278287,313644.635871248
0.000184,319152.835553541,319163.930711559,55775.2557611624,314241.393337419,55809.1866343929,314246.637777495
0.0001845,319565.38104062,319575.057944008,54731.4609674108,314843.611877404,54761.0890572452,314848.282169652
0.000185,319981.952652671,319989.118054382,53686.7671709897,315446.003389081,53708.628528533,315449.550474883
0.0001855,320402.544270053,320406.120563985,52641.1816414608,316048.566473753,52651.795392921,316050.424041425
0.000186,320827.14955871,320826.074955256,51594.7115702222,316651.29974777,51590.5800079527,316650.884138413
0.0001865,321255.761973518,321248.990671636,50547.3640715494,317254.201842315,50524.9727444124,317250.911955697
0.000187,321688.374761668,321674.877117435,49499.1461836296,317857.271403212,49454.9639866909,317850.48860367
0.0001875,322129.729923646,322103.743657707,48453.2018239161,318464.833433288,48380.5441331504,318449.595113089
0.000188,322552.336563576,322535.599618143,47348.6209477298,319058.173248971,47301.7035964923,319048.212434899
0.0001885,322979.250988276,322970.454284953,46243.0459198375,319651.649883124,46218.4328041264,319646.321440056
0.000189,323410.467113054,323408.316904778,45136.4846303328,320245.262249888,45130.7221985408,320243.902919352
0.0001895,323845.978607508,323849.196684591,44028.9448860385,320839.009274865,44038.5622376754,320840.937583241
0.00019,324285.778899271,324293.102791617,42920.4344115948,321432.889894962,42941.9433952941,321437.406061662
0.0001905,324729.861177768,324740.044353257,41810.960850547,322026.903058248,41840.856161361,322033.288903864
0.000191,325178.218397971,325190.030457017,40700.5317664039,322621.047723812,40735.2910424174,322628.566578233
0.0001915,325630.843284129,325643.070150453,39589.1546436789,323215.322861605,39625.2385619595,323223.219472117
0.000192,326087.728333527,326099.172441115,38476.836888924,323809.727452316,38510.6892608191,323817.227891656
0.0001925,326548.86582021,326558.346296504,37363.5858317394,324404.260487219,37391.6336975453,324410.572061602
0.000193,327014.247798718,327020.600644034,36249.4087257703,324998.920968045,36268.0624487871,325003.232125153
0.0001935,327483.86610781,327485.944371007,35134.3127496915,325593.707906841,35139.9661096787,325595.188143776
0.000194,327957.712374173,327954.386324586,34018.3050081659,326188.620325836,34007.3352942258,326186.420097039
0.0001945,328435.778016137,328425.935311787,32901.3925328059,326783.657257317,32870.1606356935,326776.907882435
0.000195,328918.054247376,328900.60009947,31783.5822831031,327378.817743502,31728.4327869963,327366.631315216
0.0001955,329402.229640825,329378.389414346,30646.7739166019,327973.480849979,30582.1424210888,327955.570128218
0.000196,329873.810741627,329859.311942981,29470.6491973571,328554.731892708,29431.2802313589,328543.703971694
0.0001965,330349.925856181,330343.376331819,28293.5041939161,329136.067810279,28275.8369320219,329131.012413141
0.000197,330830.566740149,330830.591187204,27115.3466749397,329717.487956442,27115.8032585172,329717.474937135
0.0001975,331315.724906062,331320.965075417,25936.1843304198,330298.99169148,25951.1699679052,330303.070945158
0.000198,331805.391627458,331814.506522712,24756.0247726713,330880.578382149,24781.9278392673,330887.779755434
0.0001985,332299.557942987,332311.224015371,23574.87553731,331462.247401578,23608.0676741063,331471.580602756
0.000199,332798.214660541,332811.125999755,22392.7440842165,332043.998129197,22429.5802967491,332054.452638323
0.0001995,333301.352361357,333314.220882369,21209.6377984883,332625.829950662,21246.4565547514,332636.374929574
0.0002,333808.961404111,333820.517029936,20025.5639913695,333207.742257768,20058.6873193028,333217.326460015
0.0002005,334321.031929004,334330.022769474,18840.5299011742,333789.734448376,18866.2634856347,333797.286129063
0.000201,334837.553861847,334842.74638838,17654.5426941938,334371.805926343,17669.1759734293,334376.232751871
0.0002015,335358.516918115,335358.696134532,16467.6094655931,334953.956101441,16467.4157272304,334954.14505917
0.000202,335883.910606998,335877.88021638,15279.7372402819,335536.184389281,15260.9737168558,335531.001697104
0.0002025,336413.724235449,336400.306803063,14090.9329737925,336118.490211254,14049.8409378114,336106.781227063
0.000203,336947.946912193,336925.984024522,12901.2035531289,336700.872994447,12834.0084117069,336681.462125524
0.0002035,337476.338847967,337454.919971624,11669.837661883,337274.508629355,11613.467186673,337255.022783886
0.000204,337999.172967133,337987.122696293,10419.9208137449,337838.520859746,10388.208337781,337827.441508309
0.0002045,338526.756256827,338522.600211646,9168.95764004931,338402.563402768,9158.22296746259,338398.696519552
0.000205,339059.078237213,339061.360492141,7916.95579683272,338966.636036616,7923.50220593334,338968.765952815
0.0002055,339596.128191413,339603.41147373,6663.92286562558,339530.738541652,6684.03721161557,339537.627857576
0.000206,340137.895169989,340148.761054015,5409.86635435117,340094.870700365,5439.81917156522,340105.260197431
0.0002065,340684.367995433,340697.417092418,4154.79369821607,340659.032297359,4190.8393018983,340671.64084994
0.000207,341235.535266624,341249.38741035,2898.71226058852,341223.223119308,2937.08884822082,341236.747606463
0.0002075,341791.385363281,341804.679791398,1641.62933386332,341787.442954947,1678.55908605862,341800.558172006
0.000208,342351.906450413,342363.301981507,383.552140319401,342351.691595044,415.241321290581,342363.050165063
0.0002085,342917.086482725,342925.261689175,-875.512167045865,342915.968832374,-852.873109417602,342924.20111746
0.000209,343486.913209017,343490.566585656,-2135.55650368282,343480.274461691,-2125.79283817735,343483.9884742
0.0002095,344061.374176584,344059.224305167,-3396.57385267423,344044.608279715,-3403.52646543983,344042.389593306
0.00021,344640.45673555,344631.242445099,-4658.55726393503,344608.970085091,-4686.08255955676,344599.381745669
0.0002105,345224.148043241,345206.628566242,-5921.49985340779,345173.359678391,-5973.46965633951,345154.942114894
0.000211,345815.052323413,345785.390193012,-7190.04580687569,345740.29799076,-7265.69625861639,345709.047797148
0.0002115,346386.291687792,346367.534813681,-8514.82098246692,346281.620784091,-8562.77083578782,346261.675801005
0.000212,346962.4968771,346953.069880621,-9840.67584941888,346822.916396853,-9864.7018233815,346812.803047297
0.0002125,347543.655368975,347542.00281055,-11167.6027863832,347364.1850209,-11171.4976226032,347362.406368963
0.000213,348129.754408618,348134.340984784,-12495.5942435722,347905.426846298,-12483.1665998885,347910.462510901
0.0002135,348720.781013632,348730.091749492,-13824.6427419172,348446.642061329,-13799.7170864508,348456.948129813
0.000214,349316.721978845,349329.262415971,-15154.7408722547,348987.83085251,-15121.1573778284,349001.839794064
0.0002145,349917.563881137,349931.860260907,-16485.8812944986,349528.99340463,-16447.4957334306,349545.113983528
0.000215,350523.293084212,350537.892526657,-17818.0567368464,350070.129900743,-17778.7403760806,350086.747089447
0.0002155,351133.895743385,351147.366421533,-19151.2599949811,350611.240522221,-19114.8994915576,350626.715414279
0.000216,351749.357810304,351760.289120085,-20485.483931293,351152.325448746,-20455.9812281368,351164.995171557
0.0002165,352369.665037682,352376.667763403,-21820.7214741088,351693.384858342,-21801.9936961286,351701.562485744
0.000217,352994.802983989,352996.509459412,-23156.9656169313,352234.418927397,-23152.9449674138,352236.393392087
0.0002175,353624.757018098,353619.821283181,-24494.2094176947,352775.427830668,-24508.8430749803,352769.463836476
0.000218,354259.51232395,354246.61027723,-25832.4459980142,353316.411741321,-25869.6960124549,353300.749675302
0.0002185,354899.053905128,354876.883451851,-27171.6685424723,353857.370830923,-27235.511733635,353830.226675317
0.000219,355537.421057107,355510.647785431,-28539.9042919558,354390.083996357,-28606.2981520194,354357.870513489
0.0002195,356163.801681864,356147.910224773,-29942.6097733495,354902.935671767,-29982.0631403347,354883.656776868
0.00022,356795.344110961,356788.677685436,-31346.4200751539,355415.699607841,-31362.8145300627,355407.560962446
0.0002205,357432.033528997,357432.957052067,-32751.3276815857,355928.376401443,-32748.560110964,355929.558477016
0.000221,358073.854900342,358080.755178749,-34157.3251448742,356440.966644042,-34139.3076306011,356449.62463704
0.0002215,358720.792974291,358732.078889344,-35564.4050844999,356953.470921758,-35535.0647938593,356967.734668509
0.000222,359372.832290203,359386.934977848,-36972.5601864326,357465.889815438,-36935.8392624659,357483.863706811
0.0002225,360029.957182585,360045.33020875,-38381.7832023894,357978.223900699,-38341.638654507,357997.986796595
0.000223,360692.15178619,360707.271317389,-39792.0669490894,358490.473748008,-39752.4705439445,358510.078891639
0.0002235,361359.400041027,361372.765010328,-41203.4043075357,359002.639922718,-41168.3424601278,359020.114854718
0.000224,362031.685697379,362041.817965718,-42615.7882222924,359514.722985135,-42589.2618873078,359528.069457471
0.0002245,362708.992320774,362714.436833679,-44029.2117007784,360026.723490576,-44015.2362641464,360033.917380272
0.000225,363391.30329692,363390.628236679,-45443.6678125678,360538.64198942,-45446.2729832248,360537.6332121
0.0002255,364078.601836604,364070.398769917,-46859.1496887057,361050.479027169,-46882.3793905508,361039.191450411
0.000226,364770.870980549,364753.755001713,-48275.6505210178,361562.235144492,-48323.5627850631,361538.566501014
0.0002265,365468.093604236,365440.7034739,-49693.1635614533,362073.910877281,-49769.8304181347,362035.732677935
0.000227,366154.903274556,366131.250702223,-51164.1770928437,362562.601731635,-51221.1894930746,362530.664203304
0.0002275,366838.264573764,366825.403176736,-52646.6748631646,363040.824124978,-52677.6471646268,363023.33520722
0.000228,367526.974244982,367523.16736221,-54130.3018546678,363518.895270651,-54139.2105384685,363513.719727636
0.0002285,368221.015200158,368224.54969854,-55615.0506545227,363996.816161529,-55605.8866707055,364001.791710229
0.000229,368920.370145926,368929.556601158,-57100.9139146392,364474.587781809,-57077.6825673672,364487.525008286
0.0002295,369625.021589043,369638.19446145,-58587.8843509627,364952.211107124,-58554.6051838983,364970.89338258
0.00023,370334.951841746,370350.46964717,-60075.95474278,365429.687104608,-60036.6614246499,365451.870501249
0.0002305,371050.14302711,371066.38850287,-61565.1179320287,365907.016733014,-61523.8581423674,365930.429939683
0.000231,371770.577084336,371785.957350321,-63055.3668226223,366384.200942788,-63016.2021376785,366406.545180402
0.0002315,372496.23577402,372509.182488944,-64546.6943797772,366861.240676169,-64513.7001585774,366880.189612945
0.000232,373227.100683357,373236.070196243,-66039.0936293579,367338.136867271,-66016.3588999091,367351.336533751
0.0002325,373963.153231326,373966.626728241,-67532.557657219,367814.890442177,-67524.18500285,367819.959146048
0.000233,374704.374673796,374700.858319918,-69027.0796085644,368291.50231901,-69037.1850543878,368286.030559739
0.0002335,375450.746108631,375438.771185652,-70522.6526873127,368767.97340804,-70555.3655867999,368749.523791293
0.000234,376202.248480714,376180.371519665,-72019.2701554658,369244.304611756,-72078.7330771292,369210.41176363
0.0002345,376958.480092482,376925.66549647,-73530.6433528968,369717.378820286,-73607.2939466579,369668.667306017
0.000235,377694.999513777,377674.65927132,-75093.4500922774,370154.679034253,-75141.0545603803,370124.26315396
0.0002355,378437.065014655,378427.358980662,-76657.4168666891,370591.760049024,-76680.0212264735,370577.171949091
0.000236,379184.65747214,379183.770742591,-78222.5363030285,371028.62325781,-78224.2001957657,371027.366239072
0.0002365,379937.757569419,379943.900657307,-79788.8010905431,371465.270042049,-79773.5976612035,371474.818477482
0.000237,380696.345801494,380707.754807578,-81356.203980176,371901.701771512,-81328.219757317,371919.501023719
0.0002375,381460.402480823,381475.339259198,-82924.7377839126,372337.919804445,-82888.072559683,372361.386142898
0.000238,382229.907742878,382246.660061454,-84494.3953741433,372773.92548767,-84453.1620843859,372800.446005748
0.0002385,383004.84155168,383021.723247591,-86065.1696830287,373209.720156722,-86023.4942874778,373236.652688514
0.000239,383785.18370527,383800.534835283,-87637.0537018741,373645.305135957,-87599.0750644368,373669.978172859
0.0002395,384570.913841136,384583.100827102,-89210.0404805131,374080.681738675,-89179.9102496214,374100.394345767
0.00024,385362.011441577,385369.427210986,-90784.123126696,374515.851267226,-90766.0056157261,374527.872999447
0.0002405,386158.455839026,386159.519960723,-92359.2948054912,374950.815013134,-92357.3668732321,374952.38583124
0.000241,386960.226221312,386953.385036416,-93935.5487386871,375385.574257204,-93953.9996698593,375373.904443525
0.0002415,387767.301636866,387751.028384969,-95512.8782042055,375820.130269634,-95555.9095900133,375792.400343628
0.000242,388579.660999873,388552.455940559,-97091.2765355265,376254.484310125,-97163.1021542334,376207.844943731
0.0002425,389386.881232239,389357.673625125,-98709.3673419214,376667.763519428,-98775.5828186359,376620.209560783
0.000243,390183.564036377,390166.687348839,-100355.081381121,377057.119393226,-100393.356974358,377029.465416412
0.0002435,390985.967451905,390979.503010599,-102001.977589164,377446.185981792,-102016.429947,377435.583636842
0.000244,391794.070169241,391796.126498509,-103650.048698617,377834.965063524,-103644.806996062,377838.535252804
0.0002445,392607.850703587,392616.563690364,-105299.287501497,378223.458402261,-105278.493314383,378238.291199455
0.000245,393427.28740078,393440.82045414,-106949.686848662,378611.667747455,-106917.494027576,378634.822316292
0.0002455,394252.35844305,394268.902648478,-108601.239649207,378999.594834298,-108561.814193462,379028.099347079
0.000246,395083.041854739,395100.816123175,-110253.938869883,379387.241383879,-110211.458801501,379418.092939759
0.0002465,395919.315507961,395936.566719674,-111907.7775345,379774.609103322,-111866.432772222,379804.773646383
0.000247,396761.157128185,396776.160271553,-113562.748723359,380161.699685925,-113526.740956653,380188.11192303
0.0002475,397608.544299782,397619.602605018,-115218.845572677,380548.514811307,-115192.388135744,380568.07812973
0.000248,398461.454471488,398466.899539392,-116876.061274023,380935.056145539,-116863.379019794,380944.642530397
0.0002485,399319.864961815,399318.056887613,-118534.389073763,381321.325341282,-118539.718247873,381317.775292752
0.000249,400183.752964402,400173.08045672,-120193.82227251,381707.32403793,-120221.410387241,381687.446488253
0.0002495,401053.095553281,401031.976048351,-121854.354224578,382093.053861726,-121908.459932767,382053.626092027
0.00025,401934.32090836,401894.749459238,-123514.201390528,382485.869515364,-123600.87130635,382416.283982802
0.0002505,402786.83071869,402761.406481698,-125242.825524981,382820.409141057,-125298.648856327,382775.389942842
0.000251,403645.254594321,403631.952904128,-126972.659724605,383154.583998383,-127001.796856891,383130.91365788
0.0002515,404509.56927019,404506.394511504,-128703.69677231,383488.396262906,-128710.319507502,383482.824717057
0.000252,405379.751319858,405384.73708587,-130435.929508289,383821.848092912,-130424.220932294,383831.092612863
0.0002525,406255.777161529,406266.986406836,-132169.350829442,384154.941629601,-132143.505179485,384175.686741069
0.000253,407137.623063971,407153.148252076,-133903.953688821,384487.678997237,-133868.17622078,384516.576400679
0.0002535,408025.265152398,408043.228397819,-135639.731095076,384820.062303332,-135598.237950776,384853.730793868
0.000254,408918.679414264,408937.232619342,-137376.676111906,385152.093638798,-137333.694186366,385187.119025924
0.0002545,409817.841705001,409835.166691474,-139114.78185752,385483.775078122,-139074.548666135,385516.710105203
0.000255,410722.727753681,410737.036389081,-140854.041504102,385815.108679513,-140820.80504976,385842.472943069
0.0002555,411633.313168605,411642.847487566,-142594.448277282,386146.096485075,-142572.466917407,386164.376353848
0.000256,412549.573442833,412552.60576336,-144335.995455615,386476.740520953,-144329.537769124,386482.389054779
0.0002565,413471.483959627,413466.31699442,-146078.676370065,386807.042797498,-146092.021024234,386796.479665967
0.000257,414399.019997829,414383.986960716,-147822.484403496,387137.005309411,-147859.920020724,387106.616710337
0.0002575,415332.156737176,415305.621444731,-149567.412990165,387466.630035908,-149633.238014637,387412.768613592
0.000258,416266.68445458,416231.226231947,-151336.893486366,387782.280741018,-151411.978179456,387714.903704171
0.0002585,417182.312020521,417160.807111344,-153150.548549389,388054.108265598,-153196.143605489,388012.990213207
0.000259,418104.023656733,418094.369875882,-154965.432525353,388325.494038417,-154985.737299254,388306.99627449
0.0002595,419031.794034927,419031.920322999,-156781.538310717,388596.440612951,-156780.762182857,388596.889924434
0.00026,419965.597685919,419973.464255098,-158598.858856579,388866.950523032,-158581.221093374,388882.639102034
0.0002605,420905.409005721,420919.007480037,-160417.387168156,389137.026283049,-160387.116782226,389164.211648841
0.000261,421851.20226151,421868.555811615,-162237.116304268,389406.670388113,-162198.451914558,389441.575308927
0.0002615,422802.951597569,422822.115070062,-164058.03937682,389675.885314257,-164015.229068608,389714.697728855
0.000262,423760.631041118,423779.691082523,-165880.149550296,389944.673518614,-165837.450735082,389983.546457652
0.0002625,424724.21450808,424741.289683545,-167703.440041264,390213.037439592,-167665.119316521,390248.088946785
0.000263,425693.67580877,425706.916715563,-169527.904117873,390480.97949706,-169498.237126672,390508.292550135
0.0002635,426668.988653497,426676.57802938,-171353.535099373,390748.502092518,-171336.806389853,390764.124523974
0.000264,427650.126658096,427650.279484651,-173180.32635562,391015.60760927,-173180.829240314,391015.552026947
0.0002645,428637.063349378,428628.026950366,-175008.271306607,391282.298412606,-175030.307721603,391262.542120051
0.000265,429629.772170492,429609.826305327,-176837.363421985,391548.576849961,-176885.243785926,391505.061766623
0.0002655,430628.226486209,430595.683438629,-178667.596220603,391814.445251078,-178745.639293503,391743.077832318
0.000266,431616.789723231,431585.604250138,-180547.860835623,392040.205997636,-180611.496011926,391976.557085103
0.0002665,432597.083091594,432579.594650964,-182447.158955255,392241.34214602,-182482.815615513,392205.466195242
0.000267,433583.630372315,433577.660563942,-184347.702838917,392441.95619843,-184359.599684663,392429.77173529
0.0002675,434576.404246327,434579.8079241,-186249.485501014,392642.051082502,-186241.849705203,392649.440180083
0.000268,435575.377274488,435586.042679137,-188152.500008087,392841.629704031,-188129.567067741,392864.437906735
0.0002685,436580.52190367,436596.370789887,-190056.73947832,393040.694947165,-190022.75306701,393074.731194636
0.000269,437591.810472773,437610.798230796,-191962.197081062,393239.249674611,-191921.408901213,393280.286225445
0.0002695,438609.215218654,438629.330990385,-193868.866036355,393437.296727828,-193825.535671369,393481.0690831
0.00027,439632.708281962,439651.975071719,-195776.739614465,393634.838927226,-195735.134380653,393677.045753814
0.0002705,440662.26171291,440678.73649287,-197685.81113541,393831.879072368,-197650.205933736,393868.182126082
0.000271,441697.847476926,441709.621287384,-199596.073968512,394028.419942149,-199570.751136118,394054.443990688
0.0002715,442739.437460252,442744.635504741,-201507.521531936,394224.464294997,-201496.770693474,394235.797040714
0.000272,443787.003475433,443783.785210812,-203420.147292241,394420.014869056,-203428.265210975,394412.206871553
0.0002725,444840.517266734,444827.076488323,-205333.944763942,394615.074382383,-205365.235192632,394583.638980918
0.000273,445899.950515439,445874.515437312,-207248.907509062,394809.645533099,-207307.681040616,394750.058768862
0.0002735,446968.569581408,446926.108175579,-209172.613769005,395003.442823847,-209255.603054593,394911.431537791
0.000274,448008.652975925,447981.860839144,-211156.542613919,395126.141444272,-211209.001431049,395067.722492487
0.0002745,449055.191256203,449041.779582697,-213141.738702585,395248.230884066,-213167.87626261,395218.896740128
0.000275,450108.155284623,450105.870580051,-215128.195122765,395369.714466027,-215132.227537371,395364.919290311
0.0002755,451167.515818092,451174.140024585,-217115.9050124,395490.595488837,-217102.055138212,395505.755055079
0.000276,452233.243514219,452246.594129697,-219104.861559155,395610.877227276,-219077.358842117,395641.368848952
0.0002765,453305.308937398,453323.239129242,-221095.057999972,395730.562932431,-221058.138319494,395771.725388951
0.000277,454383.682564811,454404.081277981,-223086.487620623,395849.655831923,-223044.393133488,395896.789294634
0.0002775,455468.334792325,455489.126852018,-225079.143755272,395968.159130109,-225036.122739292,396016.525088134
0.000278,456559.235940302,456578.382149241,-227073.019786037,396086.076008287,-227033.326483462,396130.897194187
0.0002785,457656.356259317,457671.853489757,-229068.109142561,396203.409624913,-229036.003603225,396239.869940183
0.000279,458759.665935784,458769.54721633,-231064.405301589,396320.163115801,-231044.153225785,396343.407556195
0.0002795,459869.135097488,459871.469694814,-233061.901786542,396436.339594331,-233057.77436763,396441.474175034
0.00028,460984.733819007,460977.627314581,-235060.592167101,396551.942151634,-235076.865933835,396534.033832288
0.0002805,462106.432127088,462088.026488955,-237060.470058799,396666.973856822,-237101.426717366,396621.050466371
0.000281,463234.200005844,463202.673655638,-239061.529122608,396781.437757129,-239131.455398375,396702.487918575
0.0002815,464359.260953979,464321.575277134,-241096.540421702,396865.19301951,-241166.950543504,396778.309933125
0.000282,465467.052706588,465444.737841174,-243166.213291483,396900.201396823,-243207.910605177,396848.48015723
0.0002825,466581.477164345,466572.167861135,-245237.165257782,396934.51299829,-245254.333920896,396912.962141143
0.000283,467702.503302325,467703.871876465,-247309.389540936,396968.131517067,-247306.218712536,396971.719338222
0.0002835,468830.100010642,468839.856453094,-249382.879409109,397001.060620259,-249363.563085627,397024.715104989
0.000284,469964.236100598,469980.128183853,-251457.628177874,397033.303949148,-251426.365028655,397071.912701199
0.0002845,471104.88031073,471124.693688888,-253533.629209792,397064.865119414,-253494.622412339,397113.275289902
0.000285,472252.00131277,472273.559616067,-255610.875914007,397095.747721366,-255568.33298892,397148.76593752
0.0002855,473405.567717494,473426.732641395,-257689.361745829,397125.955320161,-257647.494391445,397178.347613912
0.000286,474565.54808048,474584.219469417,-259769.080206338,397155.491456029,-259732.104133045,397201.983192452
0.0002865,475731.910907748,475746.026833622,-261850.024841979,397184.359644476,-261822.159606219,397219.635450104
0.000287,476904.624661335,476912.161496852,-263932.189244173,397212.563376521,-263917.658082108,397231.267067505
0.0002875,478083.657764733,478082.630251696,-266015.56704892,397240.106118891,-266018.596709771,397236.840629044
0.000288,479268.978608257,479257.439920893,-268100.151936415,397266.991314245,-268124.972515462,397236.318622946
0.0002885,480460.555554282,480436.597357726,-270185.937630664,397293.222381364,-270236.782401898,397229.663441364
0.000289,481658.356942428,481620.10944642,-272272.917899107,397318.802715383,-272354.023147531,397216.837380461
0.0002895,482840.786164211,482807.98310253,-274418.449891174,397277.911723013,-274476.691405819,397197.802640507
0.00029,484018.013198104,484000.225273334,-276573.289026612,397216.128697265,-276604.783704488,397172.521325975
0.0002905,485202.056817614,485196.842938223,-278729.416211124,397153.557806863,-278738.296444798,397140.955445633
0.000291,486392.884155899,486397.843109081,-280886.824805282,397090.203112971,-280877.225900809,397103.066912649
0.0002915,487590.462281204,487603.232830674,-283045.508215211,397026.068648887,-283021.568218636,397058.817544692
0.000292,488794.75820296,488813.019181034,-285205.4598922,396961.158420278,-285171.319415717,397008.169064034
0.0002925,490005.738877788,490027.209271829,-287366.673332315,396895.476405421,-287326.475380061,396951.083097663
0.000293,491223.371215391,491245.810248751,-289529.142076018,396829.026555441,-289487.031869509,396887.52117739
0.0002935,492447.622084337,492468.829291885,-291692.859707789,396761.812794541,-291652.984510986,396817.444739964
0.000294,493678.458317734,493696.273616086,-293857.819855748,396693.839020221,-293824.328799754,396740.815127185
0.0002945,494915.846718815,494928.150471348,-296024.016191292,396625.10910352,-296001.060098662,396657.593586027
0.000295,496159.754066399,496164.467143172,-298191.44242872,396555.626889229,-298183.173637392,396567.741268753
0.0002955,497410.147120265,497405.230952937,-300360.092324875,396485.396196122,-300370.664511709,396471.219233048
0.000296,498666.992626393,498650.449258261,-302529.959678785,396414.420817159,-302563.527682701,396367.988442136
0.0002965,499930.257322144,499900.129453366,-304701.038331304,396342.704519725,-304761.757976029,396258.009764916
0.000297,501199.288798096,501154.278969436,-306890.010887355,396256.543553891,-306965.35008116,396141.243976092
0.0002975,502440.752437081,502412.905274978,-309127.656648233,396089.38587737,-309174.298550611,396017.651756309
0.000298,503689.259135922,503676.015876178,-311366.602721315,395921.341277129,-311388.597799185,395887.193692291
0.0002985,504944.774268741,504943.618317255,-313606.842572369,395752.414210071,-313608.242103208,395749.830276979
0.000299,506207.263158061,506215.720180812,-315848.369710869,395582.609103283,-315833.225599761,395605.521909678
0.0002995,507476.691080968,507492.329088187,-318091.177689634,395411.930354295,-318063.542285913,395454.228896203
0.0003,508753.023275144,508773.452699803,-320335.260104462,395240.382331317,-320299.18601795,395295.911449027
0.0003005,510036.224944803,510059.09871551,-322580.610593776,395067.96937349,-322540.150510609,395130.529687434
0.000301,511326.261266504,511349.274874933,-324827.222838266,394894.695791119,-324786.429336295,394958.043637674
0.0003015,512623.097394858,512643.988957808,-327075.090560545,394720.565865916,-327038.015924314,394778.413233122
0.000302,513926.698468131,513943.248784331,-329324.207524796,394545.583851243,-329294.903560094,394591.598314435
0.0003025,515237.029613721,515247.062215485,-331574.567536429,394369.753972336,-331557.085384404,394397.558629724
0.000303,516554.05595354,516555.437153384,-333826.164441746,394193.080426541,-333824.554392577,394196.253834712
0.0003035,517877.742609278,517868.381541602,-336078.992127598,394015.567383549,-336097.303433727,393987.643492909
0.000304,519208.054707557,519185.903365508,-338333.044521054,393837.218985611,-338375.325209963,393771.687075785
0.0003045,520544.957384991,520508.010652591,-340588.315589073,393658.039347783,-340658.612275605,393548.343962945
0.000305,521874.335616738,521834.711472792,-342885.016252686,393424.3101345,-342947.157036399,393317.573442306
0.0003055,523188.863025591,523166.013938829,-345205.181000568,393141.157098027,-345240.951748723,393079.334710283
0.000306,524510.636900982,524501.926206515,-347526.648069647,392857.018651506,-347539.9885188,392833.586871969
0.0003065,525839.620803527,525842.456475089,-349849.411086408,392571.899617497,-349844.259301903,392580.28894133
0.000307,527175.778261144,527187.612987527,-352173.463718861,392285.804787151,-352153.755901564,392319.39984139
0.0003075,528519.07277513,528537.404030866,-354498.799676197,391998.738920445,-354468.469968772,392050.878404429
0.000308,529869.46782615,529891.837936514,-356825.412708458,391710.706746454,-356788.393001183,391774.683372178
0.0003085,531226.926880078,531250.923080569,-359153.296606201,391421.712963589,-359113.516342313,391490.773396023
0.000309,532591.413393756,532614.667884128,-361482.445200179,391131.762239859,-361443.831180743,391199.107037204
0.0003095,533962.890820597,533983.080813596,-363812.852361007,390840.859213103,-363779.328549313,390899.642767029
0.00031,535341.322616102,535356.170380999,-366144.511998845,390549.008491233,-366119.999324316,390592.338967077
0.0003105,536726.672243267,536733.945144282,-368477.41806308,390256.214652499,-368465.834224695,390277.153929416
0.000311,538118.903177824,538116.413707621,-370811.564542008,389962.48224568,-370816.823811234,389954.045856816
0.0003115,539517.978913451,539503.584721721,-373146.945462525,389667.815790375,-373172.958485746,389622.972862975
0.000312,540923.862966798,540895.466884116,-375483.554889818,389372.219777205,-375534.228490265,389283.892972734
0.0003125,542345.33724851,542292.068939473,-377823.214306528,389086.216109339,-377900.623906232,388936.764122312
0.000313,543727.571705082,543693.39967988,-380222.436010978,388677.979034295,-380272.134653676,388581.544159527
0.0003135,545117.305652483,545099.467945151,-382622.964370274,388268.649337448,-382648.750490406,388218.190844037
0.000314,546514.500859231,546510.282623109,-385024.793142435,387858.232238326,-385030.461011186,387846.661847571
0.0003145,547919.119073247,547925.852649886,-387427.916125173,387446.732923261,-387417.255646916,387466.914754171
0.000315,549331.122028018,549346.187010206,-389832.327155582,387034.156545678,-389809.123663815,387078.907060435
0.0003155,550750.471448585,550771.294737679,-392238.020109821,386620.508226305,-392206.054162594,386682.596175761
0.000316,552177.12905748,552201.184915079,-394644.988902807,386205.793053475,-394608.036077632,386277.939422602
0.0003165,553611.056580503,553635.866674637,-397053.227487915,385790.016083375,-397015.05817615,385864.894036714
0.000317,555052.215752358,555075.349198316,-399462.729856661,385373.18234027,-399427.109057383,385443.417167415
0.0003175,556500.56832223,556519.641718098,-401873.490038416,384955.296816797,-401844.177151753,385013.465877845
0.000318,557956.076059171,557968.753516258,-404285.502100098,384536.364474179,-404266.250720033,384574.99714523
0.0003185,559418.700757421,559422.693925643,-406698.760145884,384116.390242491,-406693.317852517,384127.967861148
0.000319,560888.404241591,560881.472329948,-409113.258316916,383695.379020904,-409125.366468185,383672.334831799
0.0003195,562365.14837171,562345.098163994,-411528.990791007,383273.335677908,-411562.38431387,383208.054778281
0.00032,563848.895048191,563813.58091399,-413945.951782363,382850.265051572,-414004.358963413,382735.084336868
0.0003205,565334.295753261,565286.930117814,-416388.124660997,382392.201275253,-416451.277816833,382253.380059287
0.000321,566793.836508865,566765.155365279,-418864.939604526,381847.371962325,-418903.128099479,381762.898413008
0.0003215,568261.106305162,568248.266298395,-421343.054831917,381301.344193899,-421359.89686119,381263.595781526
0.000322,569736.06506514,569736.272611644,-423822.464285947,380754.123552847,-423821.570975454,380755.428464662
0.0003225,571218.672708891,571229.184052237,-426303.161946958,380205.715587408,-426288.137138557,380238.352678847
0.000323,572708.889159714,572727.010420379,-428785.141832563,379656.12581148,-428759.58186874,379712.324557432
0.0003235,574206.674350065,574229.761569533,-431268.397997363,379105.359704858,-431235.891505351,379177.300150982
0.000324,575711.988227408,575737.447406672,-433752.924532659,378553.42271352,-433717.052207989,378633.235427588
0.0003245,577224.790759915,577250.077892547,-436238.715566167,378000.320249875,-436203.04995566,378080.086273176
0.000325,578745.041942055,578767.663041936,-438725.765261741,377446.05769303,-438693.870545919,377517.808491818
0.0003255,580272.701800048,580290.212923901,-441214.067819096,376890.64038903,-441189.499594015,376946.357806052
0.000326,581807.730397213,581817.737662042,-443703.61747353,376334.073651137,-443689.922532039,376365.689857205
0.0003265,583350.087839162,583350.24743475,-446194.408495655,375776.362760048,-446195.12460806,375775.760205712
0.000327,584899.734278911,584887.752475455,-448686.435191122,375217.512964178,-448705.090885272,375176.524331451
0.0003275,586456.629921834,586430.263072878,-451179.691900359,374657.529479887,-451219.806241129,374567.937634073
0.000328,588020.735030522,587977.789571276,-453674.172998304,374096.417491722,-453739.255366484,373949.955433334
0.0003285,589571.740980352,589530.342370691,-456213.545083319,373448.843946683,-456263.422764724,373322.532969446
0.000329,591111.109146477,591087.931927192,-458764.509881055,372756.579861407,-458792.292750907,372685.625403409
0.0003295,592658.450244751,592650.568753121,-461316.7639291,372063.008057093,-461325.849450896,372039.187817367
0.00033,594213.72232231,594218.263417333,-463870.301367227,371368.134477925,-463864.076800487,371383.175214955
0.0003305,595776.883440565,595791.026545439,-466425.116370669,370671.965032103,-466406.958544542,370717.542521658
0.000331,597347.891681249,597368.868820044,-468981.203149857,369974.505592137,-468954.478236118,370042.244585167
0.0003315,598926.70515232,598951.800980984,-471538.555950147,369275.761995102,-471506.619235593,369357.236175746
0.000332,600513.281993739,600539.833825566,-474097.169051565,368575.740042917,-474063.364709794,368662.471986596
0.0003325,602107.580383115,602132.978208801,-476657.036768544,367874.445502593,-476624.697631119,367957.90663423
0.000333,603709.558541215,603731.245043637,-479218.153449659,367171.884106514,-479190.600776664,367243.494658844
0.0003335,605319.174737351,605334.645301197,-481780.513477384,366468.061552677,-481761.056727341,366519.1905247
0.000334,606936.387294643,606943.190011005,-484344.111267824,365762.983504967,-484336.047867003,365784.948620507
0.0003345,608561.154595144,608556.890261219,-486908.941270475,365056.655593403,-486915.556381557,365040.723259809
0.000335,610193.435084848,610175.757198861,-489474.997967968,364349.083414388,-489499.564258085,364286.468681376
0.0003355,611833.187278571,611799.802030042,-492042.275875826,363640.272530963,-492088.053283963,363522.139049602
0.000336,613485.19892896,613429.036020194,-494620.95497466,362924.51033908,-494681.005045971,362747.688454899
0.0003365,615098.861934057,615063.47049429,-497240.625045795,362075.089942183,-497278.400929409,361963.070914107
0.000337,616720.801303386,616703.116837071,-499861.573969993,361224.242858272,-499880.222117208,361168.240370895
0.0003375,618350.973137706,618347.98649327,-502483.796063463,360371.975428169,-502486.449589044,360363.150696181
0.000338,619989.333562657,619998.090967834,-505107.285676042,359518.293955188,-505097.064120445,359547.755688541
0.0003385,621635.838734888,621653.441826143,-507732.037190956,358663.204705402,-507712.046281896,358722.00907463
0.000339,623290.444848047,623314.050694232,-510358.045024566,357806.713907913,-510331.376437956,357885.864509613
0.0003395,624953.108138641,624979.929259008,-512985.303626129,356948.827755122,-512955.034746351,357039.275577583
0.00034,626623.784891755,626651.089268472,-515613.807477547,356089.552403008,-515583.001157087,356182.195792004
0.0003405,628302.431446649,628327.542531929,-518243.551093142,355228.893971396,-518215.255411552,355314.57859614
0.000341,629989.004202199,630009.300920209,-520874.529019404,354366.858544211,-520851.777041615,354436.377363502
0.0003415,631683.459622221,631696.376365881,-523506.735834762,353503.45216975,-523492.545368727,353547.545398291
0.000342,633385.754240661,633388.780863464,-526140.166149353,352638.680860938,-526137.539503022,352648.035935847
0.0003425,635095.844666657,635086.52646964,-528774.814604786,351772.550595592,-528786.738342415,351737.802143106
0.000343,636813.687589463,636789.62530347,-531410.675873915,350905.067316673,-531440.120571698,350816.797119057
0.0003435,638539.23978325,638498.089546599,-534047.744660611,350036.236932528,-534097.664661633,349884.973895203
0.000344,640261.591394929,640211.93144347,-536713.3809617,349104.070603922,-536759.348868053,348942.285436033
0.0003445,641960.530110708,641931.163301526,-539398.116041111,348084.752081043,-539425.151230946,347988.684639488
0.000345,643668.023559574,643655.797491427,-542084.108222804,347063.890610037,-542095.049573557,347024.124337441
0.0003455,645384.02584402,645385.846447252,-544771.352049025,346041.49288967,-544769.021501471,346048.557296177
0.000346,647108.491107833,647121.322666703,-547459.842093572,345017.565579983,-547447.044401705,345061.936216877
0.0003465,648841.373542195,648862.238711313,-550149.572961559,343992.115302571,-550129.095441799,344064.213736106
0.000347,650582.627391649,650608.607206651,-552840.539289194,342965.148640871,-552815.151568899,343055.342426311
0.0003475,652332.206959918,652360.440842522,-555532.735743562,341936.672140428,-555505.189508846,342035.274796315
0.000348,654090.066615569,654117.752373172,-558226.157022389,340906.692309163,-558199.18576526,341003.963291822
0.0003485,655856.160797574,655880.554617488,-560920.797853835,339875.215617659,-560897.116618626,339961.360295925
0.000349,657630.444020691,657648.8604592,-563616.652996269,338842.248499409,-563598.95812537,338907.418129615
0.0003495,659412.870880743,659422.682847081,-566313.717238058,337807.797351092,-566304.686116951,337842.089052303
0.00035,661203.396059741,661202.034795146,-569011.985397346,336771.868532845,-569014.276198933,336765.325262335
0.0003505,663001.974330872,662986.929382849,-571711.452321847,335734.468368499,-571727.703750069,335677.078897521
0.000351,664808.560563378,664777.379755283,-574412.112888631,334695.603145858,-574444.943921377,334577.302035666
0.0003515,666623.109727285,666573.399123373,-577113.962003924,333655.27911695,-577165.971635218,333465.946695104
0.000352,668418.110939389,668375.000764078,-579857.417872086,332487.813266138,-579890.761584376,332342.964835235
0.0003525,670205.544394228,670182.198020583,-582601.45375012,331286.911641571,-582619.288231127,331208.308357074
0.000353,672001.828969195,671995.00430249,-585346.7191142,330084.347644939,-585351.525806316,330061.929103799
0.0003535,673806.91669433,673813.43308602,-588093.208747271,328880.128330154,-588087.448308434,328903.7788613
0.000354,675620.759657169,675637.4979142,-590840.917461754,327674.26071128,-590827.029502684,327733.809358746
0.0003545,677443.310008824,677467.212397059,-593589.840099335,326466.751762807,-593570.242920057,326551.97226914
0.000355,679274.519969916,679302.590211816,-596339.971530761,325257.608419928,-596317.0618564,325358.219209892
0.0003555,681114.341836366,681143.645103077,-599091.306655635,324046.837578814,-599067.459371487,324152.501743391
0.000356,682962.727985055,682990.390883021,-601843.840402216,322834.446096913,-601821.408288083,322934.77137758
0.0003565,684819.630879306,684842.841431592,-604597.567727216,321620.440793186,-604578.88119102,321704.979566544
0.000357,686685.003074247,686701.010696686,-607352.483615596,320404.828448395,-607339.850426255,320463.07771109
0.0003575,688558.797222047,688564.912694346,-610108.583080383,319187.615805375,-610104.288099942,319209.017159346
0.000358,690440.96607697,690434.561508942,-612865.861162453,317968.809569279,-612872.166077489,317942.749207355
0.0003585,692331.462500338,692309.971293365,-615624.312930352,316748.416407863,-615643.455982634,316664.225099676
0.000359,694230.239465341,694191.156269211,-618383.933480104,315526.442951742,-618418.129196495,315373.396029994
0.0003595,696137.244913167,696078.130726969,-621159.641873582,314273.389046509,-621196.156856641,314070.213141728
0.00036,698007.442503675,697970.909026204,-623955.129786043,312880.785290825,-623977.509856149,312754.627528651
0.0003605,699886.856860222,699869.505595748,-626751.818273185,311486.389264342,-626762.158842665,311426.590235513
0.000361,701775.437785378,701773.93493388,-629549.702346463,310090.208414163,-629550.074217468,310086.052258661
0.0003615,703673.135149096,703684.211608512,-632348.777044944,308692.250146197,-632341.226134522,308732.96454668
0.000362,705579.898894917,705600.350257374,-635149.037435094,307292.521825434,-635135.584499539,307367.278001023
0.0003625,707495.679046058,707522.365588196,-637950.478610604,305891.030776229,-637933.118969032,305988.943476655
0.000363,709420.425711336,709450.272378893,-640753.095692197,304487.784282587,-640733.798949379,304597.911782701
0.0003635,711354.089090931,711384.085477745,-643556.883827439,303082.789588429,-643537.59359587,303194.133683098
0.000364,713296.619482021,713323.81980358,-646361.838190562,301676.053897881,-646344.471811767,301777.559897251
0.0003645,715247.96728425,715269.490345958,-649167.953982273,300267.584375539,-649154.402247356,300348.141100697
0.000365,717208.083005051,717221.11216535,-651975.226429574,298857.388146732,-651967.353299006,298905.827925771
0.0003655,719176.917264858,719178.700393318,-654783.650785595,297445.472297818,-654783.293108213,297450.570962279
0.000366,721154.420802104,721142.270232698,-657593.222329394,296031.843876402,-657602.18956066,295982.320758175
0.0003665,723140.544478174,723111.836957778,-660403.9363658,294616.509891667,-660424.010285264,294501.027820249
0.000367,725135.239282117,725087.415914481,-663215.788225218,293199.477314569,-663248.722653227,293006.642614808
0.0003675,727121.014277919,727069.022520539,-666052.829148304,291682.358376523,-666076.293777093,291499.115568374
0.000368,729086.621521946,729056.672265678,-668893.422237801,290084.283216599,-668906.690509786,289978.397068384
0.0003685,731061.783298097,731050.380711792,-671735.175016113,288484.29011831,-671739.87944367,288444.43746389
0.000369,733046.447132285,733050.163493124,-674578.082769049,286882.386878143,-674575.82690959,286897.187066271
0.0003695,735040.560633948,735056.036316442,-677422.140807951,285278.581250399,-677414.498975922,285336.596149949
0.00037,737044.071502252,737068.014961221,-680267.344469496,283672.880947468,-680255.861447626,283762.614953103
0.0003705,739056.927532179,739086.115279815,-683113.689115534,282065.293640091,-683099.879865282,282175.193678405
0.000371,741079.07662046,741110.353197638,-685961.170132919,280455.826957669,-685946.519504145,280574.28249374
0.0003715,743110.466771335,743140.744713337,-688809.782933346,278844.488488527,-688795.745373185,278959.83153295
0.000372,745151.046102161,745177.305898976,-691659.52295317,277231.285780192,-691647.522214138,277331.790896569
0.0003725,747200.76284888,747220.052900203,-694510.385653253,275616.226339666,-694501.814500547,275690.110652578
0.000373,749259.565371328,749269.001936436,-697362.366518796,273999.317633705,-697358.586436804,274034.740837151
0.0003735,751327.402158391,751324.169301028,-700215.461059174,272380.567089071,-700217.8019572,272365.631455415
0.000374,753404.221833027,753385.571361454,-703069.664807778,270759.982092824,-703079.424724963,270682.732482215
0.0003745,755489.973157123,755453.224559476,-705924.973321847,269137.569992559,-705943.418131303,268985.993862881
0.000375,757597.091242311,757527.145411329,-708789.943503168,267526.014898711,-708809.745294456,267275.365514004
0.0003755,759652.178167964,759607.350507887,-711665.947472188,265712.271082549,-711678.369058723,265550.797324217
0.000376,761717.233430973,761693.856514841,-714543.067525343,263896.472801757,-714549.251993514,263812.239154976
0.0003765,763792.202074489,763786.680172879,-717421.299216075,262078.628241441,-717422.356392388,262059.640841357
0.000377,765877.029235056,765885.838297851,-720300.638121428,260258.74554331,-720297.644272097,260292.952192851
0.0003775,767971.660149001,767991.347780951,-723181.079841873,258436.832805922,-723175.077371622,258512.122994164
0.000378,770076.040158712,770103.225588888,-726062.620001159,256612.898084983,-726054.617151218,256717.103006029
0.0003785,772190.114718722,772221.488764064,-728945.254246158,254786.949393639,-728936.224791452,254907.841966017
0.000379,774313.829401661,774346.154424741,-731828.978246719,252958.994702753,-731819.861192243,253084.28958936
0.0003795,776447.129904006,776477.239765224,-734713.787695506,251129.041941173,-734705.486971902,251246.39556977
0.00038,778589.962051708,778614.762056028,-737599.678307853,249297.098996021,-737593.062466171,249394.109580278
0.0003805,780742.271805649,780758.738644053,-740486.64582162,247463.173712964,-740482.547727262,247527.381274063
0.000381,782904.005266935,782909.186952765,-743374.685997036,245627.27389648,-743373.9025229,245646.160285302
0.0003815,785075.108682051,785066.124482355,-746263.79461656,243789.407310134,-746267.086335353,243750.396230011
0.000382,787255.528447852,787229.56880993,-749153.967484727,241949.581676843,-749162.05836048,241840.038706904
0.0003825,789445.21111643,789399.537589674,-752045.200428021,240107.804679154,-752058.777506765,239915.037298251
0.000383,791638.26478694,791576.048553026,-754950.747610933,238202.667820013,-754957.202394354,237975.341570744
0.0003835,793796.758893163,793759.119508854,-757853.702179101,236158.972987944,-757857.291354098,236020.90107637
0.000384,795965.604699406,795948.768343629,-760757.716858236,234113.092553867,-760759.002426586,234051.665353286
0.0003845,798144.744718449,798145.013021596,-763662.787512666,232065.035044193,-763662.293361186,232067.583926703
0.000385,800334.121572985,800347.87158495,-766568.910028198,230014.808941039,-766567.121615085,230068.606309778
0.0003855,802533.678002105,802557.362154008,-769476.080311992,227962.422682509,-769473.444352321,228054.682004505
0.000386,804743.356867572,804773.502927386,-772384.294292408,225907.88466299,-772381.218442828,226025.760502619
0.0003865,806963.101159956,806996.312182167,-775293.547918876,223851.20323343,-775290.40046147,223981.791286503
0.000387,809192.854004586,809225.808274077,-778203.83716176,221792.386701617,-778200.946687077,221922.7238301
0.0003875,811432.558667342,811462.009637665,-781115.158012223,219731.443332466,-781112.81310149,219848.507599833
0.000388,813682.158560277,813704.934786465,-784027.506482093,217668.381348287,-784025.955388593,217759.09205553
0.0003885,815941.597247077,815954.602313179,-786940.878603726,215603.208929057,-786940.328933353,215654.426651356
0.000389,818210.818448365,818211.030889849,-789855.270429875,213535.934212704,-789855.888820859,213534.460836748
0.0003895,820489.766046858,820474.239268028,-792770.678033572,211466.565295366,-792772.58983536,211399.144057362
0.00039,822778.384092334,822744.246278957,-795687.097507973,209395.110231659,-795690.386459305,209248.425756019
0.0003905,825076.616806487,825021.07083374,-798604.524966256,207321.577034953,-798609.232872378,207082.255373662
0.000391,827359.156698718,827304.731923514,-801533.569231809,205102.685423011,-801529.082950542,204900.582350321
0.0003915,829625.693575784,829595.248619628,-804452.738172658,202816.625274196,-804449.890265074,202703.356126074
0.000392,831902.988509184,831892.640073817,-807372.903169263,200528.246186285,-807371.608081605,200490.526142028
0.0003925,834190.981345234,834196.925518373,-810294.060415038,198237.557021457,-810294.189359165,198262.041841295
0.000393,836489.612057156,836508.124266325,-813216.206122775,195944.566596807,-813217.586749214,196017.852669982
0.0003935,838798.820751576,838826.25571161,-816139.336524514,193649.283684604,-816141.752594687,193757.908078181
0.000394,841118.547674868,841151.33932925,-819063.447871416,191351.717012595,-819066.638929035,191482.157520968
0.0003945,843448.733219321,843483.394675528,-821988.536433653,189051.875264275,-821992.197475266,189190.55045941
0.000395,845789.317929122,845822.441388162,-824914.598500283,186749.767079178,-824918.379644985,186883.036361578
0.0003955,848140.242506167,848168.499186481,-827841.630379125,184445.401053138,-827845.136537433,184559.564703561
0.000396,850501.447815715,850521.587871604,-830769.628396644,182138.785738593,-830772.418938533,182220.084970495
0.0003965,852872.874891875,852881.727326612,-833698.588897852,179829.929644822,-833700.177319932,179864.546657587
0.000397,855254.464942887,855248.937516724,-836628.508246146,177518.84123825,-836628.36183804,177492.899271161
0.0003975,857646.15935631,857623.238489478,-839559.382823239,175205.5289427,-839556.922333078,175105.092329695
0.000398,860047.899703998,860004.650374907,-842491.209029024,172890.001139659,-842485.808328118,172701.075364871
0.0003985,862467.184362391,862393.193385711,-845434.609434918,170557.806246498,-845414.96902813,170280.797922636
0.000399,864835.475218826,864788.887817441,-848357.160142394,168019.427543677,-848344.353319025,167844.209564259
0.0003995,867215.017453585,867191.75404867,-851280.637785004,165478.585410252,-851273.909766698,165391.259867407
0.0004,869605.747961913,869601.812541178,-854205.038886731,162935.289084092,-854203.58661608,162921.898427212
0.0004005,872007.60377672,872019.083840125,-857130.359988927,160389.547756924,-857133.33179018,160436.074857361
0.000401,874420.522075345,874443.58857423,-860056.5976502,157841.370574642,-860063.09288913,157933.738791181
0.0004015,876844.440186109,876875.347455953,-862983.748446287,155290.766637578,-862992.817189241,155414.839882736
0.000402,879279.295594736,879314.381281668,-865911.808969973,152737.74500078,-865922.451642039,152879.327807927
0.0004025,881725.025950546,881760.710931849,-868840.775830967,150182.314674315,-868851.942873327,150327.152265603
0.000403,884181.569072497,884214.357371246,-871770.645655806,147624.484623528,-871781.237182225,147758.262978674
0.0004035,886648.862955026,886675.341649063,-874701.415087745,145064.263769326,-874710.280540225,145172.609695233
0.000404,889126.845773733,889143.684899146,-877633.080786657,142501.660988453,-877639.018590243,142570.142189684
0.0004045,891615.4558909,891619.408340151,-880565.639428945,139936.685113772,-880567.396645665,139950.81026388
0.000405,894114.631860773,894102.533275738,-883499.08770739,137369.344934508,-883495.359689409,137314.56374826
0.0004055,896624.312434804,896593.081094745,-886433.422331125,134799.649196558,-886422.852372969,134661.352503004
0.000406,899144.436566577,899091.07327137,-889368.640025465,132227.606602718,-889349.819015477,131991.126419178
0.0004065,901662.058385554,901596.531365357,-892306.456064692,129551.750267385,-892276.203602755,129303.835419907
0.000407,904148.198129893,904109.477022171,-895220.264602434,126746.368889529,-895201.949786369,126599.429461536
0.0004075,906646.047179303,906629.93197319,-898134.918103689,123938.386905489,-898127.000882693,123877.85853481
0.000408,909155.539439987,909157.918035881,-901050.413461956,121127.813876304,-901051.299871959,121139.07266605
0.0004085,911676.608973971,911693.457113988,-903966.747585975,118314.65931622,-903974.789397323,118383.02191835
0.000409,914209.190005886,914236.571197711,-906883.917399579,115498.932692952,-906897.411763918,115609.656392766
0.0004095,916753.216929668,916787.282363896,-909801.919841648,112680.643427987,-909819.108937923,112818.926229525
0.00041,919308.624314958,919345.612776218,-912720.751865963,109859.800896829,-912739.822545618,110010.781609227
0.0004105,921875.34691344,921911.584685363,-915640.410441178,107036.414429328,-915659.493872453,107185.172754068
0.000411,924453.319664865,924485.220429218,-918560.892550674,104210.493309919,-918578.063862109,104342.049929061
0.0004115,927042.477702981,927066.542433053,-921482.195192507,101382.046777916,-921495.473115562,101481.363443264
0.000412,929642.756361249,929655.573209715,-924404.315379308,98551.0840277881,-924411.661890154,98603.063651021
0.0004125,932254.091178348,932252.335359803,-927327.250138173,95717.6142094092,-927326.570098657,95707.1009532031
0.000413,934876.417903592,934856.851571867,-930250.996510623,92881.6464283678,-930240.137308345,92793.4257984619
0.0004135,937509.672502048,937469.144622589,-933175.551552456,90043.1897461811,-933152.302740061,89861.9886844859
0.000414,940153.791159624,940089.237376975,-936100.912333727,87202.2531806229,-936063.00526729,86912.7401592673
0.0004145,942774.142996713,942717.152788543,-939009.962288771,84162.7912181365,-938972.183415233,83945.6308223721
0.000415,945383.758277879,945352.913899509,-941900.620922401,81078.1766050749,-941879.77535988,80960.6113262204
0.0004155,948005.566540918,947996.543840984,-944792.033055146,77990.8229735489,-944785.718927082,77957.6323773734
0.000416,950639.498534495,950648.065833155,-947684.195970068,74900.7401998272,-947689.951591635,74936.6447378266
0.0004165,953285.485181985,953307.503185487,-950577.106963263,71807.9381127528,-950592.410476351,71897.5992263074
0.000417,955943.457588433,955974.879296904,-953470.763343811,68712.4264940283,-953493.032351143,68840.4467195877
0.0004175,958613.347047258,958650.217655989,-956365.162433669,65614.2150784983,-956391.753632102,65765.1381537947
0.000418,961295.085046801,961333.541841169,-959260.30156761,62513.3135544265,-959288.51038058,62671.6245257339
0.0004185,963988.603276667,964024.875520917,-962156.178093151,59409.7315637804,-962183.238302279,59559.8568942197
0.000419,966693.833633847,966724.242453935,-965052.789370458,56303.478702501,-965075.872746326,56429.7863814081
0.0004195,969410.7082287,969431.666489359,-967950.1327723,53194.564520784,-967966.348704374,53281.3641741451
0.00042,972139.159390675,972147.171566945,-970848.205683937,50082.9985233439,-970854.600809677,50114.5415253128
0.0004205,974879.119673935,974870.781717268,-973747.005503083,46968.7901696923,-973740.563336191,46929.2697551902
0.000421,977630.521862703,977602.52106192,-976646.529639797,43851.9488743949,-976624.170197657,43725.5002528179
0.0004215,980393.29897653,980342.413813703,-979546.77551645,40732.4840073508,-979505.354946704,40503.184477369
0.000422,983168.849812057,983090.484276823,-982451.106205129,37560.7661939947,-982384.050773934,37262.2739595324
0.0004225,985895.153680741,985846.756847097,-985302.212547007,34187.7756097797,-985260.190507027,34002.7203028961
0.000423,988634.233614525,988611.256012143,-988153.97327916,30811.8965204707,-988133.706609836,30724.4751853441
0.0004235,991386.016838462,991384.006351582,-991006.386083777,27433.1391568957,-991004.531181488,27427.4903604576
0.000424,994150.430764976,994165.032537238,-993859.448654007,24051.5137016326,-993872.59595549,24111.7176589239
0.0004245,996927.403001072,996954.359333335,-996713.158693856,20667.0302892748,-996737.832298825,20777.1089899535
0.000425,999716.861355378,999752.0115967,-999567.513918137,17279.6990067379,-999600.171211065,17423.6163427047
0.0004255,1002518.73384497,1002558.01427697,-1002422.51205241,13889.5298935156,-1002459.54332348,14051.1917877124
0.000426,1005332.94870197,1005372.39241677,-1005278.15083289,10496.5329419635,-1005315.87889814,10659.7874783314
0.0004265,1008159.43438,1008195.17115196,-1008134.42800645,7100.71809759086,-1008169.10782704,7249.35565217854
0.000427,1010998.11956032,1011026.3757118,-1010991.34133047,3702.09525931875,-1011019.15963119,3819.84863258809
0.0004275,1013848.93315791,1013866.03141915,-1013848.88857286,300.674279751996,-1013865.96345976,371.218830075878
0.000428,1016711.80432727,1016714.16369071,-1016707.06751193,-3103.53503453027,-1016709.44808919,-3096.58125619848
0.0004285,1019586.662468,1019570.7980372,-1019565.87593638,-6510.52292273499,-1019549.54192228,-6583.59903694801
0.000429,1022473.43723029,1022435.96006357,-1022425.31164521,-9920.27966957913,-1022386.17298737,-10089.8818312785
0.0004295,1025372.05852012,1025309.67546922,-1025285.37244767,-13332.7956049883,-1025219.2689374,-13615.4768651962
0.00043,1028261.04325643,1028191.97004817,-1028122.2033295,-16896.9849292894,-1028048.75704908,-17160.4312701089
0.0004305,1031122.6348246,1031082.86968932,-1030917.38069579,-20572.8516972275,-1030874.56422202,-20724.7920813194
0.000431,1033997.54384292,1033982.40037661,-1033713.10016072,-24251.7469333537,-1033696.61697783,-24308.6062365089
0.0004315,1036885.69399074,1036890.58818927,-1036509.35983981,-27933.6601099633,-1036514.84145927,-27911.9205742186
0.000432,1039787.00915556,1039807.459302,-1039306.15785732,-31618.5807481006,-1039329.1634294,-31534.7818323183
0.0004325,1042701.4134404,1042733.03998519,-1042103.49234619,-35306.4984172594,-1042139.50827069,-35177.2366464688
0.000433,1045628.83117093,1045667.35660515,-1044901.36144796,-38997.4027351195,-1044945.80098418,-38839.3315485788
0.0004335,1048569.1869024,1048610.4356243,-1047699.76331277,-42691.2833672526,-1047747.96618862,-42521.1129652486
0.000434,1051522.40542636,1051562.30360138,-1050498.69609927,-46388.130026858,-1050545.9281196,-46222.6272162134
0.0004345,1054488.41177711,1054522.98719169,-1053298.15797458,-50087.9324744909,-1053339.61062873,-49943.9205127757
0.000435,1057467.13123802,1057492.51314726,-1056098.14711427,-53790.6805177724,-1056128.93718276,-53685.0389562242
0.0004355,1060458.48934758,1060470.90831713,-1058898.66170226,-57496.3640111415,-1058913.83086272,-57446.0285362566
0.000436,1063462.41190532,1063458.1996475,-1061699.69993083,-61204.9728555689,-1061694.21436314,-61226.9351293831
0.0004365,1066478.82497742,1066454.414182,-1064501.26000052,-64916.4969983095,-1064470.00999114,-65027.8044973302
0.000437,1069507.65490227,1069459.57906187,-1067303.34012011,-68630.9264326082,-1067241.13966561,-68848.6822854343
0.0004375,1072566.9245579,1072473.72152619,-1070124.86647775,-72336.5592322935,-1070007.52491639,-72689.6140210229
0.000438,1075556.56055945,1075496.86891211,-1072845.11328171,-76323.5079777281,-1072769.08688343,-76550.6451117964
0.0004385,1078560.16434112,1078529.04865505,-1075565.78040831,-80313.6359419195,-1075525.74631594,-80431.8208441935
0.000439,1081577.65561434,1081570.28828896,-1078286.86642136,-84306.9322619395,-1078277.42357158,-84333.1863817581
0.0004395,1084608.95431299,1084620.6154465,-1081008.36989123,-88303.3861242783,-1081024.03861564,-88254.7867634868
0.00044,1087653.98060106,1087680.05785925,-1083730.28939477,-92302.9867645944,-1083765.51102018,-92196.6669021778
0.0004405,1090712.65488019,1090748.643358,-1086452.62351527,-96305.7234674149,-1086501.75996326,-96158.87158277
0.000441,1093784.89779692,1093826.39987293,-1089175.37084249,-100311.58556585,-1089232.70422808,-100141.44546067
0.0004415,1096870.63024967,1096913.35543381,-1091898.52997256,-104320.562441348,-1091958.2622022,-104144.433060076
0.000442,1099969.77339559,1100009.53817029,-1094622.09950794,-108332.643523401,-1094678.35187671,-108167.878772291
0.0004425,1103082.2486571,1103114.97631206,-1097346.07805744,-112347.818289268,-1097392.89084541,-112211.826854029
0.000443,1106207.9777283,1106229.69818914,-1100070.46423614,-116366.07626373,-1100101.79630403,-116276.321425711
0.0004435,1109346.88258105,1109353.73223207,-1102795.25666535,-120387.407018791,-1102804.98504942,-120361.406469759
0.000444,1112498.88547099,1112487.10697213,-1105520.4539726,-124411.800173439,-1105502.37347874,-124467.125828875
0.0004445,1115663.90894318,1115629.85104161,-1108246.05479161,-128439.245393362,-1108193.87758868,-128593.523204315
0.000445,1118841.87583773,1118781.993174,-1110972.05776222,-132469.732390713,-1110879.41297465,-132740.642154154
0.0004455,1122026.65521776,1121943.56220426,-1113681.07975064,-136595.26940784,-1113558.89483001,-136908.526091547
0.000446,1125164.82618046,1125114.58706901,-1116306.87042365,-140907.264250818,-1116232.23794526,-141097.218282974
0.0004465,1128317.56856827,1128295.09680682,-1118932.94634393,-145222.57787926,-1118899.35670729,-145306.761846486
0.000447,1131484.79811418,1131485.12055837,-1121559.30655422,-149541.199156314,-1121560.16509858,-149537.199749935
0.0004475,1134666.43079685,1134684.68756677,-1124185.95010162,-153863.116994883,-1124214.57669639,-153788.574809198
0.000448,1137862.38284833,1137893.82717771,-1126812.87603745,-158188.320357375,-1126862.50467207,-158060.929686402
0.0004485,1141072.57076174,1141112.56883979,-1129440.08341727,-162516.798255415,-1129503.86179022,-162354.30688812
0.000449,1144296.91129861,1144340.94210466,-1132067.57130084,-166848.539749576,-1132138.56040794,-166668.748763584
0.0004495,1147535.32149606,1147578.97662735,-1134695.33875211,-171183.533949102,-1134766.5124741,-171004.29750287
0.00045,1150787.71867364,1150826.70216644,-1137323.38483919,-175521.77001164,-1137387.62952853,-175360.995135084
0.0004505,1154054.02044005,1154084.14858435,-1139951.70863431,-179863.237142976,-1140001.8227013,-179738.883526541
0.000451,1157334.14469957,1157351.34584754,-1142580.30921386,-184207.924596758,-1142609.00271197,-184138.004378926
0.0004515,1160628.00965826,1160628.32402679,-1145209.18565826,-188555.821674246,-1145209.07986883,-188558.399227461
0.000452,1163935.53383001,1163915.11329744,-1147838.33705203,-192906.917724036,-1147801.96406815,-193000.109439051
0.0004525,1167256.63604231,1167211.74393959,-1150467.76248376,-197261.202141784,-1150387.56479345,-197463.17621043
0.000453,1170591.23544179,1170518.24633842,-1153097.46104602,-201618.664370002,-1152965.79111476,-201947.640566292
0.0004535,1173907.50686324,1173834.65098436,-1155659.18205635,-206181.205735893,-1155536.55168789,-206453.543357422
0.000454,1177201.72506685,1177160.9884734,-1158168.89902718,-210828.610075887,-1158099.75475372,-210980.925258809
0.0004545,1180511.14919611,1180497.28950731,-1160678.75430604,-215479.471595057,-1160655.30813742,-215529.826767762
0.000455,1183835.69078442,1183843.58489387,-1163188.74743696,-220133.778896109,-1163203.11924778,-220100.288202003
0.0004555,1187175.26163539,1187199.90554717,-1165698.87796597,-224791.52063179,-1165743.09507649,-224692.349697766
0.000456,1190529.77383077,1190566.28248784,-1168209.14544111,-229452.685504618,-1168275.1421974,-229306.051207881
0.0004565,1193899.13973819,1193942.74684327,-1170719.5494124,-234117.262266605,-1170799.16676583,-233941.432499846
0.000457,1197283.27201871,1197329.32984791,-1173230.08943181,-238785.239718996,-1173315.07451786,-238598.5331539
0.0004575,1200682.08363406,1200726.06284351,-1175740.7650533,-243456.606711978,-1175822.77076963,-243277.392561079
0.000458,1204095.48785357,1204132.97727938,-1178251.57583273,-248131.35214444,-1178322.16041664,-247978.049921265
0.0004585,1207523.39826107,1207550.10471262,-1180762.52132795,-252809.464963694,-1180813.14793308,-252700.544241234
0.000459,1210965.72876129,1210977.47680841,-1183273.60109871,-257490.9341652,-1183295.63737111,-257444.914332687
0.0004595,1214422.39358624,1214415.12534026,-1185784.81470667,-262175.748792328,-1185769.53236018,-262211.198810271
0.00046,1217893.30730125,1217863.08219027,-1188296.16171539,-266863.897936082,-1188234.73610639,-266999.436089603
0.0004605,1221378.38481083,1221321.37934939,-1190807.64169037,-271555.370734845,-1190691.15139177,-271809.664385276
0.000461,1224889.3896137,1224790.04891766,-1193325.29315457,-276276.603254391,-1193138.68057362,-276641.921708856
0.0004615,1228331.6332376,1228269.12310452,-1195695.74618576,-281265.504044581,-1195577.22558386,-281496.245866876
0.000462,1231789.84239541,1231758.63422904,-1198066.17820506,-286258.010315231,-1198006.68792837,-286372.674458821
0.0004625,1235263.9239016,1235258.6147202,-1200436.58928061,-291254.110372886,-1200426.9686863,-291271.244875094
0.000463,1238753.78485853,1238769.09711714,-1202806.97948028,-296253.792574608,-1202837.96850946,-296191.994294993
0.0004635,1242259.33266481,1242290.11406945,-1205177.34887163,-301257.045327701,-1205239.58762165,-301134.959684661
0.000464,1245780.4750235,1245821.69833742,-1207547.69752192,-306263.857089433,-1207631.72581801,-306100.177795033
0.0004645,1249317.11994994,1249363.88279233,-1209918.02549812,-311274.216366771,-1210014.2824644,-311087.685159782
0.000465,1252869.17577943,1252916.70041668,-1212288.33286693,-316288.111716119,-1212387.15649677,-316097.518093244
0.0004655,1256436.55117457,1256480.18430453,-1214658.61969476,-321305.531743044,-1214750.2464205,-321129.712688346
0.000466,1260019.15513238,1260054.36766172,-1217028.88604771,-326326.465102018,-1217103.45030981,-326184.304814518
0.0004665,1263616.89699116,1263639.28380613,-1219399.13199164,-331350.900496154,-1219446.66580713,-331261.330115596
0.000467,1267229.68643713,1267234.96616803,-1221769.35759209,-336378.826676938,-1221779.79012248,-336360.824007723
0.0004675,1270857.43351075,1270841.44829027,-1224139.56291432,-341410.232444003,-1224102.72003287,-341482.821677232
0.000468,1274500.04861297,1274458.76382863,-1226509.74802336,-346445.106644805,-1226415.35188169,-346627.358078531
0.0004685,1278157.44251099,1278086.94655205,-1228879.91298389,-351483.438174454,-1228717.58157813,-351794.46793197
0.000469,1281814.20432558,1281726.03034293,-1231193.66990857,-356664.830881744,-1231009.30459654,-356984.185721701
0.0004695,1285428.12658306,1285376.04919742,-1233400.16360926,-362007.60353821,-1233290.41597591,-362196.545693537
0.00047,1289058.71854043,1289037.03722566,-1235606.46374767,-367354.116065229,-1235560.81031921,-367431.581852792
0.0004705,1292705.88231161,1292709.02865214,-1237812.57094092,-372704.356539722,-1237820.38179289,-372689.32796212
0.000471,1296369.52032597,1296392.0578159,-1240018.48580346,-378058.313089255,-1240069.02412625,-377969.817539337
0.0004715,1300049.53533692,1300086.15917088,-1242224.20894716,-383415.973891739,-1242306.63061089,-383273.083855245
0.000472,1303745.83043027,1303791.36728616,-1244429.74098132,-388777.327175179,-1244533.09410016,-388599.159931438
0.0004725,1307458.30903219,1307507.71684631,-1246635.08251263,-394142.361217415,-1246748.30700859,-393948.078538102
0.000473,1311186.874917,1311235.24265159,-1248840.2341452,-399511.064345856,-1248952.16131135,-399319.87219181
0.0004735,1314931.43221468,1314973.97961834,-1251045.19648063,-404883.424937204,-1251144.5485437,-404714.573153306
0.000474,1318691.88541805,1318723.96277918,-1253249.97011795,-410259.431417211,-1253325.35980045,-410132.21342527
0.0004745,1322468.1393898,1322485.22728338,-1255454.55565369,-415639.072260411,-1255494.4857354,-415572.824750097
0.000475,1326260.09936909,1326257.8083971,-1257658.95368185,-421022.335989865,-1257651.81656088,-421036.438607643
0.0004755,1330067.6709781,1330041.74150372,-1259863.16479393,-426409.211176919,-1259797.24204715,-426523.086212978
0.000476,1333890.76022822,1333837.06210411,-1262067.18957896,-431799.686440923,-1261930.65152194,-432032.798514124
0.0004765,1337729.27352597,1337643.80581695,-1264271.02862348,-437193.750449004,-1264051.9338699,-437565.606189782
0.000477,1341538.86414696,1341462.00837903,-1266337.90199493,-442848.554234733,-1266160.97753213,-443121.53964706
0.0004775,1345333.28832396,1345291.70564552,-1268353.92921455,-448553.192964424,-1268257.67050566,-448700.629019179
0.000478,1349145.12084449,1349132.93359031,-1270369.57712615,-454261.702778061,-1270341.90034294,-454302.904163178
0.0004785,1352974.25886755,1352985.72830629,-1272384.8469188,-459974.071540589,-1272413.55415139,-459928.39465761
0.000479,1356820.59989701,1356850.12600566,-1274399.73977659,-465690.287167612,-1274472.51859291,-465577.129800228
0.0004795,1360684.04179035,1360726.16302023,-1276414.25687865,-471410.337625149,-1276518.67988337,-471249.138605659
0.00048,1364564.48276717,1364613.87580175,-1278428.39939922,-477134.21092935,-1278551.92379219,-476944.449803075
0.0004805,1368461.82141734,1368513.3009222,-1280442.16850767,-482861.895146251,-1280572.13564186,-482663.091833847
0.000481,1372375.95670888,1372424.47507407,-1282455.56536847,-488593.37839151,-1282579.20030745,-488405.092849204
0.0004815,1376306.78799558,1376347.43507075,-1284468.59114128,-494328.648830148,-1284573.00221622,-494170.480707863
0.000482,1380254.21502434,1380282.21784676,-1286481.24698092,-500067.694676292,-1286553.42534712,-499959.282973669
0.0004825,1384218.13794223,1384228.8604581,-1288493.53403747,-505810.504192927,-1288520.3532304,-505771.526913216
0.000483,1388198.45730328,1388187.40008258,-1290505.45345619,-511557.065691628,-1290473.66894715,-511607.239493458
0.0004835,1392195.07407499,1392157.8740201,-1292517.00637764,-517307.367532338,-1292413.25512886,-517466.447379322
0.000484,1396207.88964467,1396140.31969299,-1294528.19393768,-523061.398123078,-1294338.99395706,-523349.176931293
0.0004845,1400240.74311795,1400134.77464633,-1296514.72762594,-528889.118565091,-1296250.76716285,-529255.454203009
0.000485,1404206.68498018,1404141.27654826,-1298312.65581771,-534958.560905976,-1298148.45602654,-535185.304938842
0.0004855,1408190.91799338,1408159.8631903,-1300110.00356363,-541032.013981435,-1300031.9413772,-541138.754571456
0.000486,1412193.33372933,1412190.57248769,-1301906.77265518,-547109.465412649,-1301901.10359234,-547115.828219378
0.0004865,1416213.82412679,1416233.4424797,-1303702.96487652,-553190.902871695,-1303755.82259744,-553116.550684545
0.000487,1420252.28150071,1420288.51132994,-1305498.58200445,-559276.314081278,-1305595.97786566,-559140.946449843
0.0004875,1424308.59855113,1424355.81732672,-1307293.62580848,-565365.686814476,-1307421.4484174,-565189.039676647
0.000488,1428382.66837186,1428435.39888337,-1309088.09805087,-571459.008894483,-1309232.11281999,-571260.854202339
0.0004885,1432474.38445876,1432527.29453854,-1310882.00048667,-577556.268194319,-1311027.84918729,-577356.413537828
0.000489,1436583.6407178,1436631.54295657,-1312675.33486377,-583657.452636638,-1312808.53517935,-583475.74086505
0.0004895,1440710.33147277,1440748.18292779,-1314468.1029229,-589762.550193421,-1314574.0480021,-589618.859034472
0.00049,1444854.35147269,1444877.25336889,-1316260.30639767,-595871.548885744,-1316324.26440697,-595785.790562574
0.0004905,1449015.59589904,1449018.79332321,-1318051.94701464,-601984.436783532,-1318059.0606906,-601976.557629333
0.000491,1453193.96037261,1453172.84196111,-1319843.02649336,-608101.202005296,-1319778.31269449,-608191.182075684
0.0004915,1457389.34096004,1457339.43858031,-1321633.54654632,-614221.832717907,-1321481.89580471,-614429.685400994
0.000492,1461601.6341803,1461518.62260619,-1323423.50887912,-620346.317136327,-1323169.68495156,-620692.088760503
0.0004925,1465804.02488927,1465710.43359218,-1325094.02562576,-626663.596064496,-1324841.55460933,-626978.41296277
0.000493,1469968.76933687,1469914.91122007,-1326643.54219715,-633107.49069362,-1326497.37879593,-633288.678467104
0.0004935,1474152.62191096,1474132.09530036,-1328192.26437073,-639555.518741498,-1328137.0310727,-639622.905380998
0.000494,1478355.46865322,1478362.02577262,-1329740.19455867,-646007.667657256,-1329760.38454403,-645981.113457528
0.0004945,1482577.19600547,1482604.74270582,-1331287.33516334,-652463.924940796,-1331367.3118572,-652363.322092777
0.000495,1486817.69081905,1486860.28629866,-1332833.6885774,-658924.278142514,-1332957.685202,-658769.550323214
0.0004955,1491076.84036394,1491128.69687998,-1334379.25718388,-665388.714863066,-1334531.37631061,-665199.816823099
0.000496,1495354.53233763,1495410.01490904,-1335924.0433562,-671857.222753097,-1336088.25645724,-671654.139901853
0.0004965,1499650.65487343,1499704.28097591,-1337468.04945821,-678329.789513001,-1337628.19645796,-678132.537501425
0.000497,1503965.09654873,1504011.53580184,-1339011.27784423,-684806.40289267,-1339151.06667043,-684635.02719366
0.0004975,1508297.74639286,1508331.82023957,-1340553.73085915,-691287.050691239,-1340656.73699373,-691161.626177646
0.000498,1512648.49389456,1512665.1752737,-1342095.41083841,-697771.720756843,-1342145.07686809,-697712.351277056
0.0004985,1517017.22900933,1517011.64202109,-1343636.32010811,-704260.400986375,-1343615.95527472,-704287.218937488
0.000499,1521403.84216631,1521371.26173115,-1345176.46098499,-710753.079325232,-1345069.24073561,-710886.245223779
0.0004995,1525808.22427503,1525744.07578627,-1346715.83577657,-717249.743767076,-1346504.80131332,-717509.445817326
0.0005,1530230.26673175,1530130.12570213,-1348254.44678107,-723750.382353607,-1347922.50461081,-724156.836013391
0.0005005,1534610.4905375,1534529.45312808,-1349557.24406526,-730564.578020804,-1349322.2177713,-730828.430718398
0.000501,1538984.33488194,1538942.09984754,-1350826.66322369,-737387.353387603,-1350703.80747805,-737524.244447223
0.0005015,1543378.14309419,1543368.10777829,-1352095.05966437,-744214.379202698,-1352067.13995424,-744244.291320464
0.000502,1547791.7953952,1547807.51897292,-1353362.43644324,-751045.642765545,-1353412.08096282,-750988.58506172
0.0005025,1552225.17244141,1552260.37561916,-1354628.79660407,-757881.131426151,-1354738.49580636,-757757.138994849
0.000503,1556678.15533433,1556726.72004023,-1355894.14317854,-764720.832584818,-1356046.24932692,-764549.966041211
0.0005035,1561150.62562975,1561206.59469528,-1357158.47918624,-771564.733691903,-1357335.20590596,-771367.078716924
0.000504,1565642.46534682,1565700.0421797,-1358421.80763483,-778412.822247557,-1358605.22946417,-778208.489130083
0.0005045,1570153.55697657,1570207.10522551,-1359684.13152002,-785265.085801492,-1359856.18346142,-785074.208977993
0.000505,1574683.78349019,1574727.82670177,-1360945.45382566,-792121.511952715,-1361087.93089664,-791964.249544382
0.0005055,1579233.02834707,1579262.24961493,-1362205.7775238,-798982.088349312,-1362300.33430773,-798878.621696599
0.000506,1583801.17550238,1583810.41710921,-1363465.10557474,-805846.80268818,-1363493.2557715,-805817.335882823
0.0005065,1588388.10941444,1588372.37246699,-1364723.44092708,-812715.642714805,-1364666.55690357,-812780.402129236
0.000507,1592993.71505182,1592948.15910921,-1365980.78651781,-819588.596223003,-1365820.09885837,-819767.830037212
0.0005075,1597617.87790002,1597537.82059572,-1367237.14527234,-826465.651054706,-1366953.74232903,-826779.628780483
0.000508,1602254.47501959,1602141.4006257,-1368415.26711389,-833462.092389284,-1368067.34754734,-833815.807102294
0.0005085,1606827.27717796,1606758.94303802,-1369372.40492951,-840662.30752944,-1369160.77428379,-840876.37331256
0.000509,1611421.06558222,1611390.49181167,-1370328.27327039,-847866.896439479,-1370233.88184745,-847961.335285001
0.0005095,1616035.7138668,1616036.0910661,-1371282.87587399,-855075.846242751,-1371286.52908603,-855070.70045428
0.00051,1620671.09612905,1620695.78506166,-1372236.21646305,-862289.144113091,-1372318.57438586,-862204.475813125
0.0005105,1625327.08693934,1625369.61819996,-1373188.29874576,-869506.7772746,-1373329.87567185,-869362.667909437
0.000511,1630003.56135095,1630057.63502429,-1374139.12641573,-876728.733001374,-1374320.29040758,-876545.282843403
0.0005115,1634700.39490952,1634759.88022003,-1375088.70315223,-883954.998617261,-1375289.67559526,-883752.326264591
0.000512,1639417.46366207,1639476.39861498,-1376037.03262009,-891185.56149564,-1376237.88777581,-890983.803369025
0.0005125,1644154.64416586,1644207.23517987,-1376984.11846983,-898420.409059155,-1377164.78302887,-898239.718896283
0.000513,1648911.8134967,1648952.43502866,-1377929.96433778,-905659.528779488,-1378070.21697289,-905520.077126543
0.0005135,1653688.84925715,1653712.04341902,-1378874.57384609,-912902.908177113,-1378954.04476514,-912824.881877659
0.000514,1658485.62958417,1658486.10575269,-1379817.9506028,-920150.534821069,-1379816.12110187,-920154.136502208
0.0005145,1663302.03315659,1663274.6675759,-1380760.09820194,-927402.396328711,-1380656.30021828,-927507.843884517
0.000515,1668137.93920228,1668077.7745798,-1381701.02022359,-934658.480365485,-1381474.43588871,-934886.006437717
0.0005155,1672993.22750486,1672895.47260085,-1382640.72023392,-941918.774644691,-1382270.38142672,-942288.626100751
0.000516,1677827.12162405,1677727.80762122,-1383368.8590053,-949417.953270125,-1383043.98968516,-949715.704335388
0.0005165,1682630.33896403,1682574.82576925,-1383977.47766677,-957001.148856843,-1383795.11305635,-957167.24212324
0.000517,1687455.48690838,1687436.57331983,-1384584.56814288,-964588.821186406,-1384523.60347217,-964643.239962737
0.0005175,1692302.43261228,1692313.09669482,-1385190.13486318,-972180.957282737,-1385229.31240425,-972143.697866136
0.000518,1697171.04373364,1697204.44246348,-1385794.18224006,-979777.544219882,-1385912.0908641,-979668.615356482
0.0005185,1702061.18844349,1702110.6573429,-1386396.71466893,-987378.569121725,-1386571.78940324,-987217.991464579
0.000519,1706972.735436,1707031.78819839,-1386997.73652826,-994984.019161785,-1387208.25811346,-994791.824725963
0.0005195,1711905.55393806,1711967.88204394,-1387597.25217965,-1002593.88156295,-1387821.34662692,-1002390.11317783
0.00052,1716859.51371857,1716918.98604265,-1388195.26596792,-1010208.14359726,-1388410.90411642,-1010012.85435598
0.0005205,1721834.48509733,1721885.1475071,-1388791.78222123,-1017826.79258565,-1388976.77929555,-1017660.04529179
0.000521,1726830.33895357,1726866.41389986,-1389386.80525108,-1025449.81589774,-1389518.82041895,-1025331.68250908
0.0005215,1731846.94673413,1731862.83283386,-1389980.33935246,-1033077.20095157,-1390036.87528249,-1033027.76202104
0.000522,1736884.18046134,1736874.45207286,-1390572.38880391,-1040708.93521342,-1390530.79122359,-1040748.27932718
0.0005225,1741941.91274053,1741901.31953186,-1391162.95786757,-1048345.00619752,-1391000.41512139,-1048493.22941016
0.000523,1747020.01676719,1746943.48327755,-1391752.05078932,-1055985.40146584,-1391445.59339706,-1056262.60673273
0.0005235,1752136.7021221,1752000.99152876,-1392332.26156563,-1063670.01289255,-1391866.17201406,-1064056.40523457
0.000524,1757159.24461254,1757073.89265688,-1392557.18571213,-1071631.04445924,-1392261.99647841,-1071874.61832919
0.0005245,1762204.84614526,1762162.2351863,-1392780.30251437,-1079596.66019575,-1392632.91183903,-1079717.23890078
0.000525,1767273.36653028,1767266.06779487,-1393001.61713619,-1087566.84700447,-1392978.76268799,-1087584.25930104
0.0005255,1772364.66611177,1772385.43931435,-1393221.13472178,-1095541.5918376,-1393299.39316087,-1095475.67134605
0.000526,1777478.60577909,1777520.39873083,-1393438.86039578,-1103520.88169699,-1393594.64693708,-1103391.46631308
0.0005265,1782615.04697729,1782670.9951852,-1393654.79926334,-1111504.70363383,-1393864.36724018,-1111331.63493743
0.000527,1787773.85171739,1787837.2779736,-1393868.95641024,-1119493.04474849,-1394108.39683827,-1119296.16740926
0.0005275,1792954.88258607,1793019.29654787,-1394081.336903,-1127485.89219021,-1394326.57804433,-1127285.05337035
0.000528,1798158.00275515,1798217.100516,-1394291.94578893,-1135483.23315693,-1394518.75271659,-1135298.28191094
0.0005285,1803383.0759906,1803430.7396426,-1394500.78809624,-1143485.05489503,-1394684.76225894,-1143335.84156649
0.000529,1808629.96666117,1808660.26384933,-1394707.86883412,-1151491.34469912,-1394824.44762132,-1151397.72031449
0.0005295,1813898.53974673,1813905.7232154,-1394913.19299287,-1159502.08991177,-1394937.64930013,-1159483.90557118
0.00053,1819188.66084618,1819167.16797798,-1395116.76554394,-1167517.27792334,-1395024.20733864,-1167594.38418838
0.0005305,1824500.19618503,1824444.64853274,-1395318.59144002,-1175536.89617173,-1395083.96132746,-1175729.14245018
0.000531,1829833.0126227,1829738.21543423,-1395518.67561515,-1183560.93214214,-1395116.75040496,-1183888.16606973
0.0005315,1835168.5547859,1835047.9193964,-1395558.82612412,-1191746.27639529,-1395122.41325773,-1192071.44018594
0.000532,1840445.03278057,1840373.81129305,-1395359.79755194,-1200087.06103452,-1395100.78812107,-1200278.94936023
0.0005325,1845745.61096267,1845715.94215832,-1395158.67139516,-1208432.5144661,-1395051.71277946,-1208510.67757322
0.000533,1851070.14194044,1851074.36318714,-1394955.45355693,-1216782.62355081,-1394975.02456705,-1216766.60822149
0.0005335,1856418.47890118,1856449.12573571,-1394750.14991824,-1225137.37519873,-1394870.56036819,-1225046.72411422
0.000534,1861790.4756225,1861840.28132198,-1394542.7663381,-1233496.75636896,-1394738.15661795,-1233351.00746992
0.0005345,1867185.98648302,1867247.88162614,-1394333.30865358,-1241860.75406937,-1394577.64930262,-1241679.43991309
0.000535,1872604.86647281,1872671.97849108,-1394121.78267993,-1250229.35535643,-1394388.8739603,-1250032.00247091
0.0005355,1878046.97120322,1878112.62392289,-1393908.19421065,-1258602.54733494,-1394171.66568143,-1258408.6755699
0.000536,1883512.15691662,1883569.87009133,-1393692.54901768,-1266980.31715781,-1393925.85910939,-1266809.43903257
0.0005365,1889000.28049538,1889043.7693303,-1393474.85285139,-1275362.65202586,-1393651.28844105,-1275234.27207406
0.000537,1894511.19947075,1894534.3741384,-1393255.11144078,-1283749.53918755,-1393347.78742739,-1283683.1532988
0.0005375,1900044.77203118,1900041.7371793,-1393033.33049348,-1292140.96593881,-1393015.18937411,-1292156.06069714
0.000538,1905600.85703044,1905565.91128237,-1392809.51569596,-1300536.91962279,-1392653.32714226,-1300652.97164194
0.0005385,1911179.31399516,1911106.94944305,-1392583.67271351,-1308937.38762966,-1392262.03314884,-1309173.8628852
0.000539,1916780.00313223,1916664.90482342,-1392355.80719045,-1317342.35739637,-1391841.13936751,-1317718.71055469
0.0005395,1922345.13056555,1922239.83075267,-1391789.87069214,-1326021.02428576,-1391390.47732919,-1326287.4901505
0.00054,1927888.74153875,1927831.78072762,-1391126.42845368,-1334736.77547655,-1390909.8781228,-1334880.17654164
0.0005405,1933457.5418163,1933440.80841319,-1390460.58268681,-1343457.26913832,-1390399.17239589,-1343496.74396266
0.000541,1939051.37644112,1939066.96764293,-1389792.34005561,-1352182.49212189,-1389858.1903554,-1352137.16601016
0.0005415,1944670.09108293,1944710.3124195,-1389121.70719961,-1360912.43132663,-1389286.76176831,-1360801.41563936
0.000542,1950313.53204973,1950370.8969152,-1388448.69073385,-1369647.07370028,-1388684.71596244,-1369489.46516069
0.0005425,1955981.54629863,1956048.77547248,-1387773.29724893,-1378386.40623869,-1388051.88182716,-1378201.28623632
0.000543,1961673.98144652,1961744.00260441,-1387095.5333112,-1387130.4159856,-1387388.08781414,-1386936.84987666
0.0005435,1967390.68578015,1967456.63299527,-1386415.40546285,-1395879.09003242,-1386693.16193815,-1395696.12643693
0.000544,1973131.50826577,1973186.72150097,-1385732.92022203,-1404632.41551805,-1385966.93177781,-1404479.08561365
0.0005445,1978896.29855847,1978934.32314966,-1385048.08408292,-1413390.37962859,-1385209.22447642,-1413285.69644117
0.000545,1984684.90701105,1984699.49314216,-1384360.90351589,-1422152.96959719,-1384419.86674278,-1422115.92728817
0.0005455,1990497.18468245,1990482.28685257,-1383671.38496757,-1430920.17270381,-1383598.68485196,-1430969.7458541
0.000546,1996332.98334593,1996282.7598287,-1382979.53486099,-1439691.97627497,-1382745.50464622,-1439847.11916578
0.0005465,2002192.15549673,2002100.96779269,-1382285.35959569,-1448468.36768362,-1381860.15153581,-1448748.01357374
0.000547,2008082.41924317,2007936.96664145,-1381514.73317249,-1457330.45137362,-1380942.45049988,-1457672.39474878
0.0005475,2013880.55106724,2013790.81244724,-1380347.44804762,-1466409.15048813,-1379992.22608732,-1466620.22767842
0.000548,2019705.17489207,2019662.5614582,-1379177.4301491,-1475492.66675681,-1379009.3024177,-1475591.4766633
0.0005485,2025556.12715044,2025552.27009887,-1378004.68695027,-1484580.98700602,-1377993.50318217,-1484586.10531367
0.000549,2031433.24494068,2031459.9949707,-1376829.22589735,-1493674.09811014,-1376944.65164438,-1493604.07654581
0.0005495,2037336.36603862,2037385.79285263,-1375651.05440937,-1502771.98699131,-1375862.57064144,-1502645.35257847
0.00055,2043265.32890928,2043329.72070163,-1374470.17987848,-1511874.64061924,-1374747.08258486,-1511709.89492925
0.0005505,2049219.97271798,2049291.83565318,-1373286.60966988,-1520982.04601095,-1373598.00946154,-1520797.66441105
0.000551,2055200.13734111,2055272.1950219,-1372100.3511221,-1530094.19023063,-1372415.17283474,-1529908.62112844
0.0005515,2061205.66337632,2061270.85630201,-1370911.411547,-1539211.06038933,-1371198.39384511,-1539042.72447409
0.000552,2067236.39215246,2067287.87716795,-1369719.79823003,-1548332.64364483,-1369947.49321167,-1548199.93312513
0.0005525,2073292.1657388,2073323.31547488,-1368525.51843016,-1557458.9272014,-1368662.29123288,-1557380.20503952
0.000553,2079372.8269542,2079377.22925924,-1367328.57938021,-1566589.89830958,-1367342.60778766,-1566583.49745243
0.0005535,2085478.21937555,2085449.67673933,-1366128.98828681,-1575725.54426596,-1365988.26233649,-1575809.76687261
0.000554,2091608.18734593,2091540.71631583,-1364926.75233056,-1584865.85241304,-1364599.07392243,-1585058.96907875
0.0005545,2097762.57598247,2097650.40657237,-1363721.87866621,-1594010.81013891,-1363174.86117227,-1594331.05911577
0.000555,2103907.42563672,2103778.80627612,-1362242.16233929,-1603347.35687389,-1361715.44229763,-1603625.99129122
0.0005555,2109999.96622086,2109925.9743783,-1360524.82386955,-1612783.94742965,-1360220.63509604,-1612943.7191716
0.000556,2116120.19849975,2116091.97001476,-1358804.4141528,-1622225.4031353,-1358690.25695215,-1622284.19557864
0.0005565,2122267.95051215,2122276.85250658,-1357080.94146737,-1631671.71087725,-1357124.12483884,-1631647.37258564
0.000557,2128443.05101587,2128480.68136059,-1355354.41406179,-1641122.85758897,-1355522.0553184,-1641033.2015138
0.0005575,2134645.32950019,2134703.51626998,-1353624.84015507,-1650578.83025081,-1353883.86454373,-1650441.63292846
0.000558,2140874.6161976,2140945.41711484,-1351892.22793672,-1660039.61588978,-1352209.36825953,-1659872.61663545
0.0005585,2147130.74209522,2147206.44396275,-1350156.58556695,-1669505.20157937,-1350498.38180354,-1669326.10167732
0.000559,2153413.53894561,2153486.65706937,-1348417.92117672,-1678975.57443928,-1348750.72010777,-1678802.03632964
0.0005595,2159722.83927723,2159786.11687897,-1346676.24286798,-1688450.72163528,-1346966.19769973,-1688300.36809729
0.00056,2166058.47640438,2166104.88402507,-1344931.55871372,-1697930.63037897,-1345144.62870374,-1697821.04371065
0.0005605,2172420.28443667,2172443.01933099,-1343183.87675816,-1707415.28792759,-1343285.82684216,-1707364.00912193
0.000561,2178808.09828812,2178800.58381045,-1341433.20501677,-1716904.68158379,-1341389.60543677,-1716929.20950135
0.0005615,2185221.75368575,2185177.63866814,-1339679.55147651,-1726398.79869546,-1339455.77741001,-1726516.58923342
0.000562,2191661.08717788,2191574.24530031,-1337922.92409596,-1735897.62665551,-1337484.15528637,-1736126.09191312
0.0005625,2198125.93614183,2197990.46529538,-1336163.33080535,-1745401.15290169,-1335474.55119369,-1745757.66034218
0.000563,2204537.85658569,2204426.36043453,-1333900.11717766,-1755191.62444243,-1333426.77686461,-1755411.23652524
0.0005635,2210940.09781099,2210881.99269227,-1331587.3314575,-1764973.45442088,-1331340.64363785,-1765086.7616661
0.000564,2217371.28529393,2217357.42423708,-1329271.12009381,-1774760.18270938,-1329215.9624597,-1774784.17616386
0.0005645,2223831.23826261,2223852.71743198,-1326951.49218933,-1784551.79629204,-1327052.54388539,-1784503.41960919
0.000565,2230319.77672116,2230367.93483512,-1324628.45681451,-1794348.28219906,-1324850.19808057,-1794244.43078042
0.0005655,2236836.72146229,2236903.13920045,-1322302.02300773,-1804149.6275065,-1322608.7348227,-1804007.14763981
0.000566,2243381.89407941,2243458.39347823,-1319972.19977545,-1813955.81933609,-1320327.96350257,-1813791.50732963
0.0005665,2249955.11697802,2250033.76081573,-1317638.99609229,-1823766.84485503,-1318007.69312577,-1823597.44616838
0.000567,2256556.21338685,2256629.30455779,-1315302.42090125,-1833582.69127578,-1315647.73231422,-1833424.89964694
0.0005675,2263185.00736837,2263245.08824743,-1312962.48311381,-1843403.34585586,-1313247.88930765,-1843273.80242468
0.000568,2269841.32382883,2269881.17562652,-1310619.19161008,-1853228.79589768,-1310807.97196516,-1853144.08832563
0.0005685,2276524.98852788,2276537.63063633,-1308272.5552389,-1863059.0287483,-1308327.7877668,-1863035.6903346
0.000569,2283235.8280877,2283214.51741819,-1305922.582818,-1872894.03179926,-1305807.1438151,-1872948.54059332
0.0005695,2289973.67000175,2289911.9003141,-1303569.28313423,-1882733.79248638,-1303245.8468367,-1882882.57039653
0.00057,2296738.34264287,2296629.84386737,-1301212.66494347,-1892578.29828957,-1300643.70318397,-1892837.71018811
0.0005705,2303524.22579769,2303368.41282322,-1298679.95591738,-1902538.89078128,-1298000.51883659,-1902813.88955718
0.000571,2310221.79690726,2310127.67212944,-1295728.61639587,-1912645.31567101,-1295316.09940323,-1912811.03723421
0.0005715,2316949.81697552,2316907.686937,-1292773.47099164,-1922756.66871373,-1292590.25012322,-1922829.08108707
0.000572,2323708.09516168,2323708.52260069,-1289814.52968522,-1932872.93698598,-1289822.77586823,-1932867.94811716
0.0005725,2330496.44144803,2330530.24467976,-1286851.80242211,-1942994.10760942,-1287013.48114395,-1942927.56445546
0.000573,2337314.66665352,2337372.91893855,-1283885.2991133,-1953120.16775067,-1284162.17009183,-1953007.8553586
0.0005735,2344162.5824462,2344236.61134716,-1280915.02963502,-1963251.1046211,-1281268.64649082,-1963108.74520491
0.000574,2351040.00135573,2351121.38808204,-1277941.00382922,-1973386.90547665,-1278332.71375912,-1973230.15749053
0.0005745,2357946.73678487,2358027.31552669,-1274963.23150353,-1983527.55761762,-1275354.17495595,-1983372.01482537
0.000575,2364882.60302079,2364954.46027228,-1271981.72243148,-1993673.04838848,-1272332.83278336,-1993534.23892924
0.0005755,2371847.41524563,2371902.88911828,-1268996.48635264,-2003823.36517769,-1269268.48958803,-2003716.75062784
0.000576,2378840.98954676,2378872.66907318,-1266007.53297275,-2013978.49541748,-1266160.94736309,-2013919.46984877
0.0005765,2385863.14292642,2385863.86735506,-1263014.8719639,-2024138.42658371,-1263010.00775001,-2024142.3156176
0.000577,2392913.69331094,2392876.55139233,-1260018.51296463,-2034303.14619562,-1259815.47204043,-2034385.20605386
0.0005775,2399992.45955945,2399910.78882432,-1257018.4655801,-2044472.6418157,-1256577.14117806,-2044648.05836705
0.000578,2407099.26147222,2406966.64750198,-1254014.73938226,-2054646.90104947,-1253294.8157606,-2054930.78885264
0.0005785,2414181.18129127,2414044.19548854,-1250583.77069943,-2065020.82521317,-1249968.29604165,-2065233.31288808
0.000579,2421220.05403084,2421143.50106018,-1246942.11835652,-2075437.76189739,-1246597.38193268,-2075555.54492876
0.0005795,2428290.75721379,2428264.63270667,-1243296.2732812,-2085859.62576944,-1243181.87300496,-2085897.39850405
0.00058,2435393.09023523,2435407.65913208,-1239646.24631676,-2096286.40408658,-1239721.56849157,-2096258.7862132
0.0005805,2442526.85337727,2442572.64925545,-1235992.04826908,-2106718.08415,-1236216.2672894,-2106639.61972138
0.000581,2449691.84782265,2449759.67221142,-1232333.68990689,-2117154.65330458,-1232665.76796119,-2117039.80975561
0.0005815,2456887.87566771,2456968.79735098,-1228671.18196189,-2127596.09893874,-1229069.86873753,-2127459.26610072
0.000582,2464114.7399347,2464200.09424208,-1225004.53512889,-2138042.40848424,-1225428.36751897,-2137897.89759532
0.0005825,2471372.24458367,2471453.63267039,-1221333.76006591,-2148493.56941597,-1221741.06187808,-2148355.61212772
0.000583,2478660.19452387,2478729.4826399,-1217658.86739453,-2158949.56925181,-1218007.74906156,-2158832.31663191
0.0005835,2485978.39562443,2486027.7143737,-1213979.86769982,-2169410.39555242,-1214228.22599236,-2169327.91708344
0.000584,2493326.65472467,2493348.39831458,-1210296.77153068,-2179876.03592106,-1210402.28927183,-2179842.31849539
0.0005845,2500704.77964385,2500691.60512579,-1206609.58939985,-2190346.47800341,-1206529.73518188,-2190375.42491431
0.000585,2508112.57919044,2508057.40569172,-1202918.33178416,-2200821.70948737,-1202610.35968717,-2200927.13941606
0.0005855,2515549.86317087,2515445.87111857,-1199223.00912466,-2211301.71810293,-1198643.9584373,-2211497.36410181
0.000586,2523044.52488972,2522857.0727351,-1195489.76442353,-2221836.60464368,-1194630.32676904,-2222086.00009388
0.0005865,2530408.92192716,2530291.08209329,-1191112.7621061,-2232536.60666887,-1190569.25970861,-2232692.94753169
0.000587,2537806.80572329,2537747.97096906,-1186731.1529134,-2243241.52820874,-1186460.55197388,-2243318.1055676
0.0005875,2545237.96448988,2545227.811363,-1182344.94860764,-2253951.35670285,-1182303.99797673,-2253961.37236287
0.000588,2552702.18737908,2552730.67550103,-1177954.16091106,-2264666.07963343,-1178099.3918253,-2264622.64508346
0.0005885,2560199.26449779,2560256.63583518,-1173558.80150604,-2275385.68452532,-1173846.52732634,-2275301.81989598
0.000589,2567728.98692142,2567805.76504425,-1169158.8820353,-2286110.15894564,-1169545.19798759,-2285998.79196351
0.0005895,2575291.14670708,2575378.13603455,-1164754.41410207,-2296839.49050377,-1165195.19702009,-2296713.45544151
0.00059,2582885.53690611,2582973.82194062,-1160345.40927021,-2307573.66685103,-1160796.31734062,-2307445.70347365
0.0005905,2590511.95157615,2590592.89612598,-1155931.87906448,-2318312.6756806,-1156348.3515741,-2318195.42818768
0.000591,2598170.18579252,2598235.43218378,-1151513.83497057,-2329056.50472729,-1151851.09205601,-2328962.52069127
0.0005915,2605860.03565914,2605901.50393763,-1147091.28843538,-2339805.14176739,-1147304.33083488,-2339746.87106788
0.000592,2613581.29831888,2613591.18544224,-1142664.25086713,-2350558.57461848,-1142707.85967474,-2350548.36837258
0.0005925,2621333.77196336,2621304.55098423,-1138232.73363551,-2361316.79113928,-1138061.4700576,-2361366.90062789
0.000593,2629117.25584226,2629041.67508279,-1133796.74807187,-2372079.77922943,-1133364.95318604,-2372202.35481961
0.0005935,2636931.5502721,2636802.63249048,-1129356.30546941,-2382847.52682938,-1128618.09998568,-2383054.61689266
0.000594,2644754.26602866,2644587.49819395,-1124604.04049686,-2393739.93570207,-1123820.70110779,-2393923.57174688
0.0005945,2652494.7722315,2652396.34741468,-1119436.66212325,-2404701.66054124,-1118972.54693184,-2404809.10323286
0.000595,2660270.28644812,2660229.25560975,-1114264.25836706,-2415668.2635421,-1114073.42756814,-2415711.09414776
0.0005955,2668080.58607519,2668086.29847252,-1109086.84188665,-2426639.73241707,-1109123.13286048,-2426629.42623108
0.000596,2675925.44952124,2675967.55193348,-1103904.42529796,-2437616.05491985,-1104121.45238872,-2437563.9801605
0.0005965,2683804.65622127,2683873.09216094,-1098717.0211746,-2448597.21884515,-1099068.17547154,-2448514.63554768
0.000597,2691717.98665075,2691802.9955618,-1093524.64204805,-2459583.21202859,-1093963.09116908,-2459481.27093402
0.0005975,2699665.22233898,2699757.3387823,-1088327.30040787,-2470574.02234653,-1088805.98828571,-2470463.76378648
0.000598,2707646.14588177,2707736.19870883,-1083125.00870182,-2481569.63771583,-1083596.65537273,-2481461.99049334
0.0005985,2715660.54095368,2715739.65246863,-1077917.77933611,-2492570.04609378,-1078334.88073115,-2492475.82636
0.000599,2723708.1923195,2723767.77743059,-1072705.62467549,-2503575.23547783,-1073020.45241447,-2503505.14560474
0.0005995,2731788.88584524,2731820.65120603,-1067488.55704344,-2514585.19390552,-1067653.15823152,-2514549.82135451
0.0006,2739902.40850859,2739898.35164945,-1062266.58872242,-2525599.90945423,-1062232.78574926,-2525609.72564067
0.0006005,2748048.54840873,2748000.95685933,-1057039.73195393,-2536619.37024105,-1056759.12229565,-2536684.7293948
0.000601,2756227.09477571,2756128.54517889,-1051807.99893877,-2547643.56442265,-1051231.95496251,-2547774.70244439
0.0006015,2764437.83797913,2764281.19519685,-1046571.40183714,-2558672.48019503,-1045651.07060847,-2558879.51350866
0.000602,2772604.67081352,2772458.98574828,-1040714.95492909,-2569873.35158834,-1040016.25586183,-2569999.03019428
0.0006025,2780740.79307004,2780661.99591533,-1034705.32947994,-2581066.49263238,-1034327.29712359,-2581133.11899112
0.000603,2788913.51405914,2788890.30502802,-1028690.24529003,-2592264.44795797,-1028583.98057031,-2592281.645268
0.0006035,2797122.59983449,2797143.99266506,-1022669.71592707,-2603467.2055992,-1022786.09215724,-2603444.47326843
0.000604,2805367.81753736,2805423.13865464,-1016643.75491387,-2614674.75362978,-1016933.41762123,-2614621.46610633
0.0006045,2813648.93541144,2813727.8230752,-1010612.37572842,-2625887.08016291,-1011025.74248382,-2625812.48576179
0.000605,2821965.72281705,2822058.12625626,-1004575.59180424,-2637104.17335105,-1005062.8520543,-2637017.39307678
0.0006055,2830317.95024465,2830414.12877921,-998533.416530429,-2648326.0213858,-999044.5314328,-2648236.04775088
0.000606,2838705.38932776,2838795.91147812,-992485.863251923,-2659552.61249774,-992970.565513418,-2659468.308337
0.0006065,2847127.81285524,2847203.55544055,-986432.94526964,-2670783.93495628,-986840.738987328,-2670714.03223712
0.000607,2855584.99478288,2855637.14200833,-980374.675840663,-2682019.97706942,-980654.836345969,-2681973.07569796
0.0006075,2864076.71024456,2864096.75277843,-974311.068178446,-2693260.72718374,-974412.641884219,-2693245.29380674
0.000608,2872602.73556261,2872582.46960374,-968242.135452982,-2704506.17368407,-968113.939703607,-2704530.54048689
0.0006085,2881162.84825778,2881094.37459389,-962167.890790938,-2715756.30499347,-961758.513715559,-2715828.66849368
0.000609,2889756.8270585,2889632.55011607,-956088.347275931,-2727011.10957297,-955346.147644639,-2727139.52941004
0.0006095,2898398.55940514,2898197.07879589,-949854.672902321,-2738337.14314498,-948876.625031846,-2738462.97364218
0.00061,2906912.29902308,2906788.04351816,-942955.967907984,-2749722.37813172,-942349.729237927,-2749798.85041531
0.0006105,2915464.54775535,2915405.52742776,-936051.341921658,-2761112.35093847,-935765.243446694,-2761147.00776932
0.000611,2924055.05860837,2924049.61393043,-929140.809479335,-2772507.04993392,-929122.950668397,-2772507.29255451
0.0006115,2932683.58574053,2932720.38669366,-922224.385069458,-2783906.4635248,-922422.633743104,-2783879.55042725
0.000612,2941349.88447791,2941417.92964748,-915302.083133075,-2795310.58015571,-915664.0753441,-2795263.62584568
0.0006125,2950053.71132955,2950142.32698535,-908373.918064216,-2806719.38830905,-908847.057981335,-2806659.36206537
0.000613,2958794.82400156,2958893.66316494,-901439.904209799,-2818132.8765047,-901971.364004869,-2818066.60113505
0.0006135,2967572.98141104,2967672.02290906,-894500.055870044,-2829551.03330003,-895036.775608366,-2829485.18389224
0.000614,2976387.94369902,2976477.49120642,-887554.387298586,-2840973.84728968,-888043.074832598,-2840914.94995897
0.0006145,2985239.47224287,2985310.15331259,-880602.912702666,-2852401.30710538,-880990.043568973,-2852355.73773742
0.000615,2994127.32966803,2994170.09475073,-873645.646243332,-2863833.40141585,-873877.463563112,-2863807.38440561
0.0006155,3003051.27985912,3003057.40131258,-866682.602035566,-2875270.11892663,-866705.116418412,-2875269.7259131
0.000616,3012011.08797046,3011972.15905921,-859713.794148572,-2886711.44837991,-859472.783599677,-2886742.5969766
0.0006165,3021006.52043602,3020914.45432196,-852739.236605931,-2898157.37855447,-852180.246436747,-2898225.83107568
0.000617,3030037.34497862,3029884.37370327,-845758.943385738,-2909607.89826536,-844827.286128153,-2909719.26044844
0.0006175,3039060.28997161,3038882.00407758,-838292.724373138,-2921156.06470202,-837413.683744823,-2921222.71608714
0.000618,3048009.9704399,3047907.43259217,-830446.033395459,-2932699.12632012,-829939.220233773,-2932736.02773389
0.0006185,3056999.91200942,3056960.74666808,-822592.959020878,-2944246.8112906,-822403.676421875,-2944259.02387633
0.000619,3066029.85512863,3066042.03400091,-814733.516717975,-2955799.10840985,-814806.833019604,-2955791.53174323
0.0006195,3075099.54148265,3075151.38256183,-806867.72190552,-2967356.00651047,-807148.470624831,-2967333.37730022
0.00062,3084208.71400905,3084288.88059833,-798995.589952457,-2978917.49446101,-799428.369726664,-2978884.38524537
0.0006205,3093357.1169134,3093454.61663522,-791117.136178235,-2990483.56116598,-791646.310709261,-2990444.37900493
0.000621,3102544.49568367,3102648.67947545,-783232.375852956,-3002054.19556556,-783802.073855735,-3002013.18072892
0.0006215,3111770.59710414,3111871.15820102,-775341.324197563,-3013629.38663556,-775895.439352034,-3013590.61128682
0.000622,3121035.16926857,3121122.14217391,-767443.996384092,-3025209.12338722,-767926.187290866,-3025176.4902632
0.0006225,3130337.96159265,3130401.72103694,-759540.40753581,-3036793.39486709,-759894.097675669,-3036770.63595338
0.000623,3139678.72482589,3139709.98471471,-751630.57272744,-3048382.1901569,-751798.950424567,-3048372.86535912
0.0006235,3149057.21106267,3149047.02341447,-743714.50698536,-3059975.49837336,-743640.525374398,-3059982.99418419
0.000624,3158473.17375283,3158412.92762706,-735792.225287764,-3071573.30866811,-735418.602284737,-3071600.83683009
0.0006245,3167926.36771156,3167807.78812781,-727863.74256486,-3083175.61022749,-727132.960841955,-3083226.20639168
0.000625,3177416.54912876,3177231.69597746,-719929.073699192,-3094782.39227251,-718783.380663311,-3094858.91465282
0.0006255,3186839.39891117,3186684.74252307,-711141.527124958,-3106480.81964961,-710369.641301073,-3106498.77208202
0.000626,3196247.61768091,3196167.01939896,-702292.932258248,-3118137.82101289,-701891.522246652,-3118145.58782811
0.0006265,3205697.92973324,3205678.6185276,-693437.478538829,-3129799.30347837,-693348.802934777,-3129799.16971584
0.000627,3215190.06234868,3215219.63212061,-684575.1823754,-3141465.25632568,-684741.262747691,-3141459.3242416
0.0006275,3224723.74413391,3224790.15267961,-675706.060124425,-3153135.66886871,-676068.681019377,-3153125.85656902
0.000628,3234298.7050378,3234390.27299719,-666830.12809024,-3164810.53045524,-667330.837039814,-3164798.5705246
0.0006285,3243914.67636722,3244020.08615786,-657947.402525335,-3176489.83046708,-658527.510059259,-3176477.26859343
0.000629,3253571.39080147,3253679.68553897,-649057.89963047,-3188173.55831973,-649658.479292556,-3188161.75191477
0.0006295,3263268.5824065,3263369.16481168,-640161.635554974,-3199861.70346234,-640723.523923466,-3199851.82027774
0.00063,3273005.98664809,3273088.61794186,-631258.626396907,-3211554.25537757,-631722.423109041,-3211547.27211695
0.0006305,3282783.34040441,3282838.13919111,-622348.888203233,-3223251.2035814,-622654.955984021,-3223247.90450816
0.000631,3292600.38197791,3292617.82311763,-613432.436970095,-3234952.53762308,-613520.901665241,-3234953.51316395
0.0006315,3302456.85110647,3302427.76457726,-604509.288642935,-3246658.24708492,-604320.039256108,-3246663.89242931
0.000632,3312352.48897405,3312268.05872437,-595579.459116764,-3258368.32158225,-595052.147851048,-3258378.83527738
0.0006325,3322287.03822036,3322138.80101288,-586642.964236334,-3270082.7507632,-585717.006540036,-3270098.13330504
0.000633,3332256.44315682,3332040.08719718,-577398.986576623,-3281850.60800464,-576314.394413128,-3281821.57672858
0.0006335,3342102.66628796,3341972.01333314,-567501.685716906,-3293568.28815156,-566844.09056502,-3293548.95437937
0.000634,3351993.18675847,3351934.67577903,-557597.020925687,-3305290.28775537,-557305.874099648,-3305280.05369952
0.0006345,3361927.71663876,3361928.17119657,-547685.009611808,-3317016.59660461,-547699.524134814,-3317014.66073752
0.000635,3371905.9694027,3371952.59655184,-537765.669129282,-3328747.20451997,-538024.819806823,-3328752.56014389
0.0006355,3381927.65994485,3382008.04911629,-527839.016777452,-3340482.10135415,-528281.540275186,-3340493.5351669
0.000636,3391992.50459703,3392094.62646775,-517905.069801321,-3352221.2769918,-518469.464727309,-3352237.36764817
0.0006365,3402100.22114396,3402212.42649137,-507963.845391677,-3363964.7213493,-508588.372383245,-3363983.83801838
0.000637,3412250.52883817,3412361.54738065,-498015.360685299,-3375712.42437472,-498638.042500467,-3375732.72529289
0.0006375,3422443.14841417,3422542.08763842,-488059.632765265,-3387464.37604768,-488618.254378647,-3387483.80706747
0.000638,3432677.80210174,3432754.14607784,-478096.678661068,-3399220.5663792,-478528.787364509,-3399236.85951392
0.0006385,3442954.21363863,3442997.82182342,-468126.515348865,-3410980.98541157,-468369.420856664,-3410991.65737578
0.000639,3453272.10828238,3453273.21431198,-458149.15975166,-3422745.62321828,-458139.934310516,-3422747.97396399
0.0006395,3463631.21282162,3463580.42329372,-448164.628739612,-3434514.46990384,-447840.107243166,-3434505.58115254
0.00064,3474031.25558644,3473919.54883319,-438172.939130027,-3446287.51560366,-437469.719238361,-3446264.24937422
0.0006405,3484471.96645839,3484290.6913103,-428174.107687823,-3458064.75048402,-427028.549951483,-3458023.74761625
0.000641,3494884.27754924,3494693.95142137,-417477.329931843,-3469860.05372751,-416516.379114537,-3469783.84341596
0.0006415,3505235.77457914,3505129.43018015,-406470.306364735,-3481588.67838135,-405932.986541203,-3481544.30285653
0.000642,3515633.58753609,3515597.22891881,-395455.41899711,-3493321.41856396,-395278.152131902,-3493304.89056263
0.0006425,3526077.41391488,3526097.44928901,-384432.68618801,-3505058.26466706,-384551.655878883,-3505065.36969616
0.000643,3536566.95271363,3536630.1932629,-373402.126239401,-3516799.20711235,-373753.277871362,-3516825.50195189
0.0006435,3547101.90445128,3547195.56313419,-362363.757396385,-3528544.23635123,-362882.79830068,-3528585.04755324
0.000644,3557681.97118427,3557793.66151914,-351317.597847334,-3540293.34286474,-351939.997465488,-3540343.76524791
0.0006445,3568306.85652254,3568424.59135767,-340263.6657243,-3552046.51716354,-340924.655776973,-3552101.41230364
0.000645,3578976.26564435,3579088.45591433,-329201.979102942,-3563803.74978761,-329836.5537641,-3563857.74450387
0.0006455,3589689.90531073,3589785.35877942,-318132.556003078,-3575565.03130634,-318675.472078896,-3575612.51614355
0.000646,3600447.48387881,3600515.40387,-307055.414388652,-3587330.35231826,-307441.191501773,-3587365.48002474
0.0006465,3611248.71131446,3611278.69543096,-295970.572168023,-3599099.70345098,-296133.492946861,-3599116.38745243
0.000647,3622093.29920432,3622075.33803605,-284878.047194252,-3610873.07536109,-284752.15746739,-3610864.98823019
0.0006475,3632980.96076693,3632905.43658901,-273777.857265211,-3622650.45873409,-273296.966261082,-3622611.03065599
0.000648,3643911.41086317,3643769.09632458,-262670.020123884,-3634431.84428418,-261767.700675603,-3634354.26151786
0.0006485,3654927.13225392,3654666.42280959,-251478.400181731,-3646265.3436534,-250164.142214029,-3646094.42608967
0.000649,3665761.34679966,3665597.52194404,-239316.206605847,-3657941.22491686,-238486.072540347,-3657831.26812686
0.0006495,3676644.30796306,3676562.49996215,-227145.619843939,-3669620.99332654,-226733.273484971,-3669564.52986219
0.00065,3687575.69636663,3687561.46343347,-214966.659264911,-3681304.6399121,-214905.527050332,-3681293.9520015
0.0006505,3698555.19422309,3698594.51926396,-202779.344178123,-3692992.15573081,-203002.615416446,-3693019.27371947
0.000651,3709582.4853539,3709661.77469708,-190583.693833551,-3704683.53186736,-191024.320946565,-3704740.2326554
0.0006515,3720657.25520726,3720763.33731485,-178379.72742216,-3716378.75943387,-178970.426192822,-3716456.56490893
0.000652,3731779.19087478,3731899.31503899,-166167.464075955,-3728077.82956963,-166840.713901914,-3728168.00503588
0.0006525,3742947.98110775,3743069.816132,-153946.922868409,-3739780.7334412,-154634.967020847,-3739874.28604397
0.000653,3754163.31633213,3754274.94919824,-141718.122814471,-3751487.46224211,-142352.96870267,-3751575.13938866
0.0006535,3765424.8886629,3765514.82318509,-129481.082870969,-3763198.00719289,-129994.502312275,-3763270.29496889
0.000654,3776732.39191763,3776789.54738399,-117235.821936696,-3774912.35954091,-117559.351432215,-3774959.48112291
0.0006545,3788085.52162911,3788099.23143161,-104982.3588528,-3786630.51056025,-105047.29986854,-3786642.4246241
0.000655,3799483.9750573,3799443.98531095,-92720.7124027644,-3798352.45155169,-92458.1316567123,-3798318.85067672
0.0006555,3810927.45120044,3810823.91935246,-80450.9013128398,-3810078.17384251,-79791.6310674836,-3809988.48291179
0.000656,3822415.65080551,3822239.14423514,-68172.9442521821,-3821807.66878645,-67047.5826128846,-3821651.04338284
0.0006565,3833921.83396271,3833689.77098771,-55397.9211184157,-3833521.57934082,-54225.7710521811,-3833306.25256183
0.000657,3845312.83443059,3845175.91098971,-42019.4615361185,-3845083.24480613,-41325.981397891,-3844953.82933489
0.0006575,3856754.80605938,3856697.67597265,-28632.0889021098,-3856648.5239839,-28347.998921846,-3856593.49099824
0.000658,3868247.41333794,3868255.17802115,-15235.8235349804,-3868217.40863629,-15291.6091612588,-3868224.95325398
0.0006585,3879790.32245647,3879848.52957408,-1830.68569151424,-3879789.89055036,-2156.59792483656,-3879847.93020597
0.000659,3891383.20132556,3891477.84342568,11583.3044330146,-3891365.96153808,11057.2487010483,-3891462.13435569
0.0006595,3903025.71959424,3903143.23272678,25006.1267045048,-3902945.61343626,24350.1443462178,-3903067.27659813
0.00066,3914717.54866714,3914844.81098584,38437.7610498715,-3914528.83810656,37722.3023504357,-3914663.06621759
0.0006605,3926458.36172039,3926582.69207025,51878.1874568722,-3926115.6274351,51173.9357571901,-3926249.21088368
0.000661,3938247.83371717,3938356.99020737,65327.3859737701,-3937705.97333267,64705.2573073998,-3937825.41664712
0.0006615,3950085.64142199,3950167.81998577,78785.336709144,-3949299.86773451,78316.4794330943,-3949391.38793565
0.000662,3961971.46341419,3962015.29635634,92252.0198317094,-3960897.30260017,92007.8142510771,-3960946.82754999
0.0006625,3973904.98010069,3973899.53463352,105727.415569976,-3972498.26991353,105779.473556536,-3972491.43665969
0.000663,3985885.87372786,3985820.65049644,119211.504212218,-3984102.76168258,119631.668816642,-3984024.91479911
0.0006635,3997913.82839267,3997778.75999013,132704.266105999,-3995710.76993951,133564.611164088,-3995546.9598633
0.000664,4009988.53005287,4009773.97952666,146205.68165812,-4007322.28674042,147578.511390602,-4007057.26810397
0.0006645,4022009.26029827,4021806.42588637,160650.583446245,-4018799.55707714,161673.57994044,-4018555.53412543
0.000665,4033985.9184056,4033876.21621902,175297.559841303,-4030175.32564135,175850.02690383,-4030041.45088055
0.0006655,4046015.87467984,4045983.46804506,189953.976647205,-4041554.3971246,190108.062010393,-4041514.70966673
0.000666,4058098.7766938,4058128.29925673,204619.812601843,-4052936.76408781,204447.894622517,-4052975.00012186
0.0006665,4070234.2738395,4070310.82811936,219295.046506736,-4064322.41911433,218869.733728701,-4064422.01022031
0.000667,4082422.01734718,4082531.1732725,233979.657227145,-4075711.35480972,233373.787936867,-4075855.42626892
0.0006675,4094661.6603036,4094789.45373118,248673.623691517,-4087103.56380168,247960.265467651,-4087274.93290301
0.000668,4106952.85766927,4107085.7888871,263376.924891484,-4098499.03873998,262629.374147622,-4098680.2130824
0.0006685,4119295.26629475,4119420.29850988,278089.539881473,-4109897.7722964,277381.321402513,-4110070.94808742
0.000669,4131688.54493604,4131793.10274822,292811.447778534,-4121299.75716467,292216.314250376,-4121446.8175149
0.0006695,4144132.35426886,4144204.32213122,307542.627762143,-4132704.98606023,307134.559294724,-4132807.4992743
0.00067,4156626.35690238,4156654.07756952,322283.059073872,-4144113.45172034,322136.262717651,-4144152.66958369
0.0006705,4169170.21739188,4169142.4903566,337032.721017247,-4155525.14690396,337221.630272867,-4155482.00296584
0.000671,4181763.60225053,4181669.68217,351791.592957485,-4166940.06439159,352390.867278773,-4166795.17224428
0.0006715,4194406.17996032,4194235.77507253,366559.654321237,-4178358.19698518,367644.178611418,-4178091.8485394
0.000672,4207121.67022578,4206840.89151356,381579.085453496,-4189781.63507692,382981.768697487,-4189371.70126452
0.0006725,4219658.25171687,4219485.15433028,397535.493209805,-4200890.53569844,398403.841507229,-4200634.39812202
0.000673,4232250.93777255,4232168.6867489,413501.896929621,-4212002.3957154,413910.600547328,-4211879.60509942
0.0006735,4244899.35630731,4244891.61238595,429478.274350208,-4223117.20853677,429502.24885379,-4223106.98646555
0.000674,4257603.1371584,4257654.05524956,445464.603274943,-4234234.96759098,445178.988984734,-4234316.20476666
0.0006745,4270361.91210653,4270456.13974067,461460.861572921,-4245355.66632603,460941.023013194,-4245506.92082257
0.000675,4283175.3148951,4283297.99065434,477467.027178956,-4256479.29820922,476788.552519875,-4256678.79372282
0.0006755,4296042.98124889,4296179.73318105,493483.078093004,-4267605.85672736,492721.778585844,-4267831.48082288
0.000676,4308964.54889112,4309101.49290792,509508.992380271,-4278735.3353864,508740.901785236,-4278964.6377403
0.0006765,4321939.65756007,4322063.39582003,525544.748170739,-4289867.7277115,524846.122177874,-4290077.91835093
0.000677,4334967.94902444,4335065.56830172,541590.32365899,-4301003.02724702,541037.63930188,-4301170.9747851
0.0006775,4348049.06709772,4348108.13713786,557645.697104032,-4312141.2275563,557315.652166264,-4312243.45742386
0.000678,4361182.65765193,4361191.22951512,573710.846828926,-4323282.32222171,573680.359243425,-4323295.01489523
0.0006785,4374368.36863006,4374314.97302335,589785.751220695,-4334426.30484454,590131.958461683,-4334325.2940704
0.000679,4387605.85005791,4387479.49565682,605870.388730023,-4345573.16904486,606670.647197713,-4345333.94006005
0.0006795,4400894.75405506,4400684.92581554,621964.737870968,-4356722.90846164,623296.62226898,-4356320.59621054
0.00068,4414179.96715848,4413931.39230658,638776.858494977,-4367716.66978463,640010.079926145,-4367284.90410031
0.0006805,4427361.95945154,4427219.0243454,656101.315949893,-4378477.47318716,656811.215845382,-4378226.50353605
0.000681,4440602.62173065,4440547.95155715,673436.307782026,-4389240.84364051,673700.225120726,-4389145.03254912
0.0006815,4453901.56318436,4453918.30397802,690781.810804956,-4400006.77549445,690677.302256345,-4400040.12739183
0.000682,4467258.39505523,4467330.21205653,708137.801900206,-4410775.26311547,707742.641158753,-4410911.42253375
0.0006825,4480672.73066039,4480783.80665493,725504.258017064,-4421546.30088646,724896.435129059,-4421758.55065812
0.000683,4494144.18541133,4494279.21905048,742881.156172329,-4432319.88320682,742138.876855117,-4432581.14265821
0.0006835,4507672.37683237,4507816.58093679,760268.473450056,-4443096.00449231,759470.158403641,-4443378.82763365
0.000684,4521256.9245782,4521396.02442525,777666.187001273,-4453874.659175,776890.471212341,-4454151.2328869
0.0006845,4534897.4504504,4535017.68204627,795074.274043795,-4464655.84170328,794400.006081917,-4464897.98391961
0.000685,4548593.57841283,4548681.68675072,812492.711861941,-4475439.54654174,811998.95316815,-4475618.70442905
0.0006855,4562344.93460613,4562388.17191124,829921.477806318,-4486225.76817106,829687.501973848,-4486313.01630459
0.000686,4576151.14736122,4576137.27132366,847360.549293569,-4497014.50108806,847465.841340779,-4496980.53962413
0.0006865,4590011.84721189,4589929.11920831,864809.90380611,-4507805.73980561,865334.159441626,-4507620.89265055
0.000687,4603926.66690641,4603763.85021141,882269.518891889,-4518599.47885252,883292.643771791,-4518233.69182826
0.0006875,4617895.24141826,4617641.59940648,899739.372164265,-4529395.71277349,901341.481141301,-4528818.55177962
0.000688,4631778.2415393,4631562.50229572,918422.008264706,-4539809.54375091,919480.857666561,-4539375.08530156
0.0006885,4645639.13584538,4645526.69481134,937161.48150484,-4550130.91438937,937710.958762114,-4549902.90336202
0.000689,4659561.38417093,4659534.313317,955912.029813367,-4560454.41640579,956031.969132385,-4560401.61509657
0.0006895,4673544.57607065,4673585.49460921,974673.629096557,-4570780.04516332,974444.072763324,-4570870.82780492
0.00069,4687588.30329162,4687680.3759187,993446.255330565,-4581107.79603865,992947.452914101,-4581310.14694756
0.0006905,4701692.15979419,4701819.09491188,1012229.88456109,-4591437.66442186,1011542.29210868,-4591719.17614236
0.000691,4715855.74177177,4716001.78969216,1031024.49290325,-4601769.64571624,1030228.77212739,-4602097.51716112
0.0006915,4730078.64766971,4730228.59880146,1049830.05654112,-4612103.73533855,1049007.07399849,-4612444.76992629
0.000692,4744360.47820275,4744499.66122157,1068646.55172771,-4622439.92871867,1067877.37798959,-4622760.53250757
0.0006925,4758700.83637162,4758815.11637559,1087473.95478457,-4632778.22129974,1086839.86359918,-4633044.40111861
0.000693,4773099.32747855,4773175.10412935,1106312.24210159,-4643118.60853805,1105894.70954804,-4643295.97011368
0.0006935,4787555.55914159,4787579.76479287,1125161.39013671,-4653461.08590296,1125042.09377054,-4653514.83198438
0.000694,4802069.14130816,4802029.23912177,1144021.37541584,-4663805.64887686,1144282.1934061,-4663700.57735637
0.0006945,4816639.68626759,4816523.6683187,1162892.17453232,-4674152.29295531,1163615.18479038,-4673852.79498611
0.000695,4831266.80866235,4831063.19403484,1181773.76414701,-4684501.01364663,1183041.24344662,-4683971.07175764
0.0006955,4845950.02589894,4845647.95837129,1201104.60867634,-4694739.54256531,1202560.54407684,-4694054.9926793
0.000696,4860460.46172434,4860278.10388057,1221291.75539463,-4704521.47919325,1222173.26055301,-4704104.14088062
0.0006965,4875035.49318028,4874953.77356806,1241490.54310874,-4714305.06979969,1241879.56590821,-4714118.09760904
0.000697,4889674.68691972,4889675.11089346,1261700.94676634,-4724090.31082518,1261679.63232776,-4724096.44222683
0.0006975,4904377.61191153,4904442.25977227,1281922.9413869,-4733877.19872041,1281573.63114026,-4734038.7522079
0.000698,4919143.83946302,4919255.36457729,1302156.50206148,-4743665.72994619,1301561.73280862,-4743944.60313468
0.0006985,4933972.94324131,4934114.57014003,1322401.60395243,-4753455.90097367,1321644.10692108,-4753813.56869502
0.000699,4948864.49929305,4949020.02175227,1342658.2222932,-4763247.70828387,1341820.92218215,-4763645.22067913
0.0006995,4963818.08606347,4963971.86516751,1362926.33238807,-4773041.14836799,1362092.34640351,-4773439.12897646
0.0007,4978833.28441396,4978970.24660245,1383205.90961182,-4782836.21772722,1382458.54649491,-4783194.86157272
0.0007005,4993909.67763867,4994015.31273854,1403496.9294096,-4792632.91287273,1402919.68845498,-4792911.98454681
0.000701,5009046.85148001,5009107.21072343,1423799.36729655,-4802431.23032571,1423475.93736207,-4802590.06206783
0.0007015,5024244.39414297,5024246.08817252,1444113.19885768,-4812231.16661721,1444127.45736495,-4812228.65639212
0.000702,5039501.89630848,5039432.09317041,1464438.39974752,-4822032.71828818,1464874.41167356,-4821827.32786026
0.0007025,5054818.95114572,5054665.37427251,1484774.94568993,-4831835.88188935,1485716.9625497,-4831385.63489415
0.000703,5070195.15432357,5069946.08050649,1505122.81247782,-4841640.65398136,1506655.27129764,-4840903.13399412
0.0007035,5085540.210111,5085274.36137383,1526429.50472059,-4851054.75085309,1527689.49825478,-4850379.37973599
0.000704,5100798.89439338,5100650.36685136,1548116.54529103,-4860193.87712475,1548819.8027821,-4859813.9247682
0.0007045,5116125.13442493,5116074.24739279,1569815.76649564,-4869334.12802575,1570046.34325481,-4869206.319809
0.000705,5131518.47512057,5131546.15393025,1591527.14241817,-4878475.50116324,1591369.27705272,-4878556.11364357
0.0007055,5146978.46386526,5147066.23787584,1613250.64721584,-4887617.99415119,1612788.76055078,-4887862.85312124
0.000706,5162504.65053679,5162634.6511232,1634986.25511912,-4896761.60461028,1634304.9491094,-4897126.0831527
0.0007065,5178096.58752712,5178251.54604903,1656733.94043137,-4905906.33016803,1655917.99706487,-4906345.34670724
0.000707,5193753.82976252,5193917.07551467,1678493.67752866,-4915052.16845856,1677628.05771964,-4915520.18481002
0.0007075,5209475.93472257,5209631.3928677,1700265.4408595,-4924199.11712275,1699435.28333263,-4924650.13653932
0.000708,5225262.46245777,5225394.65194344,1722049.20494461,-4933347.17380805,1721339.82510947,-4933734.7390239
0.0007085,5241112.97560626,5241207.00706661,1743844.94437658,-4942496.33616865,1743341.8331927,-4942773.52744028
0.000709,5257027.03940916,5257068.61305285,1765652.6338197,-4951646.60186535,1765441.45665192,-4951766.03501015
0.0007095,5273004.22172482,5272979.62521033,1787472.2480097,-4960797.96856544,1787638.84347392,-4960711.79299771
0.00071,5289044.09304221,5288940.19934136,1809303.76175343,-4969950.43394294,1809934.14055278,-4969610.33070707
0.0007105,5305146.22649289,5304950.49174393,1831147.14992866,-4979103.99567832,1832327.49367989,-4978461.17547973
0.000711,5321375.13900058,5321010.65921341,1853135.12607033,-4988278.61837105,1854819.04753397,-4987263.85269197
0.0007115,5337349.80564443,5337120.85904406,1876346.71335499,-4996661.48133877,1877408.945671,-4996017.88575238
0.000712,5353395.60597972,5353281.24903069,1899571.0431253,-5005044.89153122,1900097.33051418,-5004722.79609935
0.0007125,5369512.05951991,5369491.98747029,1922808.08855501,-5013428.84779641,1922884.3433438,-5013378.10319857
0.000713,5385698.68838685,5385753.23316361,1946057.82289307,-5021813.34898546,1945770.12428705,-5021983.32454064
0.0007135,5401955.01733519,5402065.14541684,1969320.21946343,-5030198.3939528,1968754.81230788,-5030537.97563859
0.000714,5418280.57377519,5418427.8840432,1992595.25166477,-5038583.98155599,1991838.5451967,-5039041.57002555
0.0007145,5434674.88779451,5434841.60936462,2015882.8929702,-5046970.11065594,2015021.45956013,-5047493.61925235
0.000715,5451137.49217818,5451306.48221333,2039183.11692707,-5055356.78011653,2038303.69081069,-5055893.63288516
0.0007155,5467667.92242786,5467822.66393357,2062495.89715665,-5063743.98880498,2061685.37315637,-5064241.11850321
0.000716,5484265.71677951,5484390.31638321,2085821.20735391,-5072131.73559162,2085166.63959035,-5072535.58169653
0.0007165,5500930.41621988,5501009.60193541,2109159.02128724,-5080520.01934996,2108747.62188045,-5080776.52606362
0.000717,5517661.56450188,5517680.6834803,2132509.31279818,-5088908.83895658,2132428.45055866,-5088963.45320927
0.0007175,5534458.70815881,5534403.72442665,2155872.05580121,-5097298.19329126,2156209.25491068,-5097095.86274234
0.000718,5551321.39651736,5551178.88870351,2179247.22428345,-5105688.08123688,2180090.16296527,-5105173.25227358
0.0007185,5568249.18170965,5568006.34076197,2202634.79230446,-5114078.50167946,2204071.30148371,-5113195.11741352
0.000719,5585210.81569638,5584886.24557677,2226688.34774017,-5122151.7800442,2228152.79594914,-5121160.95177028
0.0007195,5602010.2299354,5601818.76864803,2251469.77967191,-5129659.09661889,2252334.77055581,-5129070.24694755
0.00072,5618884.0432381,5618804.07600292,2276264.48260991,-5137166.32946262,2276617.34819844,-5136922.49254249
0.0007205,5635831.75104719,5635842.33419742,2301072.42892542,-5144673.47874973,2301000.65046139,-5144717.1761437
0.000721,5652852.85158526,5652933.71031795,2325893.59106634,-5152180.5446541,2325484.79760787,-5152453.78332923
0.0007215,5669946.84587939,5670078.37198317,2350727.94155692,-5159687.52734904,2350069.9085691,-5160131.7976646
0.000722,5687113.23778428,5687276.48734562,2375575.45299757,-5167194.42700743,2374756.10093338,-5167750.70070084
0.0007225,5704351.53400397,5704528.22509352,2400436.0980645,-5174701.24380165,2399543.49093519,-5175309.97197261
0.000723,5721661.24411228,5721833.75445241,2425309.84950953,-5182207.97790368,2424432.19344418,-5182809.08899628
0.0007235,5739041.88057166,5739193.24518699,2450196.6801598,-5189714.62948489,2449422.3219542,-5190247.52726808
0.000724,5756492.95875122,5756606.86760278,2475096.56291748,-5197221.19871634,2474513.9885722,-5197624.76026233
0.0007245,5774013.99694284,5774074.79254792,2500009.47075961,-5204727.6857684,2499707.30400715,-5204940.25942955
0.000725,5791604.51637679,5791597.19141486,2524935.37673774,-5212234.09081119,2525002.37755887,-5212193.4941948
0.0007255,5809264.04123548,5809174.23614223,2549874.25397769,-5219740.41401421,2550399.31710692,-5219383.93195589
0.000726,5826992.09866648,5826806.09921648,2574826.07567933,-5227246.65554663,2575898.22909928,-5226511.03808167
0.0007265,5844788.2187941,5844492.95367372,2599790.81511632,-5234752.81557698,2601499.21854117,-5233574.27591043
0.000727,5862518.79352039,5862234.97310148,2625957.69259283,-5241514.36143147,2627202.38898368,-5240573.1067482
0.0007275,5880185.83712981,5880032.33164049,2652337.12851758,-5248018.02930107,2653007.84251245,-5247506.98986718
0.000728,5897930.69700703,5897885.20398649,2678730.35371606,-5254520.92952136,2678915.6797363,-5254375.38250416
0.0007285,5915752.84335454,5915793.76539198,2705137.33979581,-5261023.06367305,2704925.99977576,-5261177.73985898
0.000729,5933651.74933566,5933758.19166805,2731558.05844223,-5267524.43333237,2731038.90025162,-5267913.51509306
0.0007295,5951626.89109957,5951778.65918617,2757992.48141841,-5274025.0400713,2757254.47727341,-5274582.15932785
0.00073,5969677.74780444,5969855.34488,2784440.58056475,-5280524.88545747,2783572.82542784,-5281183.12164348
0.0007305,5987803.80163932,5987988.42624725,2810902.32779879,-5287023.9710542,2809994.03776724,-5287715.84907733
0.000731,6006004.53784473,6006178.0813514,2837377.69511484,-5293522.29842061,2836518.20579784,-5294179.78662261
0.0007315,6024279.44473147,6024424.48882366,2863866.65458385,-5300019.86911151,2863145.41946819,-5300574.37722711
0.000732,6042628.01369843,6042727.82786468,2890369.17835303,-5306516.68467743,2889875.76715736,-5306899.06179182
0.0007325,6061049.73924907,6061088.27824648,2916885.23864567,-5313012.74666476,2916709.33566319,-5313153.27916973
0.000733,6079544.11900626,6079506.02031423,2943414.80776081,-5319508.05661558,2943646.21019054,-5319336.46616453
0.0007335,6098110.65372638,6097981.23498815,2969957.85807308,-5326002.61606781,2970686.47433938,-5325448.0575295
0.000734,6116748.84731165,6116514.10376536,2996514.36203232,-5332496.42655505,2997830.2100929,-5331487.48596627
0.0007345,6135498.02109896,6135104.8087217,3023415.42930112,-5338847.73230827,3025077.49780567,-5337454.18212372
0.000735,6153995.86646028,6153753.53251366,3051401.11146528,-5344213.35477529,3052428.41619151,-5343347.57459693
0.0007355,6172575.66371055,6172460.45838019,3079401.11697676,-5349577.46789351,3079883.04231163,-5349167.08992608
0.000736,6191236.85346017,6191225.77014464,3107415.41664397,-5354940.07473909,3107441.4515625,-5354912.15259544
0.0007365,6209978.87944501,6210049.65221663,3135443.98135455,-5360301.17837988,3135103.71766374,-5360582.18503242
0.000737,6228801.18855284,6228932.28959395,3163486.78207519,-5365660.78187512,3162869.91264605,-5366176.60760662
0.0007375,6247703.23084875,6247873.86786437,3191543.78985129,-5371018.88827619,3190740.10683891,-5371694.83862888
0.000738,6266684.45959807,6266874.57320772,3219614.97580671,-5376375.50062578,3218714.36885851,-5377136.29435048
0.0007385,6285744.33128877,6285934.59239762,3247700.31114354,-5381730.62195862,3246792.76559533,-5382500.38896226
0.000739,6304882.30565163,6305054.11280355,3275799.76714179,-5387084.25530108,3274975.36220196,-5387786.53459387
0.0007395,6324097.84567942,6324233.32239265,3303913.31515912,-5392436.40367148,3303262.2220807,-5392994.14131297
0.00074,6343390.41764435,6343472.40973172,3332040.92663066,-5397787.07007978,3331653.40687111,-5398122.61712455
0.0007405,6362759.49111453,6362771.56398916,3360182.57306863,-5403136.25752802,3360148.97643771,-5403171.36797026
0.000741,6382204.53896865,6382130.97493686,3388338.22606218,-5408483.96900997,3388748.98885738,-5408139.79772773
0.0007415,6401725.03740985,6401550.8329522,3416507.85727708,-5413830.20751151,3417453.50040693,-5413027.30821003
0.000742,6421320.46597771,6421031.32902,3444691.43845547,-5419174.97601026,3446262.56555049,-5417833.29916505
0.0007425,6440920.91605129,6440572.65473442,3473757.5231234,-5423879.69237617,3475176.23692691,-5422557.16827506
0.000743,6460375.22964453,6460175.002301,3503379.55715027,-5427962.76574796,3504194.56533718,-5427198.31115614
0.0007435,6479915.26587474,6479838.56453863,3533016.40333363,-5432043.53321032,3533317.59973169,-5431756.12135784
0.000744,6499540.43739838,6499563.53488146,3562668.03181026,-5436121.99941226,3562545.38719748,-5436229.99036269
0.0007445,6519250.16019878,6519350.10738098,3592334.41279716,-5440198.16899027,3591877.97294556,-5440619.30758594
0.000745,6539043.85361302,6539198.47670792,3622015.51659131,-5444272.04656839,3621315.40029803,-5444923.46037514
0.0007455,6558920.94035723,6559108.83815434,3651711.31356932,-5448343.63675846,3650857.71067524,-5449141.83400996
0.000746,6578880.84654978,6579081.38763556,3681421.77418728,-5452412.94415961,3680504.94358294,-5453273.81170193
0.0007465,6598923.00173367,6599116.32169219,3711146.86898041,-5456479.97335889,3710257.13659926,-5457318.77459422
0.000747,6619046.83889678,6619213.83749221,3740886.5685628,-5460544.72893097,3740114.32536184,-5461276.10176152
0.0007475,6639251.7944909,6639374.1328329,3770640.84362719,-5464607.21543836,3770076.54355472,-5465145.17020994
0.000748,6659537.30844917,6659597.40614293,3800409.66494467,-5468667.43743131,3800143.82289533,-5468925.35487696
0.0007485,6679902.82420219,6679883.8564844,3830193.00336444,-5472725.39944793,3830316.19312139,-5472616.02863137
0.000749,6700347.78869264,6700233.68355484,3859990.82981352,-5476781.10601417,3860593.68197771,-5476216.56227332
0.0007495,6720871.65238865,6720647.08768931,3889803.11529654,-5480834.56164393,3890976.31520309,-5479726.32453441
0.00075,6741473.86929586,6741124.26986244,3919629.83089539,-5484885.77083916,3921464.11651702,-5483144.68207777
0.0007505,6761967.82985519,6761665.43169046,3950877.05864427,-5487693.4498453,3952057.10760643,-5486470.99949824
0.000751,6782428.40705538,6782270.77543335,3982144.70148243,-5490342.30929977,3982755.30811241,-5489704.63932256
0.0007515,6802978.65345344,6802940.50399682,4013427.62489542,-5492988.0082765,4013558.73561682,-5492844.96200962
0.000752,6823617.95239248,6823674.82093448,4044725.79840335,-5495630.55307973,4044467.40562891,-5495891.32595074
0.0007525,6844345.69075505,6844473.93044988,4076039.19160738,-5498269.94999681,4075481.33157188,-5498843.08747004
0.000753,6865161.2589902,6865338.0373986,4107367.77418938,-5500906.20529841,4106600.52476939,-5501699.6008248
0.0007535,6886064.05113897,6886267.34729042,4138711.51591171,-5503539.32523865,4137824.99443209,-5504460.21820589
0.000754,6907053.46485778,6907262.06629134,4170070.38661691,-5506169.31605491,4169154.74764398,-5507124.28973825
0.0007545,6928128.90144069,6928322.40122578,4201444.3562275,-5508796.18396814,4200589.78934888,-5509691.16348139
0.000755,6949289.76583968,6949448.55957865,4232833.39474564,-5511419.93518278,4232130.12233672,-5512160.18543002
0.0007555,6970535.46668352,6970640.74949749,4264237.47225293,-5514040.57588686,4263775.74722992,-5514530.6995146
0.000756,6991865.41629508,6991899.17979465,4295656.55891008,-5516658.11225202,4295526.6624696,-5516802.04760202
0.0007565,7013279.03070729,7013224.05994935,4327090.62495675,-5519272.55043362,4327382.86430186,-5518973.56949633
0.000757,7034775.72967725,7034615.60010994,4358539.64071116,-5521883.89657059,4359344.34676394,-5521044.60293951
0.0007575,7056354.93669977,7056074.01109597,4390003.57656996,-5524492.15678601,4391411.10167036,-5523014.48361221
0.000758,7078023.24154115,7077599.50440039,4422012.31575132,-5526682.55711691,4423583.11859906,-5524882.5451347
0.0007585,7099448.03552251,7099192.29219173,4454911.25837906,-5527741.68074558,4455860.38487742,-5526648.11906769
0.000759,7120967.28053592,7120852.58731626,4487825.95689161,-5528796.72181144,4488242.88556833,-5528310.53491335
0.0007595,7142580.3254506,7142580.60330021,4520756.38017137,-5529847.68837749,4520730.60345615,-5529869.12011626
0.00076,7164286.52287058,7164376.55435191,4553702.49718261,-5530894.58848548,4553323.51903262,-5531323.2000645
0.0007605,7186085.22916373,7186240.65536403,4586664.27697123,-5531937.43015601,4586021.61048278,-5532672.09809074
0.000761,7207975.80448901,7208173.12191579,4619641.68866446,-5532976.22138866,4618824.85367088,-5533915.13547339
0.0007615,7229957.61282191,7230174.17027517,4652634.70147065,-5534010.97016193,4651733.22212612,-5535051.63143781
0.000762,7252030.02197819,7252244.01740109,4685643.28467895,-5535041.68443347,4684746.68702844,-5536080.90315757
0.0007625,7274192.40363579,7274382.88094571,4718667.40765904,-5536068.37214001,4717865.2171943,-5537002.26575573
0.000763,7296444.13335513,7296590.9792566,4751707.03986092,-5537091.04119741,4751088.7790623,-5537815.03230626
0.0007635,7318784.59059796,7318868.53137905,4784762.15081462,-5538109.69950091,4784417.3366789,-5538518.51383535
0.000764,7341213.15874429,7341215.75705827,4817832.71012989,-5539124.35492495,4817850.85168399,-5539112.01932299
0.0007645,7363729.22510823,7363632.87674163,4850918.68749606,-5540135.0153236,4851389.28329647,-5539594.85570437
0.000765,7386332.18095161,7386120.111581,4884020.0526816,-5541141.68853002,4885032.58829979,-5539966.32787153
0.0007655,7409021.42149724,7408677.68343496,4917136.77553406,-5542144.38235738,4918780.7210274,-5540225.73867495
0.000766,7431678.90518647,7431305.81487111,4951323.82838681,-5542043.2780918,4952633.63334822,-5540372.38892524
0.0007665,7454213.16177332,7454004.72916832,4985862.22865496,-5541342.04845959,4986591.27465208,-5540405.57739481
0.000767,7476846.22543081,7476774.65031908,5020416.80118581,-5540635.75964981,5020653.59183501,-5540324.60081973
0.0007675,7499577.41255785,7499615.80303176,5054987.51437235,-5539924.42155014,5054820.52928463,-5540128.75390151
0.000768,7522406.04352452,7522528.41273292,5089574.33668985,-5539208.04402238,5089092.0288654,-5539817.32930903
0.0007685,7545331.44270162,7545512.70556965,5124177.23669564,-5538486.63690289,5123468.02990386,-5539389.61768046
0.000769,7568352.93848773,7568568.90841187,5158796.18302882,-5537760.21000216,5157948.46917385,-5538844.90762524
0.0007695,7591469.86333516,7591697.24885469,5193431.14440999,-5537028.77310551,5192533.28088165,-5538182.48572619
0.00077,7614681.55377322,7614897.95522072,5228082.08964103,-5536292.33597258,5227222.39665114,-5537401.63654158
0.0007705,7637987.35043033,7638171.25656241,5262748.98760473,-5535550.90833776,5262015.74550882,-5536501.64260732
0.000771,7661386.59805431,7661517.38266444,5297431.8072647,-5534804.49991023,5296913.25386888,-5535481.78443915
0.0007715,7684878.64553073,7684936.56404608,5332130.51766491,-5534053.12037396,5331914.84551823,-5534341.34053499
0.000772,7708462.8458998,7708429.03196349,5366845.08792959,-5533296.77938782,5367020.44160141,-5533079.5873772
0.0007725,7732138.55637164,7731995.0184122,5401575.48726288,-5532535.48658567,5402229.96060554,-5531695.79943501
0.000773,7755905.13834015,7755634.75612941,5436321.68494861,-5531769.25157663,5437543.31834517,-5530189.24916701
0.0007735,7779860.40611295,7779348.47859642,5471276.77114677,-5530945.5278563,5472960.42794714,-5528559.20702357
0.000774,7803457.87566131,7803136.42004103,5507421.40614075,-5528314.77689206,5508481.19983538,-5526804.94144952
0.0007745,7827159.43374017,7826998.81543993,5543582.62917902,-5525677.91629701,5544105.54171569,-5524925.71888668
0.000775,7850964.35850821,7850935.90052115,5579760.40815568,-5523034.95789629,5579833.35856037,-5522920.80377664
0.0007755,7874871.93231329,7874947.91176643,5615954.71104767,-5520385.91348441,5615664.55259301,-5520789.4585634
0.000776,7898881.44172424,7899035.08641368,5652165.50591443,-5517730.7948256,5651599.02327304,-5518530.9436963
0.0007765,7922992.17756018,7923197.66245943,5688392.76089764,-5515069.61365377,5687636.66728041,-5516144.51763277
0.000777,7947203.43491808,7947435.87866129,5724636.44422104,-5512402.38167263,5723777.37850009,-5513629.43684133
0.0007775,7971514.51319828,7971749.9745403,5760896.52419007,-5509729.11055577,5760021.0480066,-5510984.95580456
0.000778,7995924.71612814,7996140.19038355,5797172.96919167,-5507049.81194672,5796367.5640485,-5508210.32702215
0.0007785,8020433.35178389,8020606.76724651,5833465.74769396,-5504364.49745915,5832816.81203282,-5505304.801014
0.000779,8045039.73261068,8045149.94695561,5869774.82824608,-5501673.17867693,5869368.67450951,-5502267.62632339
0.0007795,8069743.17544072,8069769.97211067,5906100.1794778,-5498975.86715421,5906023.03115572,-5499098.04952023
0.00078,8094543.00150992,8094467.08608739,5942441.77009936,-5496272.57441546,5942779.75876021,-5495795.31520434
0.0007805,8119438.53647269,8119241.53303988,5978799.56890115,-5493563.31195566,5979638.73120754,-5492358.66600885
0.000781,8144429.11041529,8144093.55790315,6015173.54475353,-5490848.0912403,6016599.81946239,-5488787.34260353
0.0007815,8169479.46275932,8169023.40639565,6052263.52185777,-5487303.61420215,6053662.89155377,-5485080.58369837
0.000782,8194300.29847695,8194031.32502179,6090003.62088937,-5482555.36033826,6090827.81255915,-5481237.62604709
0.0007825,8219230.03153737,8219117.56107443,6127760.65469319,-5477799.89321623,6128094.44458857,-5477257.70445073
0.000783,8244267.90412795,8244282.36263749,6165534.59082718,-5473037.22665466,6165462.64676878,-5473140.05176138
0.0007835,8269413.1628884,8269525.97858845,6203325.39693205,-5468267.37443678,6202932.27522729,-5468883.89888585
0.000784,8294665.0589425,8294848.65860093,6241133.04073106,-5463490.35031058,6240503.18307631,-5464488.47478957
0.0007845,8320022.84792791,8320250.65314727,6278957.49002974,-5458706.16798906,6278175.22039687,-5459953.00650035
0.000785,8345485.79002375,8345732.21350106,6316798.71271574,-5453914.84115045,6315948.23422258,-5455276.71911243
0.0007855,8371053.14997584,8371293.59173978,6354656.67675835,-5449116.38343786,6353822.06852364,-5450458.83579038
0.000786,8396724.19712061,8396935.04074734,6392531.35020844,-5444310.80845989,6391796.56419071,-5445498.57777324
0.0007865,8422498.20540661,8422656.81421673,6430422.70119808,-5439498.12979046,6429871.55901865,-5440395.16437864
0.000787,8448374.45341421,8448459.16665259,6468330.69794036,-5434678.36096896,6468046.8876904,-5435147.81300699
0.0007875,8474352.22437378,8474342.35337382,6506255.30872908,-5429851.51550055,6506322.38176061,-5429755.73914575
0.000788,8500430.80618155,8500306.63051624,6544196.50193851,-5425017.60685586,6544697.86963948,-5424218.15637377
0.0007885,8526609.4914144,8526352.25503523,6582154.24602316,-5420176.64847166,6583173.17657634,-5418534.27636572
0.000789,8552887.57734228,8552479.48470831,6620128.50951748,-5415328.65375037,6621748.1246433,-5412703.30889654
0.0007895,8579087.55161384,8578688.57813787,6659292.53459522,-5408749.0380808,6660422.53271889,-5406724.46184597
0.00079,8605195.59667555,8604979.79475374,6698589.81761302,-5401692.85617162,6699196.21647157,-5400596.94120318
0.0007905,8631417.57296579,8631353.39481594,6737904.33992545,-5394628.29348941,6738068.98834323,-5394319.95107149
0.000791,8657752.68494817,8657809.63941733,6777236.06884108,-5387555.36592682,6777040.6575328,-5387892.69367302
0.0007915,8684200.14181635,8684348.79048628,6816584.97175103,-5380474.08933647,6816111.02997952,-5381314.36935364
0.000792,8710759.15752593,8710971.11078935,6855951.01612883,-5373384.47953094,6855279.9083465,-5374584.17658775
0.0007925,8737428.95082414,8737676.86393405,6895334.16953001,-5366286.55228285,6894547.09200403,-5367701.31198329
0.000793,8764208.74527751,8764466.31437149,6934734.39959202,-5359180.323325,6933912.37701289,-5360664.9702868
0.0007935,8791097.76929737,8791339.72739912,6974151.67403381,-5352065.8083507,6973375.55610772,-5353474.34438846
0.000794,8818095.25616323,8818297.36916349,7013585.96065569,-5344943.0230136,7012936.41868023,-5346128.62532732
0.0007945,8845200.44404418,8845339.50666293,7053037.22733901,-5337811.98292796,7052594.75076246,-5338627.00229654
0.000795,8872412.57601846,8872466.40775036,7092505.44204592,-5330672.70366879,7092350.33500997,-5330968.66264869
0.0007955,8899730.90009102,8899678.34113595,7131990.57281911,-5323525.20077197,7132202.95068496,-5323152.79190116
0.000796,8927154.66920919,8926975.57639003,7171492.58778157,-5316369.48973428,7172152.37363945,-5315178.57374163
0.0007965,8954683.14127663,8954358.38394569,7211011.45513629,-5309205.58601351,7212198.37629829,-5307045.19003361
0.000797,8982380.21635001,8981827.03510171,7250913.50034534,-5301641.98730786,7252340.72764229,-5298751.82082204
0.0007975,9009722.62565322,9009381.80202526,7291699.88313345,-5292089.81457412,7292579.1931912,-5290297.64433899
0.000798,9037185.07589104,9037022.95775474,7332503.79536619,-5282528.01098566,7332913.53498668,-5281681.83700945
0.0007985,9064766.72697763,9064750.77620255,7373325.20411411,-5272956.59463421,7373343.5115752,-5272903.57345711
0.000799,9092466.74381563,9092565.53215799,7414164.07653023,-5263375.5835663,7413868.87799107,-5263962.02651034
0.0007995,9120284.29633049,9120467.50128996,7455020.37984969,-5253784.99578336,7454489.3857392,-5254856.36720813
0.0008,9148218.55950239,9148456.96014991,7495894.08138949,-5244184.84924149,7495204.78277799,-5245585.76480618
0.0008005,9176268.71339667,9176534.18617464,7536785.1485484,-5234575.16185247,7536014.81350211,-5236149.38678305
0.000801,9204433.94319063,9204699.45768912,7577693.5488065,-5224955.95148285,7576919.21872529,-5226546.39884635
0.0008015,9232713.43919942,9232953.05390945,7618619.24972507,-5215327.23595483,7617917.73566306,-5216775.96493906
0.000802,9261106.39689917,9261295.25494559,7659562.21894628,-5205689.03304621,7659010.09791541,-5206837.24724591
0.0008025,9289612.01694796,9289726.3418044,7700522.42419287,-5196041.36049039,7700196.03544953,-5196729.40619982
0.000803,9318229.50520513,9318246.59639239,7741499.83326808,-5186384.23597652,7741475.27458234,-5186451.6004884
0.0008035,9346958.07274849,9346856.30151871,7782494.41405524,-5176717.67714999,7782847.53796316,-5176002.98706065
0.000804,9375796.93588929,9375555.74089806,7823506.13451756,-5167041.70161197,7824312.54455633,-5165382.72113354
0.0008045,9404745.31618595,9404345.19915351,7864534.96269794,-5157356.32692014,7865870.00962358,-5154589.95619885
0.000805,9433715.10434812,9433224.96181957,7906381.16695885,-5146272.19575143,7907519.64470669,-5143623.84402997
0.0008055,9462477.08590419,9462195.31534502,7948610.14053747,-5134011.04741767,7949261.15760984,-5132483.53468889
0.000806,9491364.66671238,9491256.54709588,7990856.84818189,-5121738.96917647,7991094.25238213,-5121168.17653314
0.0008065,9520376.96489047,9520408.94535844,8033121.25690873,-5109455.98135635,8033018.62929993,-5109676.9162229
0.000807,9549513.10385319,9549652.79934209,8075403.33381633,-5097162.10423524,8075033.98484924,-5098008.89872821
0.0008075,9578772.21234713,9578988.39918245,8117703.04608453,-5084857.35804099,8117140.01170808,-5086163.26733616
0.000808,9608153.42448296,9608416.03594421,8160020.36097446,-5072541.76295138,8159336.39872872,-5074139.16365826
0.0008085,9637655.87976496,9637936.00162424,8202355.24582815,-5060215.33909415,8201622.83091999,-5061935.72763786
0.000809,9667278.72311891,9667548.58915452,8244707.66806846,-5047878.10654742,8243998.98942954,-5049552.09755761
0.0008095,9697021.10491691,9697254.0924052,8287077.59519865,-5035530.08533962,8286464.55152598,-5036987.41004708
0.00081,9726882.18100059,9727052.8061876,8329464.99480228,-5023171.29544975,8329019.19058114,-5024240.80009041
0.0008105,9756861.11270182,9756945.02625725,8371869.83454285,-5010801.75680744,8371662.57605215,-5011311.40103407
0.000811,9786957.06686161,9786931.04931692,8414292.08216368,-4998421.48929339,8414394.37346353,-4998198.34459467
0.0008115,9817169.21584643,9817011.17301971,8456731.70548751,-4986030.51273909,8457214.24438938,-4984900.76086688
0.000812,9847496.73756314,9847185.69597208,8499188.67241632,-4973628.84692724,8500121.84643531,-4971417.77833148
0.0008125,9877938.81547173,9877454.91773694,8541662.95093124,-4961216.51159186,8543116.83322055,-4957748.52386335
0.000813,9908244.92482,9907819.1388367,8585325.36830431,-4946261.80166111,8586198.85435987,-4943892.12273976
0.0008135,9938500.65915489,9938278.66075642,8628918.84067635,-4931080.50968982,8629367.55544554,-4929847.69864853
0.000814,9968887.81169243,9968833.78594687,8672530.19336735,-4915886.92376479,8672622.57802937,-4915614.37369644
0.0008145,9999405.45671669,9999484.81782765,8716159.39344851,-4900681.06652687,8715963.55960444,-4901191.26841763
0.000815,10030052.6741346,10030232.0607903,8759806.40807188,-4885462.96056136,8759390.13358711,-4886577.50178212
0.0008155,10060828.5495105,10061075.8202016,8803471.20447004,-4870232.62839792,8802901.92929875,-4871772.19120444
0.000816,10091732.1740989,10092016.4024062,8847153.74995595,-4854990.09251132,8846498.57194764,-4856774.45255231
0.0008165,10122762.6448739,10123054.1147306,8890854.01192256,-4839735.37532112,8890179.68261069,-4841583.40015541
0.000817,10153919.0645565,10154189.2654855,8934571.95784269,-4824468.49919195,8933944.87821523,-4826198.14681427
0.0008175,10185200.5416399,10185422.1639695,8978307.55526869,-4809189.48643385,8977793.77152069,-4810617.80380924
0.000818,10216606.1904116,10216753.1204721,9022060.77183229,-4793898.35930226,9021725.97110035,-4794841.4809095
0.0008185,10248135.1309743,10248182.4462768,9065831.57524429,-4778595.13999812,9065741.0813229,-4778868.28638227
0.000819,10279786.4892641,10279710.4536645,9109619.93329435,-4763279.85066839,9109838.70233424,-4762697.32700195
0.0008195,10311559.3970663,10311337.4559165,9153425.81385072,-4747952.51340591,9154018.43003896,-4746327.70805952
0.00082,10343452.9920294,10343063.767318,9197249.18486009,-4732613.15024936,9198279.85608193,-4729758.53337192
0.0008205,10375486.7812133,10374889.7031612,9241563.35430537,-4716379.19547321,9242622.56782996,-4712988.90529152
0.000821,10407175.8605141,10406815.5797484,9286409.85901155,-4698074.21419878,9287046.14835315,-4696017.92471582
0.0008215,10439003.4275638,10438841.7143953,9331274.35889333,-4679755.48503848,9331550.17640657,-4678844.691097
0.000822,10470968.5047481,10470968.4254347,9376156.82111289,-4661423.03307948,9376134.22641164,-4661468.30245179
0.0008225,10503070.1203815,10503196.0322191,9421057.21291219,-4643076.88334846,9420797.86843754,-4643887.85537134
0.000823,10535307.3087445,10535524.8551244,9465975.50161272,-4624717.0608107,9465540.66818273,-4626102.44503114
0.0008235,10567679.1101194,10567955.2155533,9510911.65461541,-4606343.5903714,9510362.18695628,-4608111.16520113
0.000824,10600184.5708218,10600487.435938,9555865.63940032,-4587956.49687487,9555261.9816592,-4589913.10825582
0.0008245,10632822.7432303,10633121.8397445,9600837.42352632,-4569555.80510544,9600239.6047659,-4571507.36518455
0.000825,10665592.6858143,10665858.751475,9645826.97463101,-4551141.53978714,9645294.60430539,-4552893.02560183
0.0008255,10698493.4631578,10698698.4966717,9690834.26043032,-4532713.7255842,9690426.52384264,-4534069.17775778
0.000826,10731524.1459823,10731641.4019201,9735859.24871844,-4514272.38710133,9735634.90245977,-4515034.90854868
0.0008265,10764683.8111664,10764687.7948523,9780901.90736738,-4495817.54888313,9780919.27473741,-4495789.30352758
0.000827,10797971.5417637,10797838.0041505,9825962.20432699,-4477349.23541565,9826279.1707358,-4476331.44691503
0.0008275,10831386.4270178,10831092.3595501,9871040.10762439,-4458867.47112498,9871714.11597603,-4456660.42160991
0.000828,10864927.5623761,10864451.1918435,9916135.5853641,-4440372.28037867,9917223.63142124,-4436775.30920033
0.0008285,10898440.7628128,10897914.8328832,9962026.09892904,-4419733.8228445,9962807.23345769,-4416675.1899747
0.000829,10931777.4334753,10931483.6155852,10008033.6723545,-4398070.01627515,10008464.4338759,-4396359.1429328
0.0008295,10965259.0183066,10965157.8739328,10054059.2523284,-4376390.96622125,10054194.7398519,-4375826.24579698
0.00083,10998884.4911206,10998937.9429796,10100102.8063089,-4354696.70023142,10099997.653928,-4355075.57502355
0.0008305,11032652.8320225,11032824.1588532,10146164.3018322,-4332987.24578779,10145872.673994,-4334106.2058141
0.000831,11066563.0274457,11066816.8587585,10192243.706513,-4311262.63030628,10191819.2932685,-4312917.21212707
0.0008315,11100614.0701878,11100916.3809814,10238340.9880436,-4289522.88113699,10237837.0002793,-4291507.66668937
0.000832,11134804.9594421,11135123.064892,10284456.1141943,-4267768.0255642,10283925.2788448,-4269876.64100805
0.0008325,11169134.7008272,11169437.2509484,10330589.0528125,-4245998.09080661,10330083.6080551,-4248023.20538211
0.000833,11203602.306414,11203859.2807,10376739.7718229,-4224213.10401764,10376311.4622525,-4225946.4289145
0.0008335,11238206.79475,11238389.496791,10422908.2392273,-4202413.09228553,10422608.3110126,-4203645.37952401
0.000834,11272947.1908809,11273028.2429641,10469094.4231041,-4180598.0826336,10468973.6191254,-4181119.12395753
0.0008345,11307822.5263699,11307775.864064,10515298.2916082,-4158768.1020202,10515406.846576,-4158366.72780213
0.000835,11342831.8393152,11342632.7060407,10561519.8129708,-4136923.17733947,10561907.4485253,-4135387.25549744
0.0008355,11377974.1743643,11377599.1159534,10607758.9554992,-4115063.33542104,10608474.8752912,-4112179.77034814
0.000836,11413397.6447636,11412675.441974,10654247.6208636,-4093000.5412678,10655108.572329,-4088743.3345364
0.0008365,11448315.3855285,11447862.0333903,10701270.8206547,-4067766.95369014,10701807.9802127,-4065077.00913455
0.000837,11483385.8524731,11483159.2406104,10748311.9937154,-4042516.53336545,10748572.5346154,-4041179.85411783
0.0008375,11518607.9618394,11518567.4151655,10795371.1078546,-4017249.31044199,10795401.6662899,-4017050.92837718
0.000838,11553980.6365016,11554086.9097139,10842448.1309584,-3991965.31499595,10842294.8010501,-3992689.28973227
0.0008385,11589502.8060072,11589718.0780447,10889543.0309893,-3966664.57703192,10889251.3597511,-3968093.99494449
0.000839,11625173.406614,11625461.2750812,10936655.7759861,-3941347.12648291,10936270.75827,-3943264.09973015
0.0008395,11660991.3813261,11661316.8568848,10983786.3340639,-3916012.99321057,10983352.4074869,-3918198.65877369
0.00084,11696955.6799252,11697285.1806585,11030934.6734134,-3890662.20700539,11030495.7132654,-3892896.7257411
0.0008405,11733065.2590003,11733366.6047507,11078100.7623015,-3865294.79758718,11077700.0764331,-3867357.35329342
0.000841,11769319.0819737,11769561.4886588,11125284.56907,-3839910.79460485,11124964.8927624,-3841579.59310026
0.0008415,11805716.1191256,11805870.1930329,11172486.0621365,-3814510.22763709,11172289.552951,-3815562.49585355
0.000842,11842255.3476144,11842293.0796796,11219705.2099932,-3789093.12619198,11219673.4426027,-3789305.11128132
0.0008425,11878935.7514963,11878830.5115656,11266941.9812072,-3763659.51970791,11267115.9422077,-3762806.48816161
0.000843,11915756.3217408,11915482.8528218,11314196.3444203,-3738209.43755319,11314616.4271236,-3736065.6743365
0.0008435,11952716.0562451,11952250.4687464,11361468.2683485,-3712742.90902673,11362174.2675553,-3709081.71672626
0.000844,11989777.3549301,11989133.7258093,11409217.2834836,-3685718.65435403,11409788.8285362,-3681853.66134356
0.0008445,12026512.534023,12026132.9916556,11457128.0269463,-3656668.03322018,11457459.4699083,-3654380.55330782
0.000845,12063407.5375157,12063248.6351092,11505056.5941897,-3627598.9553261,11505185.546303,-3626661.4368597
0.0008455,12100461.2278244,12100481.0261771,11553002.9535924,-3598511.45341601,11552966.4071211,-3598695.35537566
0.000846,12137672.4744005,12137830.5360527,11600967.0736083,-3569405.56015668,11600801.3965141,-3570481.35138264
0.0008465,12175040.1537712,12175297.5371201,11648948.9227652,-3540281.30813739,11648689.8533637,-3542018.46657286
0.000847,12212563.1495775,12212882.4029573,11696948.4696658,-3511138.72987087,11696631.1112631,-3513305.74181873
0.0008475,12250240.3526092,12250585.5083409,11744965.6829866,-3481977.85779285,11744624.498497,-3484342.21718788
0.000848,12288070.6608367,12288407.2292492,11793000.5314781,-3452798.72426283,11792669.3380219,-3455126.93195827
0.0008485,12326052.9794396,12326347.9428665,11841052.9839644,-3423601.36156374,11840764.9474469,-3425658.92463349
0.000849,12364186.2208334,12364408.0275867,11889123.0093429,-3394385.80190264,11888910.639014,-3395937.23295806
0.0008495,12402469.3046918,12402587.8630177,11937210.5765845,-3365152.0774107,11937105.7195782,-3365960.89393298
0.00085,12440901.1579683,12440887.8299846,11985315.6547328,-3335900.2201435,11985349.4905883,-3335728.94383122
0.0008505,12479480.7149137,12479308.3105343,12033438.2129046,-3306630.26208126,12033641.248067,-3305240.41821353
0.000851,12518206.9170916,12517849.6879392,12081578.2202889,-3277342.23512902,12081980.2825913,-3274494.35194422
0.0008515,12557078.713391,12556512.3467007,12129735.6461472,-3248036.17111683,12130365.8792728,-3243489.77920709
0.000852,12595859.9773979,12595296.6725539,12178473.7578121,-3215659.41923236,12178797.3177383,-3212225.73352151
0.0008525,12634507.7759829,12634203.0524713,12227106.0311573,-3182556.33794737,12227273.8721099,-3180701.24775858
0.000853,12673322.8309429,12673231.8746664,12275755.8883591,-3149433.11513585,12275794.8109852,-3148915.3541574
0.0008535,12712303.9482431,12712383.5285984,12324423.2985146,-3116289.78619581,12324359.3974181,-3116867.08434151
0.000854,12751449.9413085,12751658.4049756,12373108.230793,-3083126.38644255,12372966.8888985,-3084555.46933542
0.0008545,12790759.6310645,12791056.8957599,12421810.6544357,-3049942.95110859,12421616.537333,-3051979.53958122
0.000855,12830231.8459758,12830579.3941703,12470530.5387562,-3016739.51534412,12470307.589025,-3019138.32495537
0.0008555,12869865.4220798,12870226.2946877,12519267.8531395,-2983516.11421701,12519039.2846552,-2986030.85478554
0.000856,12909659.2030195,12909997.9930582,12568022.5670424,-2950272.78271338,12567810.8592616,-2952656.15786771
0.0008565,12949612.040071,12949894.8862977,12616794.6499928,-2917009.55573749,12616621.5422199,-2919013.26248318
0.000857,12989722.7921692,12989917.3726958,12665584.0715898,-2883726.46811225,12665470.5572238,-2885101.19641586
0.0008575,13029990.325931,13030065.8518199,12714390.8015034,-2850423.55457938,12714357.1222653,-2850918.98696968
0.000858,13070413.5156746,13070340.7245194,12763214.8094744,-2817100.84979959,12763280.4496147,-2816465.66098598
0.0008585,13110991.2434366,13110742.3929297,12812056.0653139,-2783758.38835261,12812239.7458011,-2781740.24486118
0.000859,13151722.3989869,13151271.2604766,12860914.5389034,-2750396.20473806,12861234.2115924,-2746741.76456453
0.0008595,13192709.3362143,13191927.7318802,12910054.5546689,-2716260.48554066,12910263.041976,-2711469.24565588
0.00086,13233193.6471754,13232712.2131591,12959203.9997278,-2678888.91092623,12959325.4261385,-2675921.71330375
0.0008605,13273854.2571744,13273625.1116349,13008370.7213175,-2641495.41310908,13008420.5474462,-2640098.19230332
0.000861,13314689.9051091,13314666.8359358,13057554.6893396,-2604080.03028317,13057547.5834252,-2603997.70709478
0.0008615,13355699.3377404,13355837.7960015,13106755.8737655,-2566642.80055354,13106705.7057418,-2567619.28178158
0.000862,13396881.3097369,13397138.403087,13155974.2446363,-2529183.7619367,13155894.0801827,-2530961.94014891
0.0008625,13438234.583716,13438569.0697669,13205209.7720625,-2491702.95236134,13205111.8666349,-2494024.70568235
0.000863,13479757.9302817,13480130.2099398,13254462.4262238,-2454200.4096679,13254358.2190663,-2456806.60158653
0.0008635,13521450.1280592,13521822.2388324,13303732.1773692,-2416676.17160938,13303632.285506,-2419306.65080403
0.000864,13563309.9637258,13563645.5730039,13353018.9958163,-2379130.27585139,13352933.2080239,-2381523.87603431
0.0008645,13605336.2320391,13605600.6303503,13402322.8519517,-2341562.7599723,13402260.1227115,-2343457.29975282
0.000865,13647527.7358616,13647687.8301086,13451643.7162301,-2303973.66146368,13451612.1596621,-2305105.94423028
0.0008655,13689883.286183,13689907.5928613,13500981.5591748,-2266363.01773046,13500988.4429506,-2266468.83155191
0.000866,13732401.702139,13732260.3405406,13550336.3513768,-2228730.86609105,13550388.0906141,-2227544.98363706
0.0008665,13775081.8110277,13774746.4964326,13599708.0634955,-2191077.243778,13599810.2146319,-2188333.42225874
0.000867,13817922.4483225,13817366.4851821,13649096.6662574,-2153402.18793766,13649253.920906,-2148833.16906334
0.0008675,13860813.5351365,13860120.7327968,13698758.2659369,-2113332.39866527,13698718.3092409,-2109043.24559057
0.000868,13903407.9143809,13903009.6666514,13748233.2683044,-2071432.74907952,13748202.4733243,-2068962.6732934
0.0008685,13946186.8029564,13946033.7154925,13797725.1039621,-2029509.37382653,13797705.500707,-2028590.47355817
0.000869,13989148.8771974,13989193.3094424,13847233.7438536,-1987562.31385991,13847226.4727832,-1987925.66772497
0.0008695,14032292.8217739,14032488.8800044,13896759.1589893,-1945591.61003861,13896764.4647709,-1946967.27710786
0.00087,14075617.329736,14075920.8600664,13946301.3204465,-1903597.30312795,13946318.5456918,-1905714.32301554
0.0008705,14119121.1025554,14119489.683906,13995860.1993689,-1861579.43379973,13995887.778352,-1864165.82677188
0.000871,14162802.8501621,14163195.7871945,14045435.7669662,-1819538.04263188,14045471.219322,-1822320.80973677
0.0008715,14206661.2909792,14207039.6070017,14095027.9945145,-1777473.17010975,14095067.9189169,-1780178.29332709
0.000872,14250695.1519534,14251021.5818004,14144636.8533555,-1735384.85662544,14144676.9211769,-1737737.29903759
0.0008725,14294903.1685821,14295142.1514707,14194262.3148968,-1693273.14247857,14194297.2638471,-1694996.84846227
0.000873,14339284.084938,14339401.7573049,14243904.3506113,-1651138.06787664,14243927.9783585,-1651955.96331555
0.0008735,14383836.6536899,14383800.8420117,14293562.9320375,-1608979.67293462,14293568.0898078,-1608613.66545375
0.000874,14428559.636121,14428339.8497211,14343238.0307788,-1566797.99767628,14343216.6169377,-1564968.97689678
0.0008745,14473451.8021439,14473019.2259884,14392929.6185036,-1524593.08203329,14392872.5721174,-1521020.9198497
0.000875,14518511.9303126,14517839.4177997,14442637.6669451,-1482364.96584657,14442534.9613228,-1476768.51672465
0.0008755,14563402.9675275,14562800.8735758,14492436.6428108,-1435961.75043244,14492202.7841168,-1432210.7901629
0.000876,14608218.0493177,14607904.043177,14542004.5402871,-1389294.25489373,14541875.0336297,-1387346.76305682
0.0008765,14653226.2373279,14653149.3779079,14591588.7153972,-1342601.17794004,14591550.6965398,-1342175.45857233
0.000877,14698426.1422771,14698537.330522,14641189.1403002,-1295882.56332522,14641228.753053,-1296695.90017115
0.0008775,14743816.3837181,14744068.3552261,14690805.7872186,-1249138.4547034,14690908.1768842,-1250907.11163339
0.000878,14789395.5900819,14789742.9076854,14740438.6284383,-1202368.89562915,14740587.9352368,-1204808.11708023
0.0008785,14835162.3987187,14835561.4450282,14790087.6363084,-1155573.92955823,14790266.9887836,-1158397.94099674
0.000879,14881115.455935,14881524.42585,14839752.7832405,-1108753.59984709,14839944.2916469,-1111675.60825479
0.0008795,14927253.4170275,14927632.3102191,14889434.0417092,-1061907.94975384,14889618.7913792,-1064640.1441362
0.00088,14973574.9463133,14973885.5596809,14939131.3842519,-1015037.02243823,14939289.4289436,-1017290.57435588
0.0008805,15020078.7171559,15020284.6372623,14988844.783468,-968140.860961976,14988955.138694,-969625.925085311
0.000881,15066763.4119894,15066830.0074774,15038574.2120192,-921219.508289105,15038614.8483558,-921645.222975924
0.0008815,15113627.722338,15113522.1363315,15088319.6426294,-874273.007285923,15088267.4790063,-873347.495182868
0.000882,15160670.3488334,15160361.4913262,15138081.048084,-827301.400721783,15137911.9450552,-824731.769388743
0.0008825,15207890.0012285,15207348.5414643,15187858.4012304,-780304.731269026,15187547.1542253,-775797.073827493
0.000883,15255328.6572305,15254483.7572547,15237766.4920995,-731795.580998102,15237172.0075326,-726542.437308572
0.0008835,15302277.3288821,15301767.6107168,15287154.3763416,-680148.89834417,15286785.3992673,-676966.88924105
0.000884,15349429.5759974,15349200.575386,15336557.8889957,-628474.682057302,15336386.2169741,-627069.459658068
0.0008845,15396783.9311693,15396783.1263182,15385977.0035576,-576772.97883069,15385973.3414329,-576849.179241283
0.000885,15444338.9363014,15444515.7400947,15435411.6935836,-525043.835252645,15435545.6466394,-526305.079345489
0.0008855,15492093.1426557,15492398.8948274,15484861.9326894,-473287.297805892,15485101.9997856,-475436.192023489
0.000886,15540045.1108978,15540433.0701636,15534327.6945506,-421503.41286836,15534641.2612407,-424241.550050909
0.0008865,15588193.4111374,15588618.7472906,15583808.9529016,-369692.226713148,15584162.2845317,-372720.18695137
0.000887,15636536.6229652,15636956.4089414,15633305.6815367,-317853.785509382,15633663.9163236,-320871.13702168
0.0008875,15685073.3354855,15685446.539399,15682817.8543088,-265988.135321784,15683144.9964011,-268693.435357149
0.000888,15733802.1473466,15734089.6245019,15732345.4451299,-214095.322111497,15732604.3576483,-216186.117877178
0.0008885,15782721.6667657,15782886.1516487,15781888.4279706,-162175.39173629,15782040.8260303,-163348.221350831
0.000889,15831830.5115518,15831836.6098035,15831446.77686,-110228.389950406,15831453.2205732,-110178.783422722
0.0008895,15881127.3091249,15880941.4895007,15881020.4658861,-58254.3624058028,15880840.3533457,-56676.84263892
0.00089,15930610.6965308,15930201.2828503,15930609.4691941,-6253.35465125895,15930201.0294394,-2841.43847302351
0.0008905,15980279.3204556,15979616.4835427,15980213.7609885,45774.5878663668,15979534.0469498,51328.3886475754
0.000891,16029932.0974832,16029187.586854,16029612.6544381,101198.807315939,16028838.1969572,105833.59731527
0.0008915,16079331.0348185,16078915.0896511,16078553.8863654,158086.84486486,16078112.2635075,160675.145115729
0.000892,16128943.0463548,16128799.4903968,16127509.9415059,215004.370154895,16127355.0235935,215853.988601199
0.0008925,16178766.5919603,16178841.2891549,16176480.7949464,271951.333626837,16176565.2471355,271371.083263697
0.000893,16228800.141367,16229040.9875955,16225466.4218298,328927.685832363,16225741.6969622,327227.383507993
0.0008935,16279042.1742195,16279399.0890002,16274466.7973547,385933.377434033,16274883.1287923,383423.842624461
0.000894,16329491.1801194,16329916.098267,16323481.896775,442968.359204598,16323988.2912149,439961.412761808
0.0008945,16380145.6586654,16380592.5219159,16372511.6953999,500032.58202688,16373055.925671,496841.04489964
0.000895,16431004.1194901,16431428.8680938,16421556.168594,557125.996893674,16422084.7664344,554063.688820879
0.0008955,16482065.082292,16482425.6465802,16470615.2917766,614248.554907001,16471073.5405931,611630.293084029
0.000896,16533327.0768645,16533583.3687919,16519689.0404223,671400.207278111,16520020.9680302,669541.80499524
0.0008965,16584788.6431201,16584902.5477887,16568777.3900599,728580.905327159,16568925.7614051,727799.170580296
0.000897,16636448.3311128,16636383.6982787,16617880.3162732,785790.600482736,16617786.626135,786403.334556412
0.0008975,16688304.7010549,16688027.3366233,16666997.7947001,843029.244281753,16666602.2603762,845355.240303902
0.000898,16740356.3233324,16739833.9808428,16716129.8010331,900296.788368805,16715371.3550049,904655.829837685
0.0008985,16792827.25093,16791804.1506218,16765479.4859321,957989.919763459,16764092.5935993,964306.043778549
0.000899,16844580.4179665,16843938.3673144,16813650.2731424,1020320.51327049,16812764.6524203,1024306.82132441
0.0008995,16896558.2326122,16896237.1539496,16861834.9655122,1082682.64227612,16861386.2003933,1084659.10022138
0.0009,16948759.0680669,16948701.0352369,16910033.5398662,1145076.25422153,16909955.8990897,1145363.81673453
0.0009005,17001181.3079254,17001330.5375716,16958245.9730807,1207501.2966639,16958472.402708,1206421.90561876
0.000901,17053823.3462299,17054126.18904,17006472.2420831,1269957.71727753,17006934.3580558,1267834.30008921
0.0009015,17106683.587519,17107088.5194255,17054712.3238521,1332445.46385231,17055340.4045312,1329601.93179183
0.000902,17159760.4468723,17160218.0602132,17102966.1954177,1394964.48429406,17103689.1741043,1391725.73077352
0.0009025,17213052.3499488,17213515.3445963,17151233.8338603,1457514.72662416,17151979.2912988,1454206.62545228
0.000903,17266557.7330245,17266980.907481,17199515.2163114,1520096.13897893,17200209.3731742,1517045.54258717
0.0009035,17320275.0430223,17320615.2854922,17247810.3199532,1582708.66960956,17248378.0293068,1580243.40724803
0.000904,17374202.7375409,17374419.0169791,17296119.1220181,1645352.26688185,17296483.8617721,1643801.1427852
0.0009045,17428339.2848779,17428392.6420208,17344441.599789,1708026.87927555,17344525.4651262,1707719.67079892
0.000905,17482683.1640503,17482536.7024318,17392777.7305989,1770732.45538438,17392501.4263879,1771999.91110863
0.0009055,17537232.8648113,17536851.7417675,17441127.4918313,1833468.94391568,17440410.3250205,1836642.7817222
0.000906,17591986.8876619,17591338.3053302,17489490.8609188,1896236.29368996,17488250.7329139,1901649.19880489
0.0009065,17646909.0551326,17645996.9401743,17537567.1938627,1961411.76729232,17536021.2143663,1967020.07664812
0.000907,17701365.9950945,17700828.1951122,17584644.5666467,2029441.68602808,17583720.3260665,2032756.32763822
0.0009075,17756058.0790348,17755832.6207199,17631734.7572599,2097505.17417494,17631346.6170761,2098858.86222491
0.000908,17810983.5995438,17811010.7693428,17678837.7445273,2165602.17627708,17678898.6288112,2165328.58888968
0.0009085,17866140.8602223,17866363.1951014,17725953.507321,2233732.63700023,17726374.8950251,2232166.41411398
0.000909,17921528.1757337,17921890.4538968,17773082.0245587,2301896.50113247,17773773.94179,2299373.24234718
0.0009095,17977143.871854,17977593.1034167,17820223.2752054,2370093.71358274,17821094.2874799,2366949.97597453
0.00091,18032986.2855143,18033471.7031411,17867377.2382721,2438324.21938132,17868334.4427523,2434897.5152848
0.0009105,18089053.7648401,18089526.814348,17914543.8928155,2506587.96367917,17915492.9105312,2503216.75843787
0.000911,18145344.6691868,18145759.0001196,17961723.2179386,2574884.89174785,17962568.1859889,2571908.60143213
0.0009115,18201857.3691704,18202168.8253474,18008915.1927904,2643214.94897868,18009558.7565292,2640973.93807159
0.000912,18258590.2466931,18258756.8567388,18056119.7965651,2711578.08088303,18056463.1017692,2710413.65993305
0.0009125,18315541.6949675,18315523.6628223,18103337.0085031,2779974.23309142,18103279.6935226,2780228.65633291
0.000913,18372710.1185339,18372469.813954,18150566.8078899,2848403.35135382,18150006.9957819,2850419.81429397
0.0009135,18430093.9332762,18429595.8823231,18197809.1740563,2916865.38153868,18196643.4647011,2920988.01851197
0.000914,18487691.5664333,18486902.441958,18245064.0863787,2985360.26963295,18243187.5485789,2991934.1513219
0.0009145,18545188.6667925,18544390.0687319,18291262.6893397,3058387.14300508,18289637.687841,3063259.09266434
0.000915,18602491.4149206,18602059.3403696,18336879.664924,3132336.34788633,18335992.3150232,3134963.72005152
0.0009155,18660040.2987817,18659910.8364522,18382508.2185347,3206321.18597922,18382249.8547545,3207048.9085331
0.000916,18717833.5264216,18717945.1384244,18428148.3312118,3280341.5989325,18428408.7237399,3279515.5306621
0.0009165,18775869.3175462,18776162.8295997,18473799.9840373,3354397.52852213,18474467.3307434,3352364.45646028
0.000917,18834145.9035732,18834564.4951666,18519463.158134,3428488.91665109,18520424.0765712,3425596.5533836
0.0009175,18892661.527681,18893150.7221949,18565137.8346664,3502615.70534893,18566277.3540551,3499212.68628756
0.000918,18951414.4448509,18951922.0996414,18610823.9948391,3576777.83677173,18612025.5480353,3573213.71739209
0.0009185,19010402.9219065,19010879.2183565,18656521.6198986,3650975.25320131,18657667.0353441,3647600.50624659
0.000919,19069625.2375477,19070022.6710896,18702230.6911317,3725207.89704522,18703200.1847891,3722373.90969456
0.0009195,19129079.6823797,19129353.052496,18747951.189866,3799475.7108361,18748623.3571366,3797534.78183821
0.00092,19188764.558939,19188870.9591427,18793683.0974697,3873778.63723182,18793934.9050951,3873083.97400286
0.0009205,19248678.1817142,19248576.9895143,18839426.3953514,3948116.61901452,18839133.1732989,3949022.3347011
0.000921,19308818.8771641,19308471.7440197,18885181.0649603,4022489.59909088,18884216.4982918,4025350.70959698
0.0009215,19369184.9837301,19368555.8249982,18930947.0877859,4096897.52049118,18929183.2085107,4102069.94146967
0.000922,19429938.6797599,19428829.8367255,18976631.1176544,4172527.83378393,18974031.6242694,4179180.87017738
0.0009225,19489977.2243046,19489294.3854199,19020380.300151,4252569.27533676,19018760.0577425,4256684.33262084
0.000923,19550275.3081872,19549950.0792492,19064139.6767359,4332648.4985302,19063366.812949,4334581.16270657
0.0009235,19610831.038499,19610797.5283362,19107909.2308518,4412765.44199729,19107850.1857367,4412872.19131023
0.000924,19671642.5346166,19671837.3447656,19151688.9459763,4492920.04450367,19152208.463766,4491558.2462396
0.0009245,19732707.9282606,19733070.14259,19195478.8056237,4573112.24494766,19196439.9264941,4570640.15219729
0.000925,19794025.3635474,19794496.5378365,19239278.7933427,4653341.98235982,19240542.8451592,4650118.7307437
0.0009255,19855592.9970382,19856117.1485128,19283088.892719,4733609.19590199,19284515.4827645,4729994.80025927
0.000926,19917408.9977792,19917932.594614,19326909.0873725,4813913.82486788,19328356.0940631,4810269.17590698
0.0009265,19979471.5473415,19979943.4981286,19370739.3609592,4894255.808682,19372062.9255419,4890942.66959451
0.000927,20041778.8398531,20042150.4830452,19414579.6971701,4974635.08689962,19415634.2154061,4972016.08993603
0.0009275,20104329.082027,20104554.1753589,19458430.0797314,5055051.59920631,19459068.1935643,5053490.24221436
0.000928,20167120.4931861,20167155.2030776,19502290.4924045,5135505.28541776,19502363.0816125,5135365.92834228
0.0009285,20230151.3052822,20229954.196229,19546160.9189855,5215996.08547905,19545517.0928193,5217643.94682425
0.000929,20293419.7629121,20292951.7868667,19590041.3433057,5296523.93946486,19588528.4321106,5300325.09271759
0.0009295,20356924.1233288,20356148.6090766,19633931.7492311,5377088.78757847,19631395.296054,5383410.15759353
0.00093,20420528.5117815,20419545.298984,19676752.481241,5461080.1580327,19674115.8728445,5466899.92949833
0.0009305,20483707.6601002,20483142.4947599,19718217.2161608,5547448.90204023,19716688.3422892,5550795.19291392
0.000931,20547158.4957958,20546940.8366275,19759690.5730652,5633857.53352644,19759110.8757924,5635096.72871854
0.0009315,20610879.0322426,20610940.966869,19801172.5380699,5720305.98826004,19801381.6363408,5719805.3141472
0.000932,20674867.2958226,20675143.5298324,19842663.0973208,5806794.20214794,19843498.778489,5804921.72275178
0.0009325,20739121.3259829,20739549.1719376,19884162.2369935,5893322.11123424,19885460.4483447,5890446.72436123
0.000933,20803639.1752875,20804158.5416838,19925669.9432928,5979889.65170055,19927264.7835541,5976381.08504146
0.0009335,20868418.9094646,20868972.2896559,19967186.2024535,6066496.75986476,19968909.9132878,6062725.56705492
0.000934,20933458.6074483,20933991.0685311,20008711.00074,6153143.37218132,20010393.9582261,6149480.92882031
0.0009345,20998756.3614147,20999215.5330858,20050244.3244454,6239829.42524076,20051715.030545,6236647.92487181
0.000935,21064310.2768146,21064646.3402025,20091786.1598928,6326554.85576913,20092871.2339016,6324227.30581824
0.0009355,21130118.4723998,21130284.1488766,20133336.4934343,6413319.60062775,20133860.6634207,6412219.81830221
0.000936,21196179.0802459,21196129.620223,20174895.311451,6500123.59681299,20174681.4056802,6500626.20495873
0.0009365,21262490.2457706,21262183.4174829,20216462.6003535,6586966.78145547,20215331.5386973,6589447.20437411
0.000937,21329050.1277468,21328446.2060312,20258038.346581,6673849.09182033,20255809.1319152,6678683.55104414
0.0009375,21395856.8983126,21394918.6533829,20299622.5366017,6760770.46530652,20296112.2461887,6768335.97533256
0.000938,21462456.2524902,21461601.4292002,20338816.4243745,6853435.25873352,20336238.933771,6858405.20342916
0.0009385,21528941.1521629,21528495.2052993,20377536.3152234,6946317.07130069,20376187.2383001,6948891.95730757
0.000939,21595710.4613176,21595600.6556577,20416263.0785525,7039240.88495323,20415955.1947852,7039796.95468319
0.0009395,21662762.095038,21662918.4564208,20454996.7033889,7132206.63263241,20455540.8295938,7131120.90897057
0.00094,21730093.9821763,21730449.285909,20493737.1787837,7225214.24742221,20494942.1604379,7222864.52924089
0.0009405,21797704.0654092,21798193.824625,20532484.4938105,7318263.66254905,20534157.1963615,7315028.52017921
0.000941,21865590.3012911,21866152.7552606,20571238.6375671,7411354.811381,20573183.937727,7407613.58204135
0.0009415,21933750.6602988,21934326.7627038,20609999.5991737,7504487.62742787,20612020.3762026,7500620.41061088
0.000942,22002183.126873,22002716.5340458,20648767.3677738,7597662.04434065,20650664.4947494,7594049.69715564
0.0009425,22070885.6994536,22071322.7585886,20687541.9325341,7690877.99591097,20689114.2676089,7687902.12838428
0.000943,22139856.3905101,22140146.1278516,20726323.2826442,7784135.41607108,20727367.6602898,7782178.38640263
0.0009435,22209093.2265672,22209187.3355788,20765111.4073165,7877434.23889313,20765422.6295563,7876879.14866963
0.000944,22278594.2482252,22278447.0777466,20803906.2957862,7970774.39858902,20803277.123415,7972005.08795348
0.0009445,22348357.5101773,22347926.0525702,20842707.9373118,8064155.82950981,20840929.0811028,8067556.87228712
0.000945,22418381.0812195,22417624.9605114,20881516.321174,8157578.4661457,20878376.4330752,8163535.16492404
0.0009455,22488744.8222568,22487544.5042856,20919591.8400601,8253140.06459801,20915617.1009935,8259940.62429356
0.000946,22558409.4028649,22557685.3888694,20955068.5433451,8352660.48220385,20952648.9977132,8356773.90395593
0.0009465,22628373.9189637,22628048.3215073,20990550.1918581,8452225.08334473,20989470.0272722,8454035.65255757
0.000947,22698636.1680435,22698634.0117199,21026036.7777662,8551833.79803631,21026078.0848788,8551726.51378563
0.0009475,22769193.962101,22769443.1713103,21061528.2932528,8651486.55644162,21062471.0569005,8649847.12632281
0.000948,22840045.1277031,22840476.5143723,21097024.7305181,8751183.28887141,21098646.8208521,8748398.1238018
0.0009485,22911187.5060428,22911734.7572973,21132526.0817786,8850923.92578314,21134603.2453843,8847380.13475952
0.000949,22982618.9529905,22983218.618782,21168032.3392669,8950708.39778094,21170338.1902727,8946793.78259119
0.0009495,23054337.3391393,23054928.8198358,21203543.4952327,9050536.63561497,21205849.5064063,9046639.68550426
0.00095,23126340.5498442,23126866.0837879,21239059.5419411,9150408.57018138,21241135.0357769,9146918.4564721
0.0009505,23198626.4852567,23199031.1362956,21274580.4716742,9250324.13252158,21276192.6114677,9247630.70318761
0.000951,23271193.0603534,23271424.705351,21310106.2767301,9350283.25382204,21311020.0576427,9348777.02801655
0.0009515,23344038.2049595,23344047.5212891,21345636.9494229,9450285.86541388,21345615.1895361,9450358.02795056
0.000952,23417159.8637687,23416900.3167951,21381172.4820831,9550331.89877256,21379975.8134415,9552374.29456039
0.0009525,23490555.9963561,23489983.8269122,21416712.8670573,9650421.28551724,21414099.7267016,9654826.41394834
0.000953,23564224.5771879,23563298.789049,21452258.0967079,9750553.95741068,21447984.7176981,9757714.96670126
0.0009535,23637904.0215769,23636845.9429873,21485476.9435378,9855190.86786167,21481628.5658411,9861040.52784271
0.000954,23711217.1998951,23710626.0308898,21517190.370292,9961543.03655886,21515029.0415591,9964803.6667852
0.0009545,23784844.3761952,23784639.7973077,21548906.6101129,10067941.4930986,21548183.9062895,10069004.9472824
0.000955,23858783.2390061,23858887.9891884,21580625.6585823,10174386.1647776,21581090.9124682,10173644.9273807
0.0009555,23933031.4922082,23933371.3558834,21612347.5112904,10280876.9790446,21613747.8035202,10278724.1593713
0.000956,24007586.8550974,24008090.649156,21644072.1638376,10387413.8635001,21646152.3138503,10384243.1897412
0.0009565,24082447.06244,24083046.623189,21675799.6118332,10493996.745896,21678302.1688329,10490202.5591249
0.000957,24157609.8645232,24158240.0345929,21707529.8508955,10600625.5541354,21710195.0848038,10596602.8022553
0.0009575,24233073.0271988,24233671.642413,21739262.876652,10707300.2162716,21741828.7690501,10703444.4479148
0.000958,24308834.3319221,24309342.2081382,21770998.6847395,10814020.6605084,21773200.9198017,10810728.0188855
0.0009585,24384891.5757837,24385252.4957081,21802737.2708037,10920786.8151993,21804309.2262221,10918454.0319005
0.000959,24461242.5715375,24461403.2715216,21834478.6304997,11027598.6088473,21835151.3684001,11026622.9975937
0.0009595,24537885.1476219,24537795.3044443,21866222.7594913,11134455.9701042,21865725.0173406,11135235.4204504
0.00096,24614817.1481768,24614429.3658167,21897969.6534514,11241358.8277708,21896027.8349566,11244291.7987567
0.0009605,24692036.4330556,24691306.2294625,21929719.3080624,11348307.1107959,21926057.4740607,11353792.6245498
0.000961,24769881.660117,24768426.671696,21961509.3518899,11455965.4522459,21955811.5783569,11463738.3835672
0.0009615,24846704.3111831,24845791.4713308,21988897.627672,11569230.581466,21985287.7824326,11574129.5551965
0.000962,24923858.1300067,24923401.4096873,22016286.383252,11682544.1567894,22014483.7117505,11684966.6124244
0.0009625,25001340.6746615,25001257.2706014,22043675.6178819,11795906.1027156,22043396.9826413,11796250.0217858
0.000963,25079149.5193968,25079359.8404322,22071065.3308161,11909316.343901,22072025.2022955,11907980.2433123
0.0009635,25157282.2547043,25157709.9080703,22098455.5213097,12022774.8051584,22100365.9687563,12020157.7304815
0.000964,25235736.4873808,25236308.264946,22125846.1886197,12136281.4114566,22128416.8709124,12132782.9301649
0.0009645,25314509.8405838,25315155.7050375,22153237.3320044,12249836.0879198,22156175.4884902,12245856.2825764
0.000965,25393599.95388,25394253.0248792,22180628.9507237,12363438.7598277,22183639.3920477,12359378.2212203
0.0009655,25473004.4832883,25473601.0235699,22208021.0440395,12477089.3526146,22210806.1429667,12473349.1728394
0.000966,25552721.1013164,25553200.5027811,22235413.6112145,12590787.7918691,22237673.2934467,12587769.5573623
0.0009665,25632747.4969917,25633052.2667654,22262806.6515133,12704534.003334,22264238.3864983,12702639.7878514
0.000967,25713081.3758867,25713157.1223648,22290200.1642022,12818327.9129054,22290498.9559362,12817960.2704497
0.0009675,25793720.4601385,25793515.8790189,22317594.1485488,12932169.446633,22316452.5263738,12933731.4043282
0.000968,25874662.488463,25874129.3487738,22344988.603822,13046058.5307187,22342096.6132165,13049953.5816331
0.0009685,25955905.2161646,25954998.3462899,22372383.5292925,13159995.0915175,22367428.7226558,13166627.1874319
0.000969,26037421.2637349,26036123.6888508,22397935.4001467,13277040.1775414,22392446.3516639,13283752.5996606
0.0009695,26118271.1965006,26117506.1963717,22420405.1921695,13397369.9401372,22417146.9879877,13401330.1890695
0.00097,26199467.8427354,26199146.6914077,22442872.916432,13517750.2011026,22441528.1101433,13519360.31917
0.0009705,26281008.6397168,26281045.9991629,22465338.5761298,13638180.8823877,22465587.1874112,13637843.3461799
0.000971,26362891.0418367,26363204.9474981,22487802.1744524,13758661.906103,22489321.6798305,13756779.6189696
0.0009715,26445112.5206692,26445624.3669403,22510263.7145825,13879193.1945198,22512729.0381944,13876169.4790078
0.000972,26527670.5650316,26528305.0906907,22532723.1996965,13999774.6700689,22535806.7040453,13996013.2603065
0.0009725,26610562.6810389,26611247.9546335,22555180.6329638,14120406.2553411,22558552.1096698,14116311.2893665
0.000973,26693786.3921517,26694453.7973448,22577636.0175478,14241087.8730858,22580962.678095,14237063.8851225
0.0009735,26777339.2392172,26777923.4601011,22600089.3566052,14361819.4462116,22603035.8230833,14358271.3588875
0.000974,26861218.780504,26861657.7868882,22622540.6532861,14482600.8977849,22624768.9491289,14479934.014298
0.0009745,26945422.5917316,26945657.6244097,22644989.9107341,14603432.1510305,22646159.4514537,14602052.1472581
0.000975,27029948.2660932,27029923.8220961,22667437.1320868,14724313.1293303,22667204.7160032,14724626.0458838
0.0009755,27114793.4142726,27114457.2321133,22689882.3204747,14845243.7562235,22687902.1194433,14847655.9904472
0.000976,27199955.6644569,27199258.7093718,22712325.4790226,14966223.9554058,22708249.0291567,14971142.25332
0.0009765,27285432.6623418,27284329.1115356,22734766.6108482,15087253.6507294,22728242.8032397,15095085.0989178
0.000977,27370805.7979931,27369669.2990305,22753034.4900767,15213823.6983619,22747880.7904989,15219484.7836431
0.0009775,27455895.1443382,27455280.1350537,22769954.2812439,15341295.9102859,22767160.3304485,15344341.5558286
0.000978,27541347.4860551,27541162.4855826,22786869.2397353,15468820.627276,22786078.7533075,15469655.6556808
0.0009785,27627160.1337269,27627317.2193838,22803779.372959,15596397.7688438,22804633.3799972,15595427.3152222
0.000979,27713330.4160411,27713745.2080218,22820684.6883085,15724027.2546658,22822821.5221389,15721656.7582346
0.0009795,27799855.6798559,27800447.3258685,22837585.1931608,15851709.0045817,22840640.4820516,15848344.2002013
0.00098,27886733.2902633,27887424.4501121,22854480.8948799,15979442.9385961,22858087.5527499,15975489.8482498
0.0009805,27973960.6306394,27974677.4607662,22871371.8008135,16107228.976876,22875160.0179425,16103093.9010932
0.000981,28061535.1026914,28062207.2406791,22888257.9182945,16235067.0397511,22891855.1520305,16231156.5489732
0.0009815,28149454.1264982,28150014.6755425,22905139.2546411,16362957.0477137,22908170.2201056,16359677.9736009
0.000982,28237715.140542,28238100.6539015,22922015.8171564,16490898.9214179,22924102.4779496,16488658.3480992
0.0009825,28326315.6017361,28326466.0671632,22938887.6131288,16618892.5816795,22939649.1720324,16618097.8369433
0.000983,28415252.9854449,28415111.8096059,22955754.6498317,16746937.9494751,22954807.5395121,16747996.5959025
0.0009835,28504524.7854992,28504038.778389,22972616.9345237,16875034.9459422,22969574.8082336,16878354.7719813
0.000984,28594128.5142041,28593247.8735619,22989474.4744486,17003183.4923786,22983948.1967286,17009172.5033597
0.0009845,28684319.0170223,28682739.9980733,23005483.1365816,17132947.8818668,22997924.9142151,17140449.9193341
0.000985,28773488.2304985,28772516.0577809,23016193.6188934,17267555.0165113,23011502.1605973,17272187.1402577
0.0009855,28863040.3339177,28862576.9614604,23026896.2671573,17402216.686932,23024677.126466,17404384.2774807
0.000986,28952972.4859103,28952923.6208152,23037591.093291,17536932.8101637,23037446.9930985,17537041.4332902
0.0009865,29043281.8641805,29043556.9504863,23048278.1091885,17671703.3034096,23049808.9324596,17670158.7008505
0.000987,29133965.6655797,29134477.8680607,23058957.3267194,17806528.0840402,23061760.1072021,17803736.1641422
0.0009875,29225021.106174,29225687.2940822,23069628.7577292,17941407.0695938,23073297.6706674,17937773.8979019
0.000988,29316445.4213029,29317186.1520598,23080292.4140396,18076340.1777754,23084418.7668873,18072271.9675614
0.0009885,29408235.8656312,29408975.3684784,23090948.3074483,18211327.3264568,23095120.530585,18207230.4291872
0.000989,29500389.7131936,29501055.8728076,23101596.4497292,18346368.4336754,23105400.0871765,18342649.3294186
0.0009895,29592904.2574322,29593428.5975118,23112236.8526324,18481463.4176347,23115254.5527727,18478528.7054069
0.00099,29685776.8112271,29686094.4780597,23122869.5278841,18616612.1967031,23124681.0341812,18614868.5847542
0.0009905,29779004.7069214,29779054.4529342,23133494.4871871,18751814.6894142,23133676.6289083,18751668.9854509
0.000991,29872585.2963386,29872309.4636419,23144111.7422204,18887070.8144657,23142238.4251619,18888929.9158144
0.0009915,29966515.9507947,29965860.4547232,23154721.3046395,19022380.4907195,23150363.5018537,19026651.374427
0.000992,30060794.0611036,30059708.3737619,23165323.1860765,19157743.6372009,23158048.928602,19164833.3500735
0.0009925,30155254.7470822,30153854.1713951,23172399.0172543,19297132.2389254,23165291.765735,19303475.8216787
0.000993,30249103.8648733,30248298.8013232,23176192.7254388,19438939.6671015,23172089.0642941,19442578.7582448
0.0009935,30343353.8743659,30343043.2203197,23179975.3740067,19580803.5076562,23178437.8660371,19582142.1187888
0.000994,30438001.7937266,30438088.388241,23183746.9796483,19722723.6754601,23184335.203442,19722165.8522793
0.0009945,30533044.6612947,30533435.2680368,23187507.559019,19864700.0855551,23189778.0997111,19862649.8975729
0.000995,30628479.5356575,30629084.8257599,23191257.1287419,20006732.6531536,23194763.5687751,20003594.1833516
0.0009955,30724303.4957148,30725038.030576,23194995.7054059,20148821.2936389,23199288.6152971,20144998.6280587
0.000996,30820513.6407374,30821295.8547741,23198723.3055667,20290965.9225636,23203350.2346779,20286863.1398348
0.0009965,30917107.0904169,30917859.2737767,23202439.9457469,20433166.4556503,23206945.4130602,20429187.6164547
0.000997,31014080.9849083,31014729.2661496,23206145.6424362,20575422.8087903,23210071.1273341,20571971.9452621
0.0009975,31111432.4848653,31111906.8136122,23209840.4120906,20717734.8980437,23212724.3451421,20715216.003106
0.000998,31209158.7714693,31209392.9010479,23213524.2711337,20860102.6396388,23214902.0248846,20858919.6562763
0.0009985,31307257.0464505,31307188.5165142,23217197.2359561,21002525.9499717,23216601.1157263,21003082.7604382
0.000999,31405724.5321027,31405294.6512528,23220859.3229155,21145004.7456057,23217818.557601,21147705.1605683
0.0009995,31504558.4712925,31503712.2997004,23224510.5483364,21287538.9432714,23218551.2812191,21292786.6908888
0.001,31603756.1274616,31602442.4594985,23228150.9285117,21430128.4598657,23218796.2080733,21438327.1748025
